[     140ms] [INFO] %cDownload the React DevTools for a better development experience: https://react.dev/link/react-devtools font-weight:bold @ http://localhost:3000/_next/static/chunks/node_modules_next_dist_1ybzpk2._.js:2477
[     159ms] [LOG] [HMR] connected @ http://localhost:3000/_next/static/chunks/node_modules_next_dist_1ybzpk2._.js:2477
[   33097ms] [WARNING] Image with src "/assets/images/logo.png" has either width or height modified, but not the other. If you use CSS to change the size of your image, also include the styles 'width: "auto"' or 'height: "auto"' to maintain the aspect ratio. @ http://localhost:3000/_next/static/chunks/node_modules_next_dist_1ybzpk2._.js:2477
[  196150ms] [LOG] [Fast Refresh] rebuilding @ http://localhost:3000/_next/static/chunks/node_modules_next_dist_1ybzpk2._.js:2477
[  196300ms] [LOG] [Fast Refresh] done in 80ms @ http://localhost:3000/_next/static/chunks/node_modules_next_dist_1ybzpk2._.js:2477
[  869629ms] [LOG] [Fast Refresh] rebuilding @ http://localhost:3000/_next/static/chunks/node_modules_next_dist_1ybzpk2._.js:2477
[  869630ms] [LOG] [Fast Refresh] done in 104ms @ http://localhost:3000/_next/static/chunks/node_modules_next_dist_1ybzpk2._.js:2477
[  902514ms] [LOG] [Fast Refresh] rebuilding @ http://localhost:3000/_next/static/chunks/node_modules_next_dist_1ybzpk2._.js:2477
[  902569ms] [LOG] [Fast Refresh] done in 170ms @ http://localhost:3000/_next/static/chunks/node_modules_next_dist_1ybzpk2._.js:2477
[  927287ms] [LOG] [Fast Refresh] rebuilding @ http://localhost:3000/_next/static/chunks/node_modules_next_dist_1ybzpk2._.js:2477
[  927316ms] [LOG] [Fast Refresh] done in 134ms @ http://localhost:3000/_next/static/chunks/node_modules_next_dist_1ybzpk2._.js:2477
[ 1427307ms] [LOG] [Fast Refresh] rebuilding @ http://localhost:3000/_next/static/chunks/node_modules_next_dist_1ybzpk2._.js:2477
[ 1427399ms] [LOG] [Fast Refresh] done in 197ms @ http://localhost:3000/_next/static/chunks/node_modules_next_dist_1ybzpk2._.js:2477
[ 1492696ms] [LOG] [Fast Refresh] rebuilding @ http://localhost:3000/_next/static/chunks/node_modules_next_dist_1ybzpk2._.js:2477
[ 1492822ms] [LOG] [Fast Refresh] done in 242ms @ http://localhost:3000/_next/static/chunks/node_modules_next_dist_1ybzpk2._.js:2477
[ 1519646ms] [LOG] [Fast Refresh] rebuilding @ http://localhost:3000/_next/static/chunks/node_modules_next_dist_1ybzpk2._.js:2477
[ 1519851ms] [LOG] [Fast Refresh] done in 305ms @ http://localhost:3000/_next/static/chunks/node_modules_next_dist_1ybzpk2._.js:2477
[ 1541398ms] [LOG] [Fast Refresh] rebuilding @ http://localhost:3000/_next/static/chunks/node_modules_next_dist_1ybzpk2._.js:2477
[ 1541938ms] [ERROR] ./components/checkout/CheckoutPageClient.tsx:27:1
Module not found: Can't resolve '@/lib/checkout/vodafone-cash'
  25 | import { getPaymentMethod } from "@/lib/checkout/payment-methods";
  26 | import { createPrototypeOrder } from "@/lib/checkout/prototype-order";
> 27 | import { validateVodafoneCashDetails } from "@/lib/checkout/vodafone-cash";
     | ^^^^^^^^^^^^^^^^^^^^^^^^^^^^^^^^^^^^^^^^^^^^^^^^^^^^^^^^^^^^^^^^^^^^^^^^^^^
  28 | import type { CheckoutAction } from "@/lib/checkout/checkout-reducer";
  29 | import type {
  30 |   DeliveryInformation,

Import map: aliased to relative './lib/checkout/vodafone-cash' inside of [project]/

Import trace:
  Server Component:
    ./components/checkout/CheckoutPageClient.tsx
    ./app/checkout/page.tsx

https://nextjs.org/docs/messages/module-not-found @ http://localhost:3000/_next/static/chunks/node_modules_next_dist_1ybzpk2._.js:3318
[ 1541938ms] [ERROR] ./components/checkout/payment-flows/VodafoneCashFlow.tsx:10:1
Module not found: Can't resolve '@/lib/checkout/vodafone-cash'
   8 |   PiTrash,
   9 | } from "react-icons/pi";
> 10 | import {
     | ^^^^^^^
> 11 |   inspectVodafoneReceiptFile,
     | ^^^^^^^^^^^^^^^^^^^^^^^^^^^^^
> 12 |   VODAFONE_CASH_CONFIG,
     | ^^^^^^^^^^^^^^^^^^^^^^^
> 13 | } from "@/lib/checkout/vodafone-cash";
     | ^^^^^^^^^^^^^^^^^^^^^^^^^^^^^^^^^^^^^^
  14 | import type {
  15 |   VodafoneCashDetails,
  16 |   VodafoneCashDetailsErrors,

Import map: aliased to relative './lib/checkout/vodafone-cash' inside of [project]/

Import traces:
  Client Component Browser:
    ./components/checkout/payment-flows/VodafoneCashFlow.tsx [Client Component Browser]
    ./components/checkout/CheckoutPageClient.tsx [Client Component Browser]
    ./components/checkout/CheckoutPageClient.tsx [Server Component]
    ./app/checkout/page.tsx [Server Component]

  Client Component SSR:
    ./components/checkout/payment-flows/VodafoneCashFlow.tsx [Client Component SSR]
    ./components/checkout/CheckoutPageClient.tsx [Client Component SSR]
    ./components/checkout/CheckoutPageClient.tsx [Server Component]
    ./app/checkout/page.tsx [Server Component]

https://nextjs.org/docs/messages/module-not-found @ http://localhost:3000/_next/static/chunks/node_modules_next_dist_1ybzpk2._.js:3318
[ 1541939ms] [ERROR] ./lib/checkout/checkout-reducer.ts:5:1
Module not found: Can't resolve '@/lib/checkout/vodafone-cash'
   3 |   getPaymentMethod,
   4 | } from "@/lib/checkout/payment-methods";
>  5 | import {
     | ^^^^^^^
>  6 |   EMPTY_VODAFONE_CASH_DETAILS,
     | ^^^^^^^^^^^^^^^^^^^^^^^^^^^^^^
>  7 |   validateVodafoneCashDetails,
     | ^^^^^^^^^^^^^^^^^^^^^^^^^^^^^^
>  8 | } from "@/lib/checkout/vodafone-cash";
     | ^^^^^^^^^^^^^^^^^^^^^^^^^^^^^^^^^^^^^^
   9 | import type {
  10 |   CheckoutStep,
  11 |   DeliveryInformation,

Import map: aliased to relative './lib/checkout/vodafone-cash' inside of [project]/

Import traces:
  Client Component Browser:
    ./lib/checkout/checkout-reducer.ts [Client Component Browser]
    ./components/checkout/CheckoutPageClient.tsx [Client Component Browser]
    ./components/checkout/CheckoutPageClient.tsx [Server Component]
    ./app/checkout/page.tsx [Server Component]

  Client Component SSR:
    ./lib/checkout/checkout-reducer.ts [Client Component SSR]
    ./components/checkout/CheckoutPageClient.tsx [Client Component SSR]
    ./components/checkout/CheckoutPageClient.tsx [Server Component]
    ./app/checkout/page.tsx [Server Component]

https://nextjs.org/docs/messages/module-not-found @ http://localhost:3000/_next/static/chunks/node_modules_next_dist_1ybzpk2._.js:3318
[ 1541943ms] [ERROR] ./lib/checkout/checkout-storage.ts:2:1
Module not found: Can't resolve '@/lib/checkout/vodafone-cash'
  1 | import type { CartItem, CartTotals } from "@/types/cart";
> 2 | import { VODAFONE_RECEIPT_MAX_SIZE_BYTES } from "@/lib/checkout/vodafone-cash";
    | ^^^^^^^^^^^^^^^^^^^^^^^^^^^^^^^^^^^^^^^^^^^^^^^^^^^^^^^^^^^^^^^^^^^^^^^^^^^^^^^
  3 | import type {
  4 |   DeliveryInformation,
  5 |   PaymentMethodId,

Import map: aliased to relative './lib/checkout/vodafone-cash' inside of [project]/

Import traces:
  Client Component Browser:
    ./lib/checkout/checkout-storage.ts [Client Component Browser]
    ./components/checkout/CheckoutPageClient.tsx [Client Component Browser]
    ./components/checkout/CheckoutPageClient.tsx [Server Component]
    ./app/checkout/page.tsx [Server Component]

  Client Component SSR:
    ./lib/checkout/checkout-storage.ts [Client Component SSR]
    ./components/checkout/CheckoutPageClient.tsx [Client Component SSR]
    ./components/checkout/CheckoutPageClient.tsx [Server Component]
    ./app/checkout/page.tsx [Server Component]

https://nextjs.org/docs/messages/module-not-found @ http://localhost:3000/_next/static/chunks/node_modules_next_dist_1ybzpk2._.js:3318
[ 1542161ms] [LOG] [Fast Refresh] rebuilding @ http://localhost:3000/_next/static/chunks/node_modules_next_dist_1ybzpk2._.js:2477
[ 1542408ms] [ERROR] ./components/checkout/CheckoutPageClient.tsx:27:1
Module not found: Can't resolve '@/lib/checkout/vodafone-cash'
  25 | import { getPaymentMethod } from "@/lib/checkout/payment-methods";
  26 | import { createPrototypeOrder } from "@/lib/checkout/prototype-order";
> 27 | import { validateVodafoneCashDetails } from "@/lib/checkout/vodafone-cash";
     | ^^^^^^^^^^^^^^^^^^^^^^^^^^^^^^^^^^^^^^^^^^^^^^^^^^^^^^^^^^^^^^^^^^^^^^^^^^^
  28 | import type { CheckoutAction } from "@/lib/checkout/checkout-reducer";
  29 | import type {
  30 |   DeliveryInformation,

Import map: aliased to relative './lib/checkout/vodafone-cash' inside of [project]/

Import trace:
  Server Component:
    ./components/checkout/CheckoutPageClient.tsx
    ./app/checkout/page.tsx

https://nextjs.org/docs/messages/module-not-found @ http://localhost:3000/_next/static/chunks/node_modules_next_dist_1ybzpk2._.js:3318
[ 1542409ms] [ERROR] ./components/checkout/payment-flows/VodafoneCashFlow.tsx:10:1
Module not found: Can't resolve '@/lib/checkout/vodafone-cash'
   8 |   PiTrash,
   9 | } from "react-icons/pi";
> 10 | import {
     | ^^^^^^^
> 11 |   inspectVodafoneReceiptFile,
     | ^^^^^^^^^^^^^^^^^^^^^^^^^^^^^
> 12 |   VODAFONE_CASH_CONFIG,
     | ^^^^^^^^^^^^^^^^^^^^^^^
> 13 | } from "@/lib/checkout/vodafone-cash";
     | ^^^^^^^^^^^^^^^^^^^^^^^^^^^^^^^^^^^^^^
  14 | import type {
  15 |   VodafoneCashDetails,
  16 |   VodafoneCashDetailsErrors,

Import map: aliased to relative './lib/checkout/vodafone-cash' inside of [project]/

Import traces:
  Client Component Browser:
    ./components/checkout/payment-flows/VodafoneCashFlow.tsx [Client Component Browser]
    ./components/checkout/CheckoutPageClient.tsx [Client Component Browser]
    ./components/checkout/CheckoutPageClient.tsx [Server Component]
    ./app/checkout/page.tsx [Server Component]

  Client Component SSR:
    ./components/checkout/payment-flows/VodafoneCashFlow.tsx [Client Component SSR]
    ./components/checkout/CheckoutPageClient.tsx [Client Component SSR]
    ./components/checkout/CheckoutPageClient.tsx [Server Component]
    ./app/checkout/page.tsx [Server Component]

https://nextjs.org/docs/messages/module-not-found @ http://localhost:3000/_next/static/chunks/node_modules_next_dist_1ybzpk2._.js:3318
[ 1542409ms] [ERROR] ./lib/checkout/checkout-reducer.ts:5:1
Module not found: Can't resolve '@/lib/checkout/vodafone-cash'
   3 |   getPaymentMethod,
   4 | } from "@/lib/checkout/payment-methods";
>  5 | import {
     | ^^^^^^^
>  6 |   EMPTY_VODAFONE_CASH_DETAILS,
     | ^^^^^^^^^^^^^^^^^^^^^^^^^^^^^^
>  7 |   validateVodafoneCashDetails,
     | ^^^^^^^^^^^^^^^^^^^^^^^^^^^^^^
>  8 | } from "@/lib/checkout/vodafone-cash";
     | ^^^^^^^^^^^^^^^^^^^^^^^^^^^^^^^^^^^^^^
   9 | import type {
  10 |   CheckoutStep,
  11 |   DeliveryInformation,

Import map: aliased to relative './lib/checkout/vodafone-cash' inside of [project]/

Import traces:
  Client Component Browser:
    ./lib/checkout/checkout-reducer.ts [Client Component Browser]
    ./components/checkout/CheckoutPageClient.tsx [Client Component Browser]
    ./components/checkout/CheckoutPageClient.tsx [Server Component]
    ./app/checkout/page.tsx [Server Component]

  Client Component SSR:
    ./lib/checkout/checkout-reducer.ts [Client Component SSR]
    ./components/checkout/CheckoutPageClient.tsx [Client Component SSR]
    ./components/checkout/CheckoutPageClient.tsx [Server Component]
    ./app/checkout/page.tsx [Server Component]

https://nextjs.org/docs/messages/module-not-found @ http://localhost:3000/_next/static/chunks/node_modules_next_dist_1ybzpk2._.js:3318
[ 1542409ms] [ERROR] ./lib/checkout/checkout-storage.ts:2:1
Module not found: Can't resolve '@/lib/checkout/vodafone-cash'
  1 | import type { CartItem, CartTotals } from "@/types/cart";
> 2 | import { VODAFONE_RECEIPT_MAX_SIZE_BYTES } from "@/lib/checkout/vodafone-cash";
    | ^^^^^^^^^^^^^^^^^^^^^^^^^^^^^^^^^^^^^^^^^^^^^^^^^^^^^^^^^^^^^^^^^^^^^^^^^^^^^^^
  3 | import type {
  4 |   DeliveryInformation,
  5 |   PaymentMethodId,

Import map: aliased to relative './lib/checkout/vodafone-cash' inside of [project]/

Import traces:
  Client Component Browser:
    ./lib/checkout/checkout-storage.ts [Client Component Browser]
    ./components/checkout/CheckoutPageClient.tsx [Client Component Browser]
    ./components/checkout/CheckoutPageClient.tsx [Server Component]
    ./app/checkout/page.tsx [Server Component]

  Client Component SSR:
    ./lib/checkout/checkout-storage.ts [Client Component SSR]
    ./components/checkout/CheckoutPageClient.tsx [Client Component SSR]
    ./components/checkout/CheckoutPageClient.tsx [Server Component]
    ./app/checkout/page.tsx [Server Component]

https://nextjs.org/docs/messages/module-not-found @ http://localhost:3000/_next/static/chunks/node_modules_next_dist_1ybzpk2._.js:3318
[ 1542412ms] [ERROR] ./components/checkout/CheckoutPageClient.tsx:27:1
Module not found: Can't resolve '@/lib/checkout/vodafone-cash'
  25 | import { getPaymentMethod } from "@/lib/checkout/payment-methods";
  26 | import { createPrototypeOrder } from "@/lib/checkout/prototype-order";
> 27 | import { validateVodafoneCashDetails } from "@/lib/checkout/vodafone-cash";
     | ^^^^^^^^^^^^^^^^^^^^^^^^^^^^^^^^^^^^^^^^^^^^^^^^^^^^^^^^^^^^^^^^^^^^^^^^^^^
  28 | import type { CheckoutAction } from "@/lib/checkout/checkout-reducer";
  29 | import type {
  30 |   DeliveryInformation,

Import map: aliased to relative './lib/checkout/vodafone-cash' inside of [project]/

Import trace:
  Server Component:
    ./components/checkout/CheckoutPageClient.tsx
    ./app/checkout/page.tsx

https://nextjs.org/docs/messages/module-not-found @ http://localhost:3000/_next/static/chunks/node_modules_next_dist_1ybzpk2._.js:3318
[ 1542412ms] [ERROR] ./components/checkout/payment-flows/VodafoneCashFlow.tsx:10:1
Module not found: Can't resolve '@/lib/checkout/vodafone-cash'
   8 |   PiTrash,
   9 | } from "react-icons/pi";
> 10 | import {
     | ^^^^^^^
> 11 |   inspectVodafoneReceiptFile,
     | ^^^^^^^^^^^^^^^^^^^^^^^^^^^^^
> 12 |   VODAFONE_CASH_CONFIG,
     | ^^^^^^^^^^^^^^^^^^^^^^^
> 13 | } from "@/lib/checkout/vodafone-cash";
     | ^^^^^^^^^^^^^^^^^^^^^^^^^^^^^^^^^^^^^^
  14 | import type {
  15 |   VodafoneCashDetails,
  16 |   VodafoneCashDetailsErrors,

Import map: aliased to relative './lib/checkout/vodafone-cash' inside of [project]/

Import traces:
  Client Component Browser:
    ./components/checkout/payment-flows/VodafoneCashFlow.tsx [Client Component Browser]
    ./components/checkout/CheckoutPageClient.tsx [Client Component Browser]
    ./components/checkout/CheckoutPageClient.tsx [Server Component]
    ./app/checkout/page.tsx [Server Component]

  Client Component SSR:
    ./components/checkout/payment-flows/VodafoneCashFlow.tsx [Client Component SSR]
    ./components/checkout/CheckoutPageClient.tsx [Client Component SSR]
    ./components/checkout/CheckoutPageClient.tsx [Server Component]
    ./app/checkout/page.tsx [Server Component]

https://nextjs.org/docs/messages/module-not-found @ http://localhost:3000/_next/static/chunks/node_modules_next_dist_1ybzpk2._.js:3318
[ 1542412ms] [ERROR] ./lib/checkout/checkout-reducer.ts:5:1
Module not found: Can't resolve '@/lib/checkout/vodafone-cash'
   3 |   getPaymentMethod,
   4 | } from "@/lib/checkout/payment-methods";
>  5 | import {
     | ^^^^^^^
>  6 |   EMPTY_VODAFONE_CASH_DETAILS,
     | ^^^^^^^^^^^^^^^^^^^^^^^^^^^^^^
>  7 |   validateVodafoneCashDetails,
     | ^^^^^^^^^^^^^^^^^^^^^^^^^^^^^^
>  8 | } from "@/lib/checkout/vodafone-cash";
     | ^^^^^^^^^^^^^^^^^^^^^^^^^^^^^^^^^^^^^^
   9 | import type {
  10 |   CheckoutStep,
  11 |   DeliveryInformation,

Import map: aliased to relative './lib/checkout/vodafone-cash' inside of [project]/

Import traces:
  Client Component Browser:
    ./lib/checkout/checkout-reducer.ts [Client Component Browser]
    ./components/checkout/CheckoutPageClient.tsx [Client Component Browser]
    ./components/checkout/CheckoutPageClient.tsx [Server Component]
    ./app/checkout/page.tsx [Server Component]

  Client Component SSR:
    ./lib/checkout/checkout-reducer.ts [Client Component SSR]
    ./components/checkout/CheckoutPageClient.tsx [Client Component SSR]
    ./components/checkout/CheckoutPageClient.tsx [Server Component]
    ./app/checkout/page.tsx [Server Component]

https://nextjs.org/docs/messages/module-not-found @ http://localhost:3000/_next/static/chunks/node_modules_next_dist_1ybzpk2._.js:3318
[ 1542412ms] [ERROR] ./lib/checkout/checkout-storage.ts:2:1
Module not found: Can't resolve '@/lib/checkout/vodafone-cash'
  1 | import type { CartItem, CartTotals } from "@/types/cart";
> 2 | import { VODAFONE_RECEIPT_MAX_SIZE_BYTES } from "@/lib/checkout/vodafone-cash";
    | ^^^^^^^^^^^^^^^^^^^^^^^^^^^^^^^^^^^^^^^^^^^^^^^^^^^^^^^^^^^^^^^^^^^^^^^^^^^^^^^
  3 | import type {
  4 |   DeliveryInformation,
  5 |   PaymentMethodId,

Import map: aliased to relative './lib/checkout/vodafone-cash' inside of [project]/

Import traces:
  Client Component Browser:
    ./lib/checkout/checkout-storage.ts [Client Component Browser]
    ./components/checkout/CheckoutPageClient.tsx [Client Component Browser]
    ./components/checkout/CheckoutPageClient.tsx [Server Component]
    ./app/checkout/page.tsx [Server Component]

  Client Component SSR:
    ./lib/checkout/checkout-storage.ts [Client Component SSR]
    ./components/checkout/CheckoutPageClient.tsx [Client Component SSR]
    ./components/checkout/CheckoutPageClient.tsx [Server Component]
    ./app/checkout/page.tsx [Server Component]

https://nextjs.org/docs/messages/module-not-found @ http://localhost:3000/_next/static/chunks/node_modules_next_dist_1ybzpk2._.js:3318
[ 1542413ms] [ERROR] Failed to load resource: the server responded with a status of 500 (Internal Server Error) @ http://localhost:3000/checkout?_rsc=ssqq8DC8v3bzy7yt:0
[ 1542451ms] [LOG] [Fast Refresh] rebuilding @ http://localhost:3000/_next/static/chunks/node_modules_next_dist_1ybzpk2._.js:2477
[ 1542559ms] [LOG] [Fast Refresh] done in 108ms @ http://localhost:3000/_next/static/chunks/node_modules_next_dist_1ybzpk2._.js:2477
[ 1542662ms] [LOG] [Fast Refresh] rebuilding @ http://localhost:3000/_next/static/chunks/node_modules_next_dist_1ybzpk2._.js:2477
[ 1542735ms] [LOG] [Fast Refresh] done in 175ms @ http://localhost:3000/_next/static/chunks/node_modules_next_dist_1ybzpk2._.js:2477
[ 1543278ms] [INFO] %cDownload the React DevTools for a better development experience: https://react.dev/link/react-devtools font-weight:bold @ http://localhost:3000/_next/static/chunks/node_modules_next_dist_1ybzpk2._.js:2477
[ 1543305ms] [LOG] [HMR] connected @ http://localhost:3000/_next/static/chunks/node_modules_next_dist_1ybzpk2._.js:2477
[ 1716086ms] [LOG] [Fast Refresh] rebuilding @ http://localhost:3000/_next/static/chunks/node_modules_next_dist_1ybzpk2._.js:2477
[ 1716286ms] [LOG] [Fast Refresh] done in 83ms @ http://localhost:3000/_next/static/chunks/node_modules_next_dist_1ybzpk2._.js:2477
[ 1716337ms] Error: Element type is invalid: expected a string (for built-in components) or a class/function (for composite components) but got: undefined. You likely forgot to export your component from the file it's defined in, or you might have mixed up default and named imports.

Check the render method of `PaymentMethodSelector`.
    at createFiberFromTypeAndProps (http://localhost:3000/_next/static/chunks/node_modules_next_dist_compiled_react-dom_096_9a-._.js:3167:32)
    at createFiberFromElement (http://localhost:3000/_next/static/chunks/node_modules_next_dist_compiled_react-dom_096_9a-._.js:3178:16)
    at reconcileChildFibersImpl (http://localhost:3000/_next/static/chunks/node_modules_next_dist_compiled_react-dom_096_9a-._.js:4206:421)
    at http://localhost:3000/_next/static/chunks/node_modules_next_dist_compiled_react-dom_096_9a-._.js:4261:39
    at reconcileChildren (http://localhost:3000/_next/static/chunks/node_modules_next_dist_compiled_react-dom_096_9a-._.js:5898:119)
    at beginWork (http://localhost:3000/_next/static/chunks/node_modules_next_dist_compiled_react-dom_096_9a-._.js:6758:1573)
    at runWithFiberInDEV (http://localhost:3000/_next/static/chunks/node_modules_next_dist_compiled_react-dom_096_9a-._.js:965:74)
    at performUnitOfWork (http://localhost:3000/_next/static/chunks/node_modules_next_dist_compiled_react-dom_096_9a-._.js:9555:97)
    at workLoopSync (http://localhost:3000/_next/static/chunks/node_modules_next_dist_compiled_react-dom_096_9a-._.js:9449:40)
    at renderRootSync (http://localhost:3000/_next/static/chunks/node_modules_next_dist_compiled_react-dom_096_9a-._.js:9433:13)
    at performWorkOnRoot (http://localhost:3000/_next/static/chunks/node_modules_next_dist_compiled_react-dom_096_9a-._.js:9061:186)
    at performSyncWorkOnRoot (http://localhost:3000/_next/static/chunks/node_modules_next_dist_compiled_react-dom_096_9a-._.js:10263:9)
    at flushSyncWorkAcrossRoots_impl (http://localhost:3000/_next/static/chunks/node_modules_next_dist_compiled_react-dom_096_9a-._.js:10179:316)
    at processRootScheduleInMicrotask (http://localhost:3000/_next/static/chunks/node_modules_next_dist_compiled_react-dom_096_9a-._.js:10200:106)
    at http://localhost:3000/_next/static/chunks/node_modules_next_dist_compiled_react-dom_096_9a-._.js:10274:158
[ 1717149ms] [LOG] [Fast Refresh] rebuilding @ http://localhost:3000/_next/static/chunks/node_modules_next_dist_1ybzpk2._.js:2477
[ 1717199ms] [WARNING] [Fast Refresh] performing full reload because your application had an unrecoverable error @ http://localhost:3000/_next/static/chunks/node_modules_next_dist_1ybzpk2._.js:2477
[ 1717548ms] [LOG] [Fast Refresh] done in 156ms @ http://localhost:3000/_next/static/chunks/node_modules_next_dist_1ybzpk2._.js:2477
[ 1717668ms] [INFO] %cDownload the React DevTools for a better development experience: https://react.dev/link/react-devtools font-weight:bold @ http://localhost:3000/_next/static/chunks/node_modules_next_dist_1ybzpk2._.js:2477
[ 1717708ms] [LOG] [HMR] connected @ http://localhost:3000/_next/static/chunks/node_modules_next_dist_1ybzpk2._.js:2477
[ 1717846ms] Error: Element type is invalid: expected a string (for built-in components) or a class/function (for composite components) but got: undefined. You likely forgot to export your component from the file it's defined in, or you might have mixed up default and named imports.

Check the render method of `PaymentMethodSelector`.
    at createFiberFromTypeAndProps (http://localhost:3000/_next/static/chunks/node_modules_next_dist_compiled_react-dom_096_9a-._.js:3167:32)
    at createFiberFromElement (http://localhost:3000/_next/static/chunks/node_modules_next_dist_compiled_react-dom_096_9a-._.js:3178:16)
    at reconcileChildFibersImpl (http://localhost:3000/_next/static/chunks/node_modules_next_dist_compiled_react-dom_096_9a-._.js:4206:421)
    at http://localhost:3000/_next/static/chunks/node_modules_next_dist_compiled_react-dom_096_9a-._.js:4261:39
    at reconcileChildren (http://localhost:3000/_next/static/chunks/node_modules_next_dist_compiled_react-dom_096_9a-._.js:5898:51)
    at beginWork (http://localhost:3000/_next/static/chunks/node_modules_next_dist_compiled_react-dom_096_9a-._.js:6758:1573)
    at runWithFiberInDEV (http://localhost:3000/_next/static/chunks/node_modules_next_dist_compiled_react-dom_096_9a-._.js:965:74)
    at performUnitOfWork (http://localhost:3000/_next/static/chunks/node_modules_next_dist_compiled_react-dom_096_9a-._.js:9555:97)
    at workLoopSync (http://localhost:3000/_next/static/chunks/node_modules_next_dist_compiled_react-dom_096_9a-._.js:9449:40)
    at renderRootSync (http://localhost:3000/_next/static/chunks/node_modules_next_dist_compiled_react-dom_096_9a-._.js:9433:13)
    at performWorkOnRoot (http://localhost:3000/_next/static/chunks/node_modules_next_dist_compiled_react-dom_096_9a-._.js:9098:47)
    at performWorkOnRootViaSchedulerTask (http://localhost:3000/_next/static/chunks/node_modules_next_dist_compiled_react-dom_096_9a-._.js:10255:9)
    at MessagePort.performWorkUntilDeadline (http://localhost:3000/_next/static/chunks/node_modules_next_dist_compiled_1amofcm._.js:2647:64)
[ 1718447ms] [LOG] [Fast Refresh] rebuilding @ http://localhost:3000/_next/static/chunks/node_modules_next_dist_1ybzpk2._.js:2477
[ 1718477ms] [LOG] [Fast Refresh] done in 137ms @ http://localhost:3000/_next/static/chunks/node_modules_next_dist_1ybzpk2._.js:2477
[ 1723539ms] [LOG] [Fast Refresh] rebuilding @ http://localhost:3000/_next/static/chunks/node_modules_next_dist_1ybzpk2._.js:2477
[ 1723586ms] [WARNING] [Fast Refresh] performing full reload because your application had an unrecoverable error @ http://localhost:3000/_next/static/chunks/node_modules_next_dist_1ybzpk2._.js:2477
[ 1723618ms] [LOG] [Fast Refresh] done in 164ms @ http://localhost:3000/_next/static/chunks/node_modules_next_dist_1ybzpk2._.js:2477
[ 1723724ms] [LOG] [Fast Refresh] rebuilding @ http://localhost:3000/_next/static/chunks/node_modules_next_dist_1ybzpk2._.js:2477
[ 1723990ms] [LOG] [Fast Refresh] done in 370ms @ http://localhost:3000/_next/static/chunks/node_modules_next_dist_1ybzpk2._.js:2477
[ 1724052ms] [INFO] %cDownload the React DevTools for a better development experience: https://react.dev/link/react-devtools font-weight:bold @ http://localhost:3000/_next/static/chunks/node_modules_next_dist_1ybzpk2._.js:2477
[ 1724077ms] [LOG] [HMR] connected @ http://localhost:3000/_next/static/chunks/node_modules_next_dist_1ybzpk2._.js:2477
[ 1724155ms] Error: Element type is invalid: expected a string (for built-in components) or a class/function (for composite components) but got: undefined. You likely forgot to export your component from the file it's defined in, or you might have mixed up default and named imports.

Check the render method of `PaymentMethodSelector`.
    at createFiberFromTypeAndProps (http://localhost:3000/_next/static/chunks/node_modules_next_dist_compiled_react-dom_096_9a-._.js:3167:32)
    at createFiberFromElement (http://localhost:3000/_next/static/chunks/node_modules_next_dist_compiled_react-dom_096_9a-._.js:3178:16)
    at reconcileChildFibersImpl (http://localhost:3000/_next/static/chunks/node_modules_next_dist_compiled_react-dom_096_9a-._.js:4206:421)
    at http://localhost:3000/_next/static/chunks/node_modules_next_dist_compiled_react-dom_096_9a-._.js:4261:39
    at reconcileChildren (http://localhost:3000/_next/static/chunks/node_modules_next_dist_compiled_react-dom_096_9a-._.js:5898:51)
    at beginWork (http://localhost:3000/_next/static/chunks/node_modules_next_dist_compiled_react-dom_096_9a-._.js:6758:1573)
    at runWithFiberInDEV (http://localhost:3000/_next/static/chunks/node_modules_next_dist_compiled_react-dom_096_9a-._.js:965:74)
    at performUnitOfWork (http://localhost:3000/_next/static/chunks/node_modules_next_dist_compiled_react-dom_096_9a-._.js:9555:97)
    at workLoopSync (http://localhost:3000/_next/static/chunks/node_modules_next_dist_compiled_react-dom_096_9a-._.js:9449:40)
    at renderRootSync (http://localhost:3000/_next/static/chunks/node_modules_next_dist_compiled_react-dom_096_9a-._.js:9433:13)
    at performWorkOnRoot (http://localhost:3000/_next/static/chunks/node_modules_next_dist_compiled_react-dom_096_9a-._.js:9098:47)
    at performWorkOnRootViaSchedulerTask (http://localhost:3000/_next/static/chunks/node_modules_next_dist_compiled_react-dom_096_9a-._.js:10255:9)
    at MessagePort.performWorkUntilDeadline (http://localhost:3000/_next/static/chunks/node_modules_next_dist_compiled_1amofcm._.js:2647:64)
[ 1756209ms] [LOG] [Fast Refresh] rebuilding @ http://localhost:3000/_next/static/chunks/node_modules_next_dist_1ybzpk2._.js:2477
[ 1756209ms] [LOG] [Fast Refresh] done in 101ms @ http://localhost:3000/_next/static/chunks/node_modules_next_dist_1ybzpk2._.js:2477
[ 1771058ms] [LOG] [Fast Refresh] rebuilding @ http://localhost:3000/_next/static/chunks/node_modules_next_dist_1ybzpk2._.js:2477
[ 1771062ms] [WARNING] [Fast Refresh] performing full reload because your application had an unrecoverable error @ http://localhost:3000/_next/static/chunks/node_modules_next_dist_1ybzpk2._.js:2477
[ 1771080ms] [LOG] [Fast Refresh] done in 68ms @ http://localhost:3000/_next/static/chunks/node_modules_next_dist_1ybzpk2._.js:2477
[ 1771182ms] [LOG] [Fast Refresh] rebuilding @ http://localhost:3000/_next/static/chunks/node_modules_next_dist_1ybzpk2._.js:2477
[ 1771502ms] [LOG] [Fast Refresh] done in 422ms @ http://localhost:3000/_next/static/chunks/node_modules_next_dist_1ybzpk2._.js:2477
[ 1771625ms] [INFO] %cDownload the React DevTools for a better development experience: https://react.dev/link/react-devtools font-weight:bold @ http://localhost:3000/_next/static/chunks/node_modules_next_dist_1ybzpk2._.js:2477
[ 1771654ms] [LOG] [HMR] connected @ http://localhost:3000/_next/static/chunks/node_modules_next_dist_1ybzpk2._.js:2477
[ 1771749ms] Error: Element type is invalid: expected a string (for built-in components) or a class/function (for composite components) but got: undefined. You likely forgot to export your component from the file it's defined in, or you might have mixed up default and named imports.

Check the render method of `PaymentMethodSelector`.
    at createFiberFromTypeAndProps (http://localhost:3000/_next/static/chunks/node_modules_next_dist_compiled_react-dom_096_9a-._.js:3167:32)
    at createFiberFromElement (http://localhost:3000/_next/static/chunks/node_modules_next_dist_compiled_react-dom_096_9a-._.js:3178:16)
    at reconcileChildFibersImpl (http://localhost:3000/_next/static/chunks/node_modules_next_dist_compiled_react-dom_096_9a-._.js:4206:421)
    at http://localhost:3000/_next/static/chunks/node_modules_next_dist_compiled_react-dom_096_9a-._.js:4261:39
    at reconcileChildren (http://localhost:3000/_next/static/chunks/node_modules_next_dist_compiled_react-dom_096_9a-._.js:5898:51)
    at beginWork (http://localhost:3000/_next/static/chunks/node_modules_next_dist_compiled_react-dom_096_9a-._.js:6758:1573)
    at runWithFiberInDEV (http://localhost:3000/_next/static/chunks/node_modules_next_dist_compiled_react-dom_096_9a-._.js:965:74)
    at performUnitOfWork (http://localhost:3000/_next/static/chunks/node_modules_next_dist_compiled_react-dom_096_9a-._.js:9555:97)
    at workLoopSync (http://localhost:3000/_next/static/chunks/node_modules_next_dist_compiled_react-dom_096_9a-._.js:9449:40)
    at renderRootSync (http://localhost:3000/_next/static/chunks/node_modules_next_dist_compiled_react-dom_096_9a-._.js:9433:13)
    at performWorkOnRoot (http://localhost:3000/_next/static/chunks/node_modules_next_dist_compiled_react-dom_096_9a-._.js:9098:47)
    at performWorkOnRootViaSchedulerTask (http://localhost:3000/_next/static/chunks/node_modules_next_dist_compiled_react-dom_096_9a-._.js:10255:9)
    at MessagePort.performWorkUntilDeadline (http://localhost:3000/_next/static/chunks/node_modules_next_dist_compiled_1amofcm._.js:2647:64)
[ 1777470ms] [LOG] [Fast Refresh] rebuilding @ http://localhost:3000/_next/static/chunks/node_modules_next_dist_1ybzpk2._.js:2477
[ 1777475ms] [WARNING] [Fast Refresh] performing full reload because your application had an unrecoverable error @ http://localhost:3000/_next/static/chunks/node_modules_next_dist_1ybzpk2._.js:2477
[ 1777870ms] [LOG] [Fast Refresh] done in 58ms @ http://localhost:3000/_next/static/chunks/node_modules_next_dist_1ybzpk2._.js:2477
[ 1778001ms] [INFO] %cDownload the React DevTools for a better development experience: https://react.dev/link/react-devtools font-weight:bold @ http://localhost:3000/_next/static/chunks/node_modules_next_dist_1ybzpk2._.js:2477
[ 1778034ms] [LOG] [HMR] connected @ http://localhost:3000/_next/static/chunks/node_modules_next_dist_1ybzpk2._.js:2477
[ 1778147ms] Error: Element type is invalid: expected a string (for built-in components) or a class/function (for composite components) but got: undefined. You likely forgot to export your component from the file it's defined in, or you might have mixed up default and named imports.

Check the render method of `PaymentMethodSelector`.
    at createFiberFromTypeAndProps (http://localhost:3000/_next/static/chunks/node_modules_next_dist_compiled_react-dom_096_9a-._.js:3167:32)
    at createFiberFromElement (http://localhost:3000/_next/static/chunks/node_modules_next_dist_compiled_react-dom_096_9a-._.js:3178:16)
    at reconcileChildFibersImpl (http://localhost:3000/_next/static/chunks/node_modules_next_dist_compiled_react-dom_096_9a-._.js:4206:421)
    at http://localhost:3000/_next/static/chunks/node_modules_next_dist_compiled_react-dom_096_9a-._.js:4261:39
    at reconcileChildren (http://localhost:3000/_next/static/chunks/node_modules_next_dist_compiled_react-dom_096_9a-._.js:5898:51)
    at beginWork (http://localhost:3000/_next/static/chunks/node_modules_next_dist_compiled_react-dom_096_9a-._.js:6758:1573)
    at runWithFiberInDEV (http://localhost:3000/_next/static/chunks/node_modules_next_dist_compiled_react-dom_096_9a-._.js:965:74)
    at performUnitOfWork (http://localhost:3000/_next/static/chunks/node_modules_next_dist_compiled_react-dom_096_9a-._.js:9555:97)
    at workLoopSync (http://localhost:3000/_next/static/chunks/node_modules_next_dist_compiled_react-dom_096_9a-._.js:9449:40)
    at renderRootSync (http://localhost:3000/_next/static/chunks/node_modules_next_dist_compiled_react-dom_096_9a-._.js:9433:13)
    at performWorkOnRoot (http://localhost:3000/_next/static/chunks/node_modules_next_dist_compiled_react-dom_096_9a-._.js:9098:47)
    at performWorkOnRootViaSchedulerTask (http://localhost:3000/_next/static/chunks/node_modules_next_dist_compiled_react-dom_096_9a-._.js:10255:9)
    at MessagePort.performWorkUntilDeadline (http://localhost:3000/_next/static/chunks/node_modules_next_dist_compiled_1amofcm._.js:2647:64)
[ 1797914ms] [LOG] [Fast Refresh] rebuilding @ http://localhost:3000/_next/static/chunks/node_modules_next_dist_1ybzpk2._.js:2477
[ 1797915ms] [WARNING] [Fast Refresh] performing full reload because your application had an unrecoverable error @ http://localhost:3000/_next/static/chunks/node_modules_next_dist_1ybzpk2._.js:2477
[ 1798124ms] [INFO] %cDownload the React DevTools for a better development experience: https://react.dev/link/react-devtools font-weight:bold @ http://localhost:3000/_next/static/chunks/node_modules_next_dist_1ybzpk2._.js:2477
[ 1798166ms] [LOG] [HMR] connected @ http://localhost:3000/_next/static/chunks/node_modules_next_dist_1ybzpk2._.js:2477
[ 1798258ms] Error: Element type is invalid: expected a string (for built-in components) or a class/function (for composite components) but got: undefined. You likely forgot to export your component from the file it's defined in, or you might have mixed up default and named imports.

Check the render method of `PaymentMethodSelector`.
    at createFiberFromTypeAndProps (http://localhost:3000/_next/static/chunks/node_modules_next_dist_compiled_react-dom_096_9a-._.js:3167:32)
    at createFiberFromElement (http://localhost:3000/_next/static/chunks/node_modules_next_dist_compiled_react-dom_096_9a-._.js:3178:16)
    at reconcileChildFibersImpl (http://localhost:3000/_next/static/chunks/node_modules_next_dist_compiled_react-dom_096_9a-._.js:4206:421)
    at http://localhost:3000/_next/static/chunks/node_modules_next_dist_compiled_react-dom_096_9a-._.js:4261:39
    at reconcileChildren (http://localhost:3000/_next/static/chunks/node_modules_next_dist_compiled_react-dom_096_9a-._.js:5898:51)
    at beginWork (http://localhost:3000/_next/static/chunks/node_modules_next_dist_compiled_react-dom_096_9a-._.js:6758:1573)
    at runWithFiberInDEV (http://localhost:3000/_next/static/chunks/node_modules_next_dist_compiled_react-dom_096_9a-._.js:965:74)
    at performUnitOfWork (http://localhost:3000/_next/static/chunks/node_modules_next_dist_compiled_react-dom_096_9a-._.js:9555:97)
    at workLoopSync (http://localhost:3000/_next/static/chunks/node_modules_next_dist_compiled_react-dom_096_9a-._.js:9449:40)
    at renderRootSync (http://localhost:3000/_next/static/chunks/node_modules_next_dist_compiled_react-dom_096_9a-._.js:9433:13)
    at performWorkOnRoot (http://localhost:3000/_next/static/chunks/node_modules_next_dist_compiled_react-dom_096_9a-._.js:9098:47)
    at performWorkOnRootViaSchedulerTask (http://localhost:3000/_next/static/chunks/node_modules_next_dist_compiled_react-dom_096_9a-._.js:10255:9)
    at MessagePort.performWorkUntilDeadline (http://localhost:3000/_next/static/chunks/node_modules_next_dist_compiled_1amofcm._.js:2647:64)
[ 1815754ms] [LOG] [Fast Refresh] rebuilding @ http://localhost:3000/_next/static/chunks/node_modules_next_dist_1ybzpk2._.js:2477
[ 1815835ms] [WARNING] [Fast Refresh] performing full reload because your application had an unrecoverable error @ http://localhost:3000/_next/static/chunks/node_modules_next_dist_1ybzpk2._.js:2477
[ 1815846ms] [LOG] [Fast Refresh] done in 183ms @ http://localhost:3000/_next/static/chunks/node_modules_next_dist_1ybzpk2._.js:2477
[ 1815949ms] [LOG] [Fast Refresh] rebuilding @ http://localhost:3000/_next/static/chunks/node_modules_next_dist_1ybzpk2._.js:2477
[ 1816380ms] [LOG] [Fast Refresh] done in 531ms @ http://localhost:3000/_next/static/chunks/node_modules_next_dist_1ybzpk2._.js:2477
[ 1816467ms] [INFO] %cDownload the React DevTools for a better development experience: https://react.dev/link/react-devtools font-weight:bold @ http://localhost:3000/_next/static/chunks/node_modules_next_dist_1ybzpk2._.js:2477
[ 1816507ms] [LOG] [HMR] connected @ http://localhost:3000/_next/static/chunks/node_modules_next_dist_1ybzpk2._.js:2477
[ 1835276ms] [LOG] [Fast Refresh] rebuilding @ http://localhost:3000/_next/static/chunks/node_modules_next_dist_1ybzpk2._.js:2477
[ 1835354ms] [LOG] [Fast Refresh] done in 117ms @ http://localhost:3000/_next/static/chunks/node_modules_next_dist_1ybzpk2._.js:2477
[ 1835850ms] [LOG] [Fast Refresh] rebuilding @ http://localhost:3000/_next/static/chunks/node_modules_next_dist_1ybzpk2._.js:2477
[ 1836041ms] [LOG] [Fast Refresh] done in 177ms @ http://localhost:3000/_next/static/chunks/node_modules_next_dist_1ybzpk2._.js:2477
[ 1844080ms] [LOG] [Fast Refresh] rebuilding @ http://localhost:3000/_next/static/chunks/node_modules_next_dist_1ybzpk2._.js:2477
[ 1844153ms] [ERROR] Failed to load resource: the server responded with a status of 500 (Internal Server Error) @ http://localhost:3000/checkout?_rsc=ssqq8DC8v3bzy7yt:0
[ 1844202ms] [ERROR] Failed to load resource: the server responded with a status of 500 (Internal Server Error) @ http://localhost:3000/checkout?_rsc=ssqq8DC8v3bzy7yt:0
[ 1844249ms] [ERROR] Failed to load resource: the server responded with a status of 500 (Internal Server Error) @ http://localhost:3000/checkout:0
[ 1844411ms] [INFO] %cDownload the React DevTools for a better development experience: https://react.dev/link/react-devtools font-weight:bold @ http://localhost:3000/_next/static/chunks/node_modules_react-dom_0kla17-._.js:15305
[ 1844470ms] Error: ./components/checkout/CheckoutPageClient.tsx:14:1
Module not found: Can't resolve '@/components/checkout/payment-flows/VodafoneCashFlow'
  12 | ...mport { CashOnDeliveryFlow } from "@/components/checkout/payment-flows/CashOnDeliveryFl...
  13 | ...mport { PaymentFlowPlaceholder } from "@/components/checkout/payment-flows/PaymentFlowP...
> 14 | ...mport { VodafoneCashFlow } from "@/components/checkout/payment-flows/VodafoneCashFlow";
     |    ^^^^^^^^^^^^^^^^^^^^^^^^^^^^^^^^^^^^^^^^^^^^^^^^^^^^^^^^^^^^^^^^^^^^^^^^^^^^^^^^^^^^^^^^
  15 | ...mport {
  16 | ... checkoutReducer,
  17 | ... createInitialCheckoutState,

Import map: aliased to relative './components/checkout/payment-flows/VodafoneCashFlow' inside of [project]/


Import trace:
  Server Component:
    ./components/checkout/CheckoutPageClient.tsx
    ./app/checkout/page.tsx

https://nextjs.org/docs/messages/module-not-found


    at <unknown> (Error: ./components/checkout/CheckoutPageClient.tsx:14:1)
    at <unknown> (https://nextjs.org/docs/messages/module-not-found)
    at Object.getCompilationErrors (file://D:\websites\warqandqlam\node_modules\next\dist\server\dev\hot-reloader-turbopack.js:1186:59)
    at DevBundlerService.getCompilationError (file://D:\websites\warqandqlam\node_modules\next\dist\server\lib\dev-bundler-service.js:44:55)
    at DevServer.getCompilationError (file://D:\websites\warqandqlam\node_modules\next\dist\server\dev\next-dev-server.js:720:42)
    at DevServer.findPageComponents (file://D:\websites\warqandqlam\node_modules\next\dist\server\dev\next-dev-server.js:690:43)
    at async DevServer.renderErrorToResponseImpl (file://D:\websites\warqandqlam\node_modules\next\dist\server\base-server.js:1753:26)
[ 1844470ms] [LOG] [HMR] connected @ http://localhost:3000/_next/static/chunks/node_modules_next_dist_1gdrd03._.js:1226
[ 1844476ms] [ERROR] ./components/checkout/CheckoutPageClient.tsx:14:1
Module not found: Can't resolve '@/components/checkout/payment-flows/VodafoneCashFlow'
  12 | ...mport { CashOnDeliveryFlow } from "@/components/checkout/payment-flows/CashOnDeliveryFl...
  13 | ...mport { PaymentFlowPlaceholder } from "@/components/checkout/payment-flows/PaymentFlowP...
> 14 | ...mport { VodafoneCashFlow } from "@/components/checkout/payment-flows/VodafoneCashFlow";
     |    ^^^^^^^^^^^^^^^^^^^^^^^^^^^^^^^^^^^^^^^^^^^^^^^^^^^^^^^^^^^^^^^^^^^^^^^^^^^^^^^^^^^^^^^^
  15 | ...mport {
  16 | ... checkoutReducer,
  17 | ... createInitialCheckoutState,

Import map: aliased to relative './components/checkout/payment-flows/VodafoneCashFlow' inside of [project]/

Import trace:
  Server Component:
    ./components/checkout/CheckoutPageClient.tsx
    ./app/checkout/page.tsx

https://nextjs.org/docs/messages/module-not-found @ http://localhost:3000/_next/static/chunks/node_modules_next_dist_1gdrd03._.js:1945
[ 1844552ms] [ERROR] ./components/checkout/CheckoutPageClient.tsx:14:1
Module not found: Can't resolve '@/components/checkout/payment-flows/VodafoneCashFlow'
  12 | ...mport { CashOnDeliveryFlow } from "@/components/checkout/payment-flows/CashOnDeliveryFl...
  13 | ...mport { PaymentFlowPlaceholder } from "@/components/checkout/payment-flows/PaymentFlowP...
> 14 | ...mport { VodafoneCashFlow } from "@/components/checkout/payment-flows/VodafoneCashFlow";
     |    ^^^^^^^^^^^^^^^^^^^^^^^^^^^^^^^^^^^^^^^^^^^^^^^^^^^^^^^^^^^^^^^^^^^^^^^^^^^^^^^^^^^^^^^^
  15 | ...mport {
  16 | ... checkoutReducer,
  17 | ... createInitialCheckoutState,

Import map: aliased to relative './components/checkout/payment-flows/VodafoneCashFlow' inside of [project]/

Import trace:
  Server Component:
    ./components/checkout/CheckoutPageClient.tsx
    ./app/checkout/page.tsx

https://nextjs.org/docs/messages/module-not-found @ http://localhost:3000/_next/static/chunks/node_modules_next_dist_1gdrd03._.js:1945
[ 1844628ms] [ERROR] ./components/checkout/CheckoutPageClient.tsx:14:1
Module not found: Can't resolve '@/components/checkout/payment-flows/VodafoneCashFlow'
  12 | ...mport { CashOnDeliveryFlow } from "@/components/checkout/payment-flows/CashOnDeliveryFl...
  13 | ...mport { PaymentFlowPlaceholder } from "@/components/checkout/payment-flows/PaymentFlowP...
> 14 | ...mport { VodafoneCashFlow } from "@/components/checkout/payment-flows/VodafoneCashFlow";
     |    ^^^^^^^^^^^^^^^^^^^^^^^^^^^^^^^^^^^^^^^^^^^^^^^^^^^^^^^^^^^^^^^^^^^^^^^^^^^^^^^^^^^^^^^^
  15 | ...mport {
  16 | ... checkoutReducer,
  17 | ... createInitialCheckoutState,

Import map: aliased to relative './components/checkout/payment-flows/VodafoneCashFlow' inside of [project]/

Import trace:
  Server Component:
    ./components/checkout/CheckoutPageClient.tsx
    ./app/checkout/page.tsx

https://nextjs.org/docs/messages/module-not-found @ http://localhost:3000/_next/static/chunks/node_modules_next_dist_1gdrd03._.js:1945
[ 1844691ms] [ERROR] ./components/checkout/CheckoutPageClient.tsx:14:1
Module not found: Can't resolve '@/components/checkout/payment-flows/VodafoneCashFlow'
  12 | ...mport { CashOnDeliveryFlow } from "@/components/checkout/payment-flows/CashOnDeliveryFl...
  13 | ...mport { PaymentFlowPlaceholder } from "@/components/checkout/payment-flows/PaymentFlowP...
> 14 | ...mport { VodafoneCashFlow } from "@/components/checkout/payment-flows/VodafoneCashFlow";
     |    ^^^^^^^^^^^^^^^^^^^^^^^^^^^^^^^^^^^^^^^^^^^^^^^^^^^^^^^^^^^^^^^^^^^^^^^^^^^^^^^^^^^^^^^^
  15 | ...mport {
  16 | ... checkoutReducer,
  17 | ... createInitialCheckoutState,

Import map: aliased to relative './components/checkout/payment-flows/VodafoneCashFlow' inside of [project]/

Import trace:
  Server Component:
    ./components/checkout/CheckoutPageClient.tsx
    ./app/checkout/page.tsx

https://nextjs.org/docs/messages/module-not-found @ http://localhost:3000/_next/static/chunks/node_modules_next_dist_1gdrd03._.js:1945
[ 1844753ms] [ERROR] ./components/checkout/CheckoutPageClient.tsx:14:1
Module not found: Can't resolve '@/components/checkout/payment-flows/VodafoneCashFlow'
  12 | ...mport { CashOnDeliveryFlow } from "@/components/checkout/payment-flows/CashOnDeliveryFl...
  13 | ...mport { PaymentFlowPlaceholder } from "@/components/checkout/payment-flows/PaymentFlowP...
> 14 | ...mport { VodafoneCashFlow } from "@/components/checkout/payment-flows/VodafoneCashFlow";
     |    ^^^^^^^^^^^^^^^^^^^^^^^^^^^^^^^^^^^^^^^^^^^^^^^^^^^^^^^^^^^^^^^^^^^^^^^^^^^^^^^^^^^^^^^^
  15 | ...mport {
  16 | ... checkoutReducer,
  17 | ... createInitialCheckoutState,

Import map: aliased to relative './components/checkout/payment-flows/VodafoneCashFlow' inside of [project]/

Import trace:
  Server Component:
    ./components/checkout/CheckoutPageClient.tsx
    ./app/checkout/page.tsx

https://nextjs.org/docs/messages/module-not-found @ http://localhost:3000/_next/static/chunks/node_modules_next_dist_1gdrd03._.js:1945
[ 1844816ms] [ERROR] ./components/checkout/CheckoutPageClient.tsx:14:1
Module not found: Can't resolve '@/components/checkout/payment-flows/VodafoneCashFlow'
  12 | ...mport { CashOnDeliveryFlow } from "@/components/checkout/payment-flows/CashOnDeliveryFl...
  13 | ...mport { PaymentFlowPlaceholder } from "@/components/checkout/payment-flows/PaymentFlowP...
> 14 | ...mport { VodafoneCashFlow } from "@/components/checkout/payment-flows/VodafoneCashFlow";
     |    ^^^^^^^^^^^^^^^^^^^^^^^^^^^^^^^^^^^^^^^^^^^^^^^^^^^^^^^^^^^^^^^^^^^^^^^^^^^^^^^^^^^^^^^^
  15 | ...mport {
  16 | ... checkoutReducer,
  17 | ... createInitialCheckoutState,

Import map: aliased to relative './components/checkout/payment-flows/VodafoneCashFlow' inside of [project]/

Import trace:
  Server Component:
    ./components/checkout/CheckoutPageClient.tsx
    ./app/checkout/page.tsx

https://nextjs.org/docs/messages/module-not-found @ http://localhost:3000/_next/static/chunks/node_modules_next_dist_1gdrd03._.js:1945
[ 1844879ms] [ERROR] ./components/checkout/CheckoutPageClient.tsx:14:1
Module not found: Can't resolve '@/components/checkout/payment-flows/VodafoneCashFlow'
  12 | ...mport { CashOnDeliveryFlow } from "@/components/checkout/payment-flows/CashOnDeliveryFl...
  13 | ...mport { PaymentFlowPlaceholder } from "@/components/checkout/payment-flows/PaymentFlowP...
> 14 | ...mport { VodafoneCashFlow } from "@/components/checkout/payment-flows/VodafoneCashFlow";
     |    ^^^^^^^^^^^^^^^^^^^^^^^^^^^^^^^^^^^^^^^^^^^^^^^^^^^^^^^^^^^^^^^^^^^^^^^^^^^^^^^^^^^^^^^^
  15 | ...mport {
  16 | ... checkoutReducer,
  17 | ... createInitialCheckoutState,

Import map: aliased to relative './components/checkout/payment-flows/VodafoneCashFlow' inside of [project]/

Import trace:
  Server Component:
    ./components/checkout/CheckoutPageClient.tsx
    ./app/checkout/page.tsx

https://nextjs.org/docs/messages/module-not-found @ http://localhost:3000/_next/static/chunks/node_modules_next_dist_1gdrd03._.js:1945
[ 1844942ms] [ERROR] ./components/checkout/CheckoutPageClient.tsx:14:1
Module not found: Can't resolve '@/components/checkout/payment-flows/VodafoneCashFlow'
  12 | ...mport { CashOnDeliveryFlow } from "@/components/checkout/payment-flows/CashOnDeliveryFl...
  13 | ...mport { PaymentFlowPlaceholder } from "@/components/checkout/payment-flows/PaymentFlowP...
> 14 | ...mport { VodafoneCashFlow } from "@/components/checkout/payment-flows/VodafoneCashFlow";
     |    ^^^^^^^^^^^^^^^^^^^^^^^^^^^^^^^^^^^^^^^^^^^^^^^^^^^^^^^^^^^^^^^^^^^^^^^^^^^^^^^^^^^^^^^^
  15 | ...mport {
  16 | ... checkoutReducer,
  17 | ... createInitialCheckoutState,

Import map: aliased to relative './components/checkout/payment-flows/VodafoneCashFlow' inside of [project]/

Import trace:
  Server Component:
    ./components/checkout/CheckoutPageClient.tsx
    ./app/checkout/page.tsx

https://nextjs.org/docs/messages/module-not-found @ http://localhost:3000/_next/static/chunks/node_modules_next_dist_1gdrd03._.js:1945
[ 1845004ms] [ERROR] ./components/checkout/CheckoutPageClient.tsx:14:1
Module not found: Can't resolve '@/components/checkout/payment-flows/VodafoneCashFlow'
  12 | ...mport { CashOnDeliveryFlow } from "@/components/checkout/payment-flows/CashOnDeliveryFl...
  13 | ...mport { PaymentFlowPlaceholder } from "@/components/checkout/payment-flows/PaymentFlowP...
> 14 | ...mport { VodafoneCashFlow } from "@/components/checkout/payment-flows/VodafoneCashFlow";
     |    ^^^^^^^^^^^^^^^^^^^^^^^^^^^^^^^^^^^^^^^^^^^^^^^^^^^^^^^^^^^^^^^^^^^^^^^^^^^^^^^^^^^^^^^^
  15 | ...mport {
  16 | ... checkoutReducer,
  17 | ... createInitialCheckoutState,

Import map: aliased to relative './components/checkout/payment-flows/VodafoneCashFlow' inside of [project]/

Import trace:
  Server Component:
    ./components/checkout/CheckoutPageClient.tsx
    ./app/checkout/page.tsx

https://nextjs.org/docs/messages/module-not-found @ http://localhost:3000/_next/static/chunks/node_modules_next_dist_1gdrd03._.js:1945
[ 1845069ms] [ERROR] ./components/checkout/CheckoutPageClient.tsx:14:1
Module not found: Can't resolve '@/components/checkout/payment-flows/VodafoneCashFlow'
  12 | ...mport { CashOnDeliveryFlow } from "@/components/checkout/payment-flows/CashOnDeliveryFl...
  13 | ...mport { PaymentFlowPlaceholder } from "@/components/checkout/payment-flows/PaymentFlowP...
> 14 | ...mport { VodafoneCashFlow } from "@/components/checkout/payment-flows/VodafoneCashFlow";
     |    ^^^^^^^^^^^^^^^^^^^^^^^^^^^^^^^^^^^^^^^^^^^^^^^^^^^^^^^^^^^^^^^^^^^^^^^^^^^^^^^^^^^^^^^^
  15 | ...mport {
  16 | ... checkoutReducer,
  17 | ... createInitialCheckoutState,

Import map: aliased to relative './components/checkout/payment-flows/VodafoneCashFlow' inside of [project]/

Import trace:
  Server Component:
    ./components/checkout/CheckoutPageClient.tsx
    ./app/checkout/page.tsx

https://nextjs.org/docs/messages/module-not-found @ http://localhost:3000/_next/static/chunks/node_modules_next_dist_1gdrd03._.js:1945
[ 1845129ms] [ERROR] ./components/checkout/CheckoutPageClient.tsx:14:1
Module not found: Can't resolve '@/components/checkout/payment-flows/VodafoneCashFlow'
  12 | ...mport { CashOnDeliveryFlow } from "@/components/checkout/payment-flows/CashOnDeliveryFl...
  13 | ...mport { PaymentFlowPlaceholder } from "@/components/checkout/payment-flows/PaymentFlowP...
> 14 | ...mport { VodafoneCashFlow } from "@/components/checkout/payment-flows/VodafoneCashFlow";
     |    ^^^^^^^^^^^^^^^^^^^^^^^^^^^^^^^^^^^^^^^^^^^^^^^^^^^^^^^^^^^^^^^^^^^^^^^^^^^^^^^^^^^^^^^^
  15 | ...mport {
  16 | ... checkoutReducer,
  17 | ... createInitialCheckoutState,

Import map: aliased to relative './components/checkout/payment-flows/VodafoneCashFlow' inside of [project]/

Import trace:
  Server Component:
    ./components/checkout/CheckoutPageClient.tsx
    ./app/checkout/page.tsx

https://nextjs.org/docs/messages/module-not-found @ http://localhost:3000/_next/static/chunks/node_modules_next_dist_1gdrd03._.js:1945
[ 1845193ms] [ERROR] ./components/checkout/CheckoutPageClient.tsx:14:1
Module not found: Can't resolve '@/components/checkout/payment-flows/VodafoneCashFlow'
  12 | ...mport { CashOnDeliveryFlow } from "@/components/checkout/payment-flows/CashOnDeliveryFl...
  13 | ...mport { PaymentFlowPlaceholder } from "@/components/checkout/payment-flows/PaymentFlowP...
> 14 | ...mport { VodafoneCashFlow } from "@/components/checkout/payment-flows/VodafoneCashFlow";
     |    ^^^^^^^^^^^^^^^^^^^^^^^^^^^^^^^^^^^^^^^^^^^^^^^^^^^^^^^^^^^^^^^^^^^^^^^^^^^^^^^^^^^^^^^^
  15 | ...mport {
  16 | ... checkoutReducer,
  17 | ... createInitialCheckoutState,

Import map: aliased to relative './components/checkout/payment-flows/VodafoneCashFlow' inside of [project]/

Import trace:
  Server Component:
    ./components/checkout/CheckoutPageClient.tsx
    ./app/checkout/page.tsx

https://nextjs.org/docs/messages/module-not-found @ http://localhost:3000/_next/static/chunks/node_modules_next_dist_1gdrd03._.js:1945
[ 1845258ms] [ERROR] ./components/checkout/CheckoutPageClient.tsx:14:1
Module not found: Can't resolve '@/components/checkout/payment-flows/VodafoneCashFlow'
  12 | ...mport { CashOnDeliveryFlow } from "@/components/checkout/payment-flows/CashOnDeliveryFl...
  13 | ...mport { PaymentFlowPlaceholder } from "@/components/checkout/payment-flows/PaymentFlowP...
> 14 | ...mport { VodafoneCashFlow } from "@/components/checkout/payment-flows/VodafoneCashFlow";
     |    ^^^^^^^^^^^^^^^^^^^^^^^^^^^^^^^^^^^^^^^^^^^^^^^^^^^^^^^^^^^^^^^^^^^^^^^^^^^^^^^^^^^^^^^^
  15 | ...mport {
  16 | ... checkoutReducer,
  17 | ... createInitialCheckoutState,

Import map: aliased to relative './components/checkout/payment-flows/VodafoneCashFlow' inside of [project]/

Import trace:
  Server Component:
    ./components/checkout/CheckoutPageClient.tsx
    ./app/checkout/page.tsx

https://nextjs.org/docs/messages/module-not-found @ http://localhost:3000/_next/static/chunks/node_modules_next_dist_1gdrd03._.js:1945
[ 1845319ms] [ERROR] ./components/checkout/CheckoutPageClient.tsx:14:1
Module not found: Can't resolve '@/components/checkout/payment-flows/VodafoneCashFlow'
  12 | ...mport { CashOnDeliveryFlow } from "@/components/checkout/payment-flows/CashOnDeliveryFl...
  13 | ...mport { PaymentFlowPlaceholder } from "@/components/checkout/payment-flows/PaymentFlowP...
> 14 | ...mport { VodafoneCashFlow } from "@/components/checkout/payment-flows/VodafoneCashFlow";
     |    ^^^^^^^^^^^^^^^^^^^^^^^^^^^^^^^^^^^^^^^^^^^^^^^^^^^^^^^^^^^^^^^^^^^^^^^^^^^^^^^^^^^^^^^^
  15 | ...mport {
  16 | ... checkoutReducer,
  17 | ... createInitialCheckoutState,

Import map: aliased to relative './components/checkout/payment-flows/VodafoneCashFlow' inside of [project]/

Import trace:
  Server Component:
    ./components/checkout/CheckoutPageClient.tsx
    ./app/checkout/page.tsx

https://nextjs.org/docs/messages/module-not-found @ http://localhost:3000/_next/static/chunks/node_modules_next_dist_1gdrd03._.js:1945
[ 1845383ms] [ERROR] ./components/checkout/CheckoutPageClient.tsx:14:1
Module not found: Can't resolve '@/components/checkout/payment-flows/VodafoneCashFlow'
  12 | ...mport { CashOnDeliveryFlow } from "@/components/checkout/payment-flows/CashOnDeliveryFl...
  13 | ...mport { PaymentFlowPlaceholder } from "@/components/checkout/payment-flows/PaymentFlowP...
> 14 | ...mport { VodafoneCashFlow } from "@/components/checkout/payment-flows/VodafoneCashFlow";
     |    ^^^^^^^^^^^^^^^^^^^^^^^^^^^^^^^^^^^^^^^^^^^^^^^^^^^^^^^^^^^^^^^^^^^^^^^^^^^^^^^^^^^^^^^^
  15 | ...mport {
  16 | ... checkoutReducer,
  17 | ... createInitialCheckoutState,

Import map: aliased to relative './components/checkout/payment-flows/VodafoneCashFlow' inside of [project]/

Import trace:
  Server Component:
    ./components/checkout/CheckoutPageClient.tsx
    ./app/checkout/page.tsx

https://nextjs.org/docs/messages/module-not-found @ http://localhost:3000/_next/static/chunks/node_modules_next_dist_1gdrd03._.js:1945
[ 1845446ms] [ERROR] ./components/checkout/CheckoutPageClient.tsx:14:1
Module not found: Can't resolve '@/components/checkout/payment-flows/VodafoneCashFlow'
  12 | ...mport { CashOnDeliveryFlow } from "@/components/checkout/payment-flows/CashOnDeliveryFl...
  13 | ...mport { PaymentFlowPlaceholder } from "@/components/checkout/payment-flows/PaymentFlowP...
> 14 | ...mport { VodafoneCashFlow } from "@/components/checkout/payment-flows/VodafoneCashFlow";
     |    ^^^^^^^^^^^^^^^^^^^^^^^^^^^^^^^^^^^^^^^^^^^^^^^^^^^^^^^^^^^^^^^^^^^^^^^^^^^^^^^^^^^^^^^^
  15 | ...mport {
  16 | ... checkoutReducer,
  17 | ... createInitialCheckoutState,

Import map: aliased to relative './components/checkout/payment-flows/VodafoneCashFlow' inside of [project]/

Import trace:
  Server Component:
    ./components/checkout/CheckoutPageClient.tsx
    ./app/checkout/page.tsx

https://nextjs.org/docs/messages/module-not-found @ http://localhost:3000/_next/static/chunks/node_modules_next_dist_1gdrd03._.js:1945
[ 1845509ms] [ERROR] ./components/checkout/CheckoutPageClient.tsx:14:1
Module not found: Can't resolve '@/components/checkout/payment-flows/VodafoneCashFlow'
  12 | ...mport { CashOnDeliveryFlow } from "@/components/checkout/payment-flows/CashOnDeliveryFl...
  13 | ...mport { PaymentFlowPlaceholder } from "@/components/checkout/payment-flows/PaymentFlowP...
> 14 | ...mport { VodafoneCashFlow } from "@/components/checkout/payment-flows/VodafoneCashFlow";
     |    ^^^^^^^^^^^^^^^^^^^^^^^^^^^^^^^^^^^^^^^^^^^^^^^^^^^^^^^^^^^^^^^^^^^^^^^^^^^^^^^^^^^^^^^^
  15 | ...mport {
  16 | ... checkoutReducer,
  17 | ... createInitialCheckoutState,

Import map: aliased to relative './components/checkout/payment-flows/VodafoneCashFlow' inside of [project]/

Import trace:
  Server Component:
    ./components/checkout/CheckoutPageClient.tsx
    ./app/checkout/page.tsx

https://nextjs.org/docs/messages/module-not-found @ http://localhost:3000/_next/static/chunks/node_modules_next_dist_1gdrd03._.js:1945
[ 1845571ms] [ERROR] ./components/checkout/CheckoutPageClient.tsx:14:1
Module not found: Can't resolve '@/components/checkout/payment-flows/VodafoneCashFlow'
  12 | ...mport { CashOnDeliveryFlow } from "@/components/checkout/payment-flows/CashOnDeliveryFl...
  13 | ...mport { PaymentFlowPlaceholder } from "@/components/checkout/payment-flows/PaymentFlowP...
> 14 | ...mport { VodafoneCashFlow } from "@/components/checkout/payment-flows/VodafoneCashFlow";
     |    ^^^^^^^^^^^^^^^^^^^^^^^^^^^^^^^^^^^^^^^^^^^^^^^^^^^^^^^^^^^^^^^^^^^^^^^^^^^^^^^^^^^^^^^^
  15 | ...mport {
  16 | ... checkoutReducer,
  17 | ... createInitialCheckoutState,

Import map: aliased to relative './components/checkout/payment-flows/VodafoneCashFlow' inside of [project]/

Import trace:
  Server Component:
    ./components/checkout/CheckoutPageClient.tsx
    ./app/checkout/page.tsx

https://nextjs.org/docs/messages/module-not-found @ http://localhost:3000/_next/static/chunks/node_modules_next_dist_1gdrd03._.js:1945
[ 1845633ms] [ERROR] ./components/checkout/CheckoutPageClient.tsx:14:1
Module not found: Can't resolve '@/components/checkout/payment-flows/VodafoneCashFlow'
  12 | ...mport { CashOnDeliveryFlow } from "@/components/checkout/payment-flows/CashOnDeliveryFl...
  13 | ...mport { PaymentFlowPlaceholder } from "@/components/checkout/payment-flows/PaymentFlowP...
> 14 | ...mport { VodafoneCashFlow } from "@/components/checkout/payment-flows/VodafoneCashFlow";
     |    ^^^^^^^^^^^^^^^^^^^^^^^^^^^^^^^^^^^^^^^^^^^^^^^^^^^^^^^^^^^^^^^^^^^^^^^^^^^^^^^^^^^^^^^^
  15 | ...mport {
  16 | ... checkoutReducer,
  17 | ... createInitialCheckoutState,

Import map: aliased to relative './components/checkout/payment-flows/VodafoneCashFlow' inside of [project]/

Import trace:
  Server Component:
    ./components/checkout/CheckoutPageClient.tsx
    ./app/checkout/page.tsx

https://nextjs.org/docs/messages/module-not-found @ http://localhost:3000/_next/static/chunks/node_modules_next_dist_1gdrd03._.js:1945
[ 1845697ms] [ERROR] ./components/checkout/CheckoutPageClient.tsx:14:1
Module not found: Can't resolve '@/components/checkout/payment-flows/VodafoneCashFlow'
  12 | ...mport { CashOnDeliveryFlow } from "@/components/checkout/payment-flows/CashOnDeliveryFl...
  13 | ...mport { PaymentFlowPlaceholder } from "@/components/checkout/payment-flows/PaymentFlowP...
> 14 | ...mport { VodafoneCashFlow } from "@/components/checkout/payment-flows/VodafoneCashFlow";
     |    ^^^^^^^^^^^^^^^^^^^^^^^^^^^^^^^^^^^^^^^^^^^^^^^^^^^^^^^^^^^^^^^^^^^^^^^^^^^^^^^^^^^^^^^^
  15 | ...mport {
  16 | ... checkoutReducer,
  17 | ... createInitialCheckoutState,

Import map: aliased to relative './components/checkout/payment-flows/VodafoneCashFlow' inside of [project]/

Import trace:
  Server Component:
    ./components/checkout/CheckoutPageClient.tsx
    ./app/checkout/page.tsx

https://nextjs.org/docs/messages/module-not-found @ http://localhost:3000/_next/static/chunks/node_modules_next_dist_1gdrd03._.js:1945
[ 1845759ms] [ERROR] ./components/checkout/CheckoutPageClient.tsx:14:1
Module not found: Can't resolve '@/components/checkout/payment-flows/VodafoneCashFlow'
  12 | ...mport { CashOnDeliveryFlow } from "@/components/checkout/payment-flows/CashOnDeliveryFl...
  13 | ...mport { PaymentFlowPlaceholder } from "@/components/checkout/payment-flows/PaymentFlowP...
> 14 | ...mport { VodafoneCashFlow } from "@/components/checkout/payment-flows/VodafoneCashFlow";
     |    ^^^^^^^^^^^^^^^^^^^^^^^^^^^^^^^^^^^^^^^^^^^^^^^^^^^^^^^^^^^^^^^^^^^^^^^^^^^^^^^^^^^^^^^^
  15 | ...mport {
  16 | ... checkoutReducer,
  17 | ... createInitialCheckoutState,

Import map: aliased to relative './components/checkout/payment-flows/VodafoneCashFlow' inside of [project]/

Import trace:
  Server Component:
    ./components/checkout/CheckoutPageClient.tsx
    ./app/checkout/page.tsx

https://nextjs.org/docs/messages/module-not-found @ http://localhost:3000/_next/static/chunks/node_modules_next_dist_1gdrd03._.js:1945
[ 1845822ms] [ERROR] ./components/checkout/CheckoutPageClient.tsx:14:1
Module not found: Can't resolve '@/components/checkout/payment-flows/VodafoneCashFlow'
  12 | ...mport { CashOnDeliveryFlow } from "@/components/checkout/payment-flows/CashOnDeliveryFl...
  13 | ...mport { PaymentFlowPlaceholder } from "@/components/checkout/payment-flows/PaymentFlowP...
> 14 | ...mport { VodafoneCashFlow } from "@/components/checkout/payment-flows/VodafoneCashFlow";
     |    ^^^^^^^^^^^^^^^^^^^^^^^^^^^^^^^^^^^^^^^^^^^^^^^^^^^^^^^^^^^^^^^^^^^^^^^^^^^^^^^^^^^^^^^^
  15 | ...mport {
  16 | ... checkoutReducer,
  17 | ... createInitialCheckoutState,

Import map: aliased to relative './components/checkout/payment-flows/VodafoneCashFlow' inside of [project]/

Import trace:
  Server Component:
    ./components/checkout/CheckoutPageClient.tsx
    ./app/checkout/page.tsx

https://nextjs.org/docs/messages/module-not-found @ http://localhost:3000/_next/static/chunks/node_modules_next_dist_1gdrd03._.js:1945
[ 1845885ms] [ERROR] ./components/checkout/CheckoutPageClient.tsx:14:1
Module not found: Can't resolve '@/components/checkout/payment-flows/VodafoneCashFlow'
  12 | ...mport { CashOnDeliveryFlow } from "@/components/checkout/payment-flows/CashOnDeliveryFl...
  13 | ...mport { PaymentFlowPlaceholder } from "@/components/checkout/payment-flows/PaymentFlowP...
> 14 | ...mport { VodafoneCashFlow } from "@/components/checkout/payment-flows/VodafoneCashFlow";
     |    ^^^^^^^^^^^^^^^^^^^^^^^^^^^^^^^^^^^^^^^^^^^^^^^^^^^^^^^^^^^^^^^^^^^^^^^^^^^^^^^^^^^^^^^^
  15 | ...mport {
  16 | ... checkoutReducer,
  17 | ... createInitialCheckoutState,

Import map: aliased to relative './components/checkout/payment-flows/VodafoneCashFlow' inside of [project]/

Import trace:
  Server Component:
    ./components/checkout/CheckoutPageClient.tsx
    ./app/checkout/page.tsx

https://nextjs.org/docs/messages/module-not-found @ http://localhost:3000/_next/static/chunks/node_modules_next_dist_1gdrd03._.js:1945
[ 1845947ms] [ERROR] ./components/checkout/CheckoutPageClient.tsx:14:1
Module not found: Can't resolve '@/components/checkout/payment-flows/VodafoneCashFlow'
  12 | ...mport { CashOnDeliveryFlow } from "@/components/checkout/payment-flows/CashOnDeliveryFl...
  13 | ...mport { PaymentFlowPlaceholder } from "@/components/checkout/payment-flows/PaymentFlowP...
> 14 | ...mport { VodafoneCashFlow } from "@/components/checkout/payment-flows/VodafoneCashFlow";
     |    ^^^^^^^^^^^^^^^^^^^^^^^^^^^^^^^^^^^^^^^^^^^^^^^^^^^^^^^^^^^^^^^^^^^^^^^^^^^^^^^^^^^^^^^^
  15 | ...mport {
  16 | ... checkoutReducer,
  17 | ... createInitialCheckoutState,

Import map: aliased to relative './components/checkout/payment-flows/VodafoneCashFlow' inside of [project]/

Import trace:
  Server Component:
    ./components/checkout/CheckoutPageClient.tsx
    ./app/checkout/page.tsx

https://nextjs.org/docs/messages/module-not-found @ http://localhost:3000/_next/static/chunks/node_modules_next_dist_1gdrd03._.js:1945
[ 1846008ms] [ERROR] ./components/checkout/CheckoutPageClient.tsx:14:1
Module not found: Can't resolve '@/components/checkout/payment-flows/VodafoneCashFlow'
  12 | ...mport { CashOnDeliveryFlow } from "@/components/checkout/payment-flows/CashOnDeliveryFl...
  13 | ...mport { PaymentFlowPlaceholder } from "@/components/checkout/payment-flows/PaymentFlowP...
> 14 | ...mport { VodafoneCashFlow } from "@/components/checkout/payment-flows/VodafoneCashFlow";
     |    ^^^^^^^^^^^^^^^^^^^^^^^^^^^^^^^^^^^^^^^^^^^^^^^^^^^^^^^^^^^^^^^^^^^^^^^^^^^^^^^^^^^^^^^^
  15 | ...mport {
  16 | ... checkoutReducer,
  17 | ... createInitialCheckoutState,

Import map: aliased to relative './components/checkout/payment-flows/VodafoneCashFlow' inside of [project]/

Import trace:
  Server Component:
    ./components/checkout/CheckoutPageClient.tsx
    ./app/checkout/page.tsx

https://nextjs.org/docs/messages/module-not-found @ http://localhost:3000/_next/static/chunks/node_modules_next_dist_1gdrd03._.js:1945
[ 1846072ms] [ERROR] ./components/checkout/CheckoutPageClient.tsx:14:1
Module not found: Can't resolve '@/components/checkout/payment-flows/VodafoneCashFlow'
  12 | ...mport { CashOnDeliveryFlow } from "@/components/checkout/payment-flows/CashOnDeliveryFl...
  13 | ...mport { PaymentFlowPlaceholder } from "@/components/checkout/payment-flows/PaymentFlowP...
> 14 | ...mport { VodafoneCashFlow } from "@/components/checkout/payment-flows/VodafoneCashFlow";
     |    ^^^^^^^^^^^^^^^^^^^^^^^^^^^^^^^^^^^^^^^^^^^^^^^^^^^^^^^^^^^^^^^^^^^^^^^^^^^^^^^^^^^^^^^^
  15 | ...mport {
  16 | ... checkoutReducer,
  17 | ... createInitialCheckoutState,

Import map: aliased to relative './components/checkout/payment-flows/VodafoneCashFlow' inside of [project]/

Import trace:
  Server Component:
    ./components/checkout/CheckoutPageClient.tsx
    ./app/checkout/page.tsx

https://nextjs.org/docs/messages/module-not-found @ http://localhost:3000/_next/static/chunks/node_modules_next_dist_1gdrd03._.js:1945
[ 1846134ms] [ERROR] ./components/checkout/CheckoutPageClient.tsx:14:1
Module not found: Can't resolve '@/components/checkout/payment-flows/VodafoneCashFlow'
  12 | ...mport { CashOnDeliveryFlow } from "@/components/checkout/payment-flows/CashOnDeliveryFl...
  13 | ...mport { PaymentFlowPlaceholder } from "@/components/checkout/payment-flows/PaymentFlowP...
> 14 | ...mport { VodafoneCashFlow } from "@/components/checkout/payment-flows/VodafoneCashFlow";
     |    ^^^^^^^^^^^^^^^^^^^^^^^^^^^^^^^^^^^^^^^^^^^^^^^^^^^^^^^^^^^^^^^^^^^^^^^^^^^^^^^^^^^^^^^^
  15 | ...mport {
  16 | ... checkoutReducer,
  17 | ... createInitialCheckoutState,

Import map: aliased to relative './components/checkout/payment-flows/VodafoneCashFlow' inside of [project]/

Import trace:
  Server Component:
    ./components/checkout/CheckoutPageClient.tsx
    ./app/checkout/page.tsx

https://nextjs.org/docs/messages/module-not-found @ http://localhost:3000/_next/static/chunks/node_modules_next_dist_1gdrd03._.js:1945
[ 1846197ms] [ERROR] ./components/checkout/CheckoutPageClient.tsx:14:1
Module not found: Can't resolve '@/components/checkout/payment-flows/VodafoneCashFlow'
  12 | ...mport { CashOnDeliveryFlow } from "@/components/checkout/payment-flows/CashOnDeliveryFl...
  13 | ...mport { PaymentFlowPlaceholder } from "@/components/checkout/payment-flows/PaymentFlowP...
> 14 | ...mport { VodafoneCashFlow } from "@/components/checkout/payment-flows/VodafoneCashFlow";
     |    ^^^^^^^^^^^^^^^^^^^^^^^^^^^^^^^^^^^^^^^^^^^^^^^^^^^^^^^^^^^^^^^^^^^^^^^^^^^^^^^^^^^^^^^^
  15 | ...mport {
  16 | ... checkoutReducer,
  17 | ... createInitialCheckoutState,

Import map: aliased to relative './components/checkout/payment-flows/VodafoneCashFlow' inside of [project]/

Import trace:
  Server Component:
    ./components/checkout/CheckoutPageClient.tsx
    ./app/checkout/page.tsx

https://nextjs.org/docs/messages/module-not-found @ http://localhost:3000/_next/static/chunks/node_modules_next_dist_1gdrd03._.js:1945
[ 1846261ms] [ERROR] ./components/checkout/CheckoutPageClient.tsx:14:1
Module not found: Can't resolve '@/components/checkout/payment-flows/VodafoneCashFlow'
  12 | ...mport { CashOnDeliveryFlow } from "@/components/checkout/payment-flows/CashOnDeliveryFl...
  13 | ...mport { PaymentFlowPlaceholder } from "@/components/checkout/payment-flows/PaymentFlowP...
> 14 | ...mport { VodafoneCashFlow } from "@/components/checkout/payment-flows/VodafoneCashFlow";
     |    ^^^^^^^^^^^^^^^^^^^^^^^^^^^^^^^^^^^^^^^^^^^^^^^^^^^^^^^^^^^^^^^^^^^^^^^^^^^^^^^^^^^^^^^^
  15 | ...mport {
  16 | ... checkoutReducer,
  17 | ... createInitialCheckoutState,

Import map: aliased to relative './components/checkout/payment-flows/VodafoneCashFlow' inside of [project]/

Import trace:
  Server Component:
    ./components/checkout/CheckoutPageClient.tsx
    ./app/checkout/page.tsx

https://nextjs.org/docs/messages/module-not-found @ http://localhost:3000/_next/static/chunks/node_modules_next_dist_1gdrd03._.js:1945
[ 1846323ms] [ERROR] ./components/checkout/CheckoutPageClient.tsx:14:1
Module not found: Can't resolve '@/components/checkout/payment-flows/VodafoneCashFlow'
  12 | ...mport { CashOnDeliveryFlow } from "@/components/checkout/payment-flows/CashOnDeliveryFl...
  13 | ...mport { PaymentFlowPlaceholder } from "@/components/checkout/payment-flows/PaymentFlowP...
> 14 | ...mport { VodafoneCashFlow } from "@/components/checkout/payment-flows/VodafoneCashFlow";
     |    ^^^^^^^^^^^^^^^^^^^^^^^^^^^^^^^^^^^^^^^^^^^^^^^^^^^^^^^^^^^^^^^^^^^^^^^^^^^^^^^^^^^^^^^^
  15 | ...mport {
  16 | ... checkoutReducer,
  17 | ... createInitialCheckoutState,

Import map: aliased to relative './components/checkout/payment-flows/VodafoneCashFlow' inside of [project]/

Import trace:
  Server Component:
    ./components/checkout/CheckoutPageClient.tsx
    ./app/checkout/page.tsx

https://nextjs.org/docs/messages/module-not-found @ http://localhost:3000/_next/static/chunks/node_modules_next_dist_1gdrd03._.js:1945
[ 1846386ms] [ERROR] ./components/checkout/CheckoutPageClient.tsx:14:1
Module not found: Can't resolve '@/components/checkout/payment-flows/VodafoneCashFlow'
  12 | ...mport { CashOnDeliveryFlow } from "@/components/checkout/payment-flows/CashOnDeliveryFl...
  13 | ...mport { PaymentFlowPlaceholder } from "@/components/checkout/payment-flows/PaymentFlowP...
> 14 | ...mport { VodafoneCashFlow } from "@/components/checkout/payment-flows/VodafoneCashFlow";
     |    ^^^^^^^^^^^^^^^^^^^^^^^^^^^^^^^^^^^^^^^^^^^^^^^^^^^^^^^^^^^^^^^^^^^^^^^^^^^^^^^^^^^^^^^^
  15 | ...mport {
  16 | ... checkoutReducer,
  17 | ... createInitialCheckoutState,

Import map: aliased to relative './components/checkout/payment-flows/VodafoneCashFlow' inside of [project]/

Import trace:
  Server Component:
    ./components/checkout/CheckoutPageClient.tsx
    ./app/checkout/page.tsx

https://nextjs.org/docs/messages/module-not-found @ http://localhost:3000/_next/static/chunks/node_modules_next_dist_1gdrd03._.js:1945
[ 1846448ms] [ERROR] ./components/checkout/CheckoutPageClient.tsx:14:1
Module not found: Can't resolve '@/components/checkout/payment-flows/VodafoneCashFlow'
  12 | ...mport { CashOnDeliveryFlow } from "@/components/checkout/payment-flows/CashOnDeliveryFl...
  13 | ...mport { PaymentFlowPlaceholder } from "@/components/checkout/payment-flows/PaymentFlowP...
> 14 | ...mport { VodafoneCashFlow } from "@/components/checkout/payment-flows/VodafoneCashFlow";
     |    ^^^^^^^^^^^^^^^^^^^^^^^^^^^^^^^^^^^^^^^^^^^^^^^^^^^^^^^^^^^^^^^^^^^^^^^^^^^^^^^^^^^^^^^^
  15 | ...mport {
  16 | ... checkoutReducer,
  17 | ... createInitialCheckoutState,

Import map: aliased to relative './components/checkout/payment-flows/VodafoneCashFlow' inside of [project]/

Import trace:
  Server Component:
    ./components/checkout/CheckoutPageClient.tsx
    ./app/checkout/page.tsx

https://nextjs.org/docs/messages/module-not-found @ http://localhost:3000/_next/static/chunks/node_modules_next_dist_1gdrd03._.js:1945
[ 1846512ms] [ERROR] ./components/checkout/CheckoutPageClient.tsx:14:1
Module not found: Can't resolve '@/components/checkout/payment-flows/VodafoneCashFlow'
  12 | ...mport { CashOnDeliveryFlow } from "@/components/checkout/payment-flows/CashOnDeliveryFl...
  13 | ...mport { PaymentFlowPlaceholder } from "@/components/checkout/payment-flows/PaymentFlowP...
> 14 | ...mport { VodafoneCashFlow } from "@/components/checkout/payment-flows/VodafoneCashFlow";
     |    ^^^^^^^^^^^^^^^^^^^^^^^^^^^^^^^^^^^^^^^^^^^^^^^^^^^^^^^^^^^^^^^^^^^^^^^^^^^^^^^^^^^^^^^^
  15 | ...mport {
  16 | ... checkoutReducer,
  17 | ... createInitialCheckoutState,

Import map: aliased to relative './components/checkout/payment-flows/VodafoneCashFlow' inside of [project]/

Import trace:
  Server Component:
    ./components/checkout/CheckoutPageClient.tsx
    ./app/checkout/page.tsx

https://nextjs.org/docs/messages/module-not-found @ http://localhost:3000/_next/static/chunks/node_modules_next_dist_1gdrd03._.js:1945
[ 1846575ms] [ERROR] ./components/checkout/CheckoutPageClient.tsx:14:1
Module not found: Can't resolve '@/components/checkout/payment-flows/VodafoneCashFlow'
  12 | ...mport { CashOnDeliveryFlow } from "@/components/checkout/payment-flows/CashOnDeliveryFl...
  13 | ...mport { PaymentFlowPlaceholder } from "@/components/checkout/payment-flows/PaymentFlowP...
> 14 | ...mport { VodafoneCashFlow } from "@/components/checkout/payment-flows/VodafoneCashFlow";
     |    ^^^^^^^^^^^^^^^^^^^^^^^^^^^^^^^^^^^^^^^^^^^^^^^^^^^^^^^^^^^^^^^^^^^^^^^^^^^^^^^^^^^^^^^^
  15 | ...mport {
  16 | ... checkoutReducer,
  17 | ... createInitialCheckoutState,

Import map: aliased to relative './components/checkout/payment-flows/VodafoneCashFlow' inside of [project]/

Import trace:
  Server Component:
    ./components/checkout/CheckoutPageClient.tsx
    ./app/checkout/page.tsx

https://nextjs.org/docs/messages/module-not-found @ http://localhost:3000/_next/static/chunks/node_modules_next_dist_1gdrd03._.js:1945
[ 1846637ms] [ERROR] ./components/checkout/CheckoutPageClient.tsx:14:1
Module not found: Can't resolve '@/components/checkout/payment-flows/VodafoneCashFlow'
  12 | ...mport { CashOnDeliveryFlow } from "@/components/checkout/payment-flows/CashOnDeliveryFl...
  13 | ...mport { PaymentFlowPlaceholder } from "@/components/checkout/payment-flows/PaymentFlowP...
> 14 | ...mport { VodafoneCashFlow } from "@/components/checkout/payment-flows/VodafoneCashFlow";
     |    ^^^^^^^^^^^^^^^^^^^^^^^^^^^^^^^^^^^^^^^^^^^^^^^^^^^^^^^^^^^^^^^^^^^^^^^^^^^^^^^^^^^^^^^^
  15 | ...mport {
  16 | ... checkoutReducer,
  17 | ... createInitialCheckoutState,

Import map: aliased to relative './components/checkout/payment-flows/VodafoneCashFlow' inside of [project]/

Import trace:
  Server Component:
    ./components/checkout/CheckoutPageClient.tsx
    ./app/checkout/page.tsx

https://nextjs.org/docs/messages/module-not-found @ http://localhost:3000/_next/static/chunks/node_modules_next_dist_1gdrd03._.js:1945
[ 1846699ms] [ERROR] ./components/checkout/CheckoutPageClient.tsx:14:1
Module not found: Can't resolve '@/components/checkout/payment-flows/VodafoneCashFlow'
  12 | ...mport { CashOnDeliveryFlow } from "@/components/checkout/payment-flows/CashOnDeliveryFl...
  13 | ...mport { PaymentFlowPlaceholder } from "@/components/checkout/payment-flows/PaymentFlowP...
> 14 | ...mport { VodafoneCashFlow } from "@/components/checkout/payment-flows/VodafoneCashFlow";
     |    ^^^^^^^^^^^^^^^^^^^^^^^^^^^^^^^^^^^^^^^^^^^^^^^^^^^^^^^^^^^^^^^^^^^^^^^^^^^^^^^^^^^^^^^^
  15 | ...mport {
  16 | ... checkoutReducer,
  17 | ... createInitialCheckoutState,

Import map: aliased to relative './components/checkout/payment-flows/VodafoneCashFlow' inside of [project]/

Import trace:
  Server Component:
    ./components/checkout/CheckoutPageClient.tsx
    ./app/checkout/page.tsx

https://nextjs.org/docs/messages/module-not-found @ http://localhost:3000/_next/static/chunks/node_modules_next_dist_1gdrd03._.js:1945
[ 1846761ms] [ERROR] ./components/checkout/CheckoutPageClient.tsx:14:1
Module not found: Can't resolve '@/components/checkout/payment-flows/VodafoneCashFlow'
  12 | ...mport { CashOnDeliveryFlow } from "@/components/checkout/payment-flows/CashOnDeliveryFl...
  13 | ...mport { PaymentFlowPlaceholder } from "@/components/checkout/payment-flows/PaymentFlowP...
> 14 | ...mport { VodafoneCashFlow } from "@/components/checkout/payment-flows/VodafoneCashFlow";
     |    ^^^^^^^^^^^^^^^^^^^^^^^^^^^^^^^^^^^^^^^^^^^^^^^^^^^^^^^^^^^^^^^^^^^^^^^^^^^^^^^^^^^^^^^^
  15 | ...mport {
  16 | ... checkoutReducer,
  17 | ... createInitialCheckoutState,

Import map: aliased to relative './components/checkout/payment-flows/VodafoneCashFlow' inside of [project]/

Import trace:
  Server Component:
    ./components/checkout/CheckoutPageClient.tsx
    ./app/checkout/page.tsx

https://nextjs.org/docs/messages/module-not-found @ http://localhost:3000/_next/static/chunks/node_modules_next_dist_1gdrd03._.js:1945
[ 1846824ms] [ERROR] ./components/checkout/CheckoutPageClient.tsx:14:1
Module not found: Can't resolve '@/components/checkout/payment-flows/VodafoneCashFlow'
  12 | ...mport { CashOnDeliveryFlow } from "@/components/checkout/payment-flows/CashOnDeliveryFl...
  13 | ...mport { PaymentFlowPlaceholder } from "@/components/checkout/payment-flows/PaymentFlowP...
> 14 | ...mport { VodafoneCashFlow } from "@/components/checkout/payment-flows/VodafoneCashFlow";
     |    ^^^^^^^^^^^^^^^^^^^^^^^^^^^^^^^^^^^^^^^^^^^^^^^^^^^^^^^^^^^^^^^^^^^^^^^^^^^^^^^^^^^^^^^^
  15 | ...mport {
  16 | ... checkoutReducer,
  17 | ... createInitialCheckoutState,

Import map: aliased to relative './components/checkout/payment-flows/VodafoneCashFlow' inside of [project]/

Import trace:
  Server Component:
    ./components/checkout/CheckoutPageClient.tsx
    ./app/checkout/page.tsx

https://nextjs.org/docs/messages/module-not-found @ http://localhost:3000/_next/static/chunks/node_modules_next_dist_1gdrd03._.js:1945
[ 1846886ms] [ERROR] ./components/checkout/CheckoutPageClient.tsx:14:1
Module not found: Can't resolve '@/components/checkout/payment-flows/VodafoneCashFlow'
  12 | ...mport { CashOnDeliveryFlow } from "@/components/checkout/payment-flows/CashOnDeliveryFl...
  13 | ...mport { PaymentFlowPlaceholder } from "@/components/checkout/payment-flows/PaymentFlowP...
> 14 | ...mport { VodafoneCashFlow } from "@/components/checkout/payment-flows/VodafoneCashFlow";
     |    ^^^^^^^^^^^^^^^^^^^^^^^^^^^^^^^^^^^^^^^^^^^^^^^^^^^^^^^^^^^^^^^^^^^^^^^^^^^^^^^^^^^^^^^^
  15 | ...mport {
  16 | ... checkoutReducer,
  17 | ... createInitialCheckoutState,

Import map: aliased to relative './components/checkout/payment-flows/VodafoneCashFlow' inside of [project]/

Import trace:
  Server Component:
    ./components/checkout/CheckoutPageClient.tsx
    ./app/checkout/page.tsx

https://nextjs.org/docs/messages/module-not-found @ http://localhost:3000/_next/static/chunks/node_modules_next_dist_1gdrd03._.js:1945
[ 1846950ms] [ERROR] ./components/checkout/CheckoutPageClient.tsx:14:1
Module not found: Can't resolve '@/components/checkout/payment-flows/VodafoneCashFlow'
  12 | ...mport { CashOnDeliveryFlow } from "@/components/checkout/payment-flows/CashOnDeliveryFl...
  13 | ...mport { PaymentFlowPlaceholder } from "@/components/checkout/payment-flows/PaymentFlowP...
> 14 | ...mport { VodafoneCashFlow } from "@/components/checkout/payment-flows/VodafoneCashFlow";
     |    ^^^^^^^^^^^^^^^^^^^^^^^^^^^^^^^^^^^^^^^^^^^^^^^^^^^^^^^^^^^^^^^^^^^^^^^^^^^^^^^^^^^^^^^^
  15 | ...mport {
  16 | ... checkoutReducer,
  17 | ... createInitialCheckoutState,

Import map: aliased to relative './components/checkout/payment-flows/VodafoneCashFlow' inside of [project]/

Import trace:
  Server Component:
    ./components/checkout/CheckoutPageClient.tsx
    ./app/checkout/page.tsx

https://nextjs.org/docs/messages/module-not-found @ http://localhost:3000/_next/static/chunks/node_modules_next_dist_1gdrd03._.js:1945
[ 1847013ms] [ERROR] ./components/checkout/CheckoutPageClient.tsx:14:1
Module not found: Can't resolve '@/components/checkout/payment-flows/VodafoneCashFlow'
  12 | ...mport { CashOnDeliveryFlow } from "@/components/checkout/payment-flows/CashOnDeliveryFl...
  13 | ...mport { PaymentFlowPlaceholder } from "@/components/checkout/payment-flows/PaymentFlowP...
> 14 | ...mport { VodafoneCashFlow } from "@/components/checkout/payment-flows/VodafoneCashFlow";
     |    ^^^^^^^^^^^^^^^^^^^^^^^^^^^^^^^^^^^^^^^^^^^^^^^^^^^^^^^^^^^^^^^^^^^^^^^^^^^^^^^^^^^^^^^^
  15 | ...mport {
  16 | ... checkoutReducer,
  17 | ... createInitialCheckoutState,

Import map: aliased to relative './components/checkout/payment-flows/VodafoneCashFlow' inside of [project]/

Import trace:
  Server Component:
    ./components/checkout/CheckoutPageClient.tsx
    ./app/checkout/page.tsx

https://nextjs.org/docs/messages/module-not-found @ http://localhost:3000/_next/static/chunks/node_modules_next_dist_1gdrd03._.js:1945
[ 1847077ms] [ERROR] ./components/checkout/CheckoutPageClient.tsx:14:1
Module not found: Can't resolve '@/components/checkout/payment-flows/VodafoneCashFlow'
  12 | ...mport { CashOnDeliveryFlow } from "@/components/checkout/payment-flows/CashOnDeliveryFl...
  13 | ...mport { PaymentFlowPlaceholder } from "@/components/checkout/payment-flows/PaymentFlowP...
> 14 | ...mport { VodafoneCashFlow } from "@/components/checkout/payment-flows/VodafoneCashFlow";
     |    ^^^^^^^^^^^^^^^^^^^^^^^^^^^^^^^^^^^^^^^^^^^^^^^^^^^^^^^^^^^^^^^^^^^^^^^^^^^^^^^^^^^^^^^^
  15 | ...mport {
  16 | ... checkoutReducer,
  17 | ... createInitialCheckoutState,

Import map: aliased to relative './components/checkout/payment-flows/VodafoneCashFlow' inside of [project]/

Import trace:
  Server Component:
    ./components/checkout/CheckoutPageClient.tsx
    ./app/checkout/page.tsx

https://nextjs.org/docs/messages/module-not-found @ http://localhost:3000/_next/static/chunks/node_modules_next_dist_1gdrd03._.js:1945
[ 1847140ms] [ERROR] ./components/checkout/CheckoutPageClient.tsx:14:1
Module not found: Can't resolve '@/components/checkout/payment-flows/VodafoneCashFlow'
  12 | ...mport { CashOnDeliveryFlow } from "@/components/checkout/payment-flows/CashOnDeliveryFl...
  13 | ...mport { PaymentFlowPlaceholder } from "@/components/checkout/payment-flows/PaymentFlowP...
> 14 | ...mport { VodafoneCashFlow } from "@/components/checkout/payment-flows/VodafoneCashFlow";
     |    ^^^^^^^^^^^^^^^^^^^^^^^^^^^^^^^^^^^^^^^^^^^^^^^^^^^^^^^^^^^^^^^^^^^^^^^^^^^^^^^^^^^^^^^^
  15 | ...mport {
  16 | ... checkoutReducer,
  17 | ... createInitialCheckoutState,

Import map: aliased to relative './components/checkout/payment-flows/VodafoneCashFlow' inside of [project]/

Import trace:
  Server Component:
    ./components/checkout/CheckoutPageClient.tsx
    ./app/checkout/page.tsx

https://nextjs.org/docs/messages/module-not-found @ http://localhost:3000/_next/static/chunks/node_modules_next_dist_1gdrd03._.js:1945
[ 1847203ms] [ERROR] ./components/checkout/CheckoutPageClient.tsx:14:1
Module not found: Can't resolve '@/components/checkout/payment-flows/VodafoneCashFlow'
  12 | ...mport { CashOnDeliveryFlow } from "@/components/checkout/payment-flows/CashOnDeliveryFl...
  13 | ...mport { PaymentFlowPlaceholder } from "@/components/checkout/payment-flows/PaymentFlowP...
> 14 | ...mport { VodafoneCashFlow } from "@/components/checkout/payment-flows/VodafoneCashFlow";
     |    ^^^^^^^^^^^^^^^^^^^^^^^^^^^^^^^^^^^^^^^^^^^^^^^^^^^^^^^^^^^^^^^^^^^^^^^^^^^^^^^^^^^^^^^^
  15 | ...mport {
  16 | ... checkoutReducer,
  17 | ... createInitialCheckoutState,

Import map: aliased to relative './components/checkout/payment-flows/VodafoneCashFlow' inside of [project]/

Import trace:
  Server Component:
    ./components/checkout/CheckoutPageClient.tsx
    ./app/checkout/page.tsx

https://nextjs.org/docs/messages/module-not-found @ http://localhost:3000/_next/static/chunks/node_modules_next_dist_1gdrd03._.js:1945
[ 1847266ms] [ERROR] ./components/checkout/CheckoutPageClient.tsx:14:1
Module not found: Can't resolve '@/components/checkout/payment-flows/VodafoneCashFlow'
  12 | ...mport { CashOnDeliveryFlow } from "@/components/checkout/payment-flows/CashOnDeliveryFl...
  13 | ...mport { PaymentFlowPlaceholder } from "@/components/checkout/payment-flows/PaymentFlowP...
> 14 | ...mport { VodafoneCashFlow } from "@/components/checkout/payment-flows/VodafoneCashFlow";
     |    ^^^^^^^^^^^^^^^^^^^^^^^^^^^^^^^^^^^^^^^^^^^^^^^^^^^^^^^^^^^^^^^^^^^^^^^^^^^^^^^^^^^^^^^^
  15 | ...mport {
  16 | ... checkoutReducer,
  17 | ... createInitialCheckoutState,

Import map: aliased to relative './components/checkout/payment-flows/VodafoneCashFlow' inside of [project]/

Import trace:
  Server Component:
    ./components/checkout/CheckoutPageClient.tsx
    ./app/checkout/page.tsx

https://nextjs.org/docs/messages/module-not-found @ http://localhost:3000/_next/static/chunks/node_modules_next_dist_1gdrd03._.js:1945
[ 1847328ms] [ERROR] ./components/checkout/CheckoutPageClient.tsx:14:1
Module not found: Can't resolve '@/components/checkout/payment-flows/VodafoneCashFlow'
  12 | ...mport { CashOnDeliveryFlow } from "@/components/checkout/payment-flows/CashOnDeliveryFl...
  13 | ...mport { PaymentFlowPlaceholder } from "@/components/checkout/payment-flows/PaymentFlowP...
> 14 | ...mport { VodafoneCashFlow } from "@/components/checkout/payment-flows/VodafoneCashFlow";
     |    ^^^^^^^^^^^^^^^^^^^^^^^^^^^^^^^^^^^^^^^^^^^^^^^^^^^^^^^^^^^^^^^^^^^^^^^^^^^^^^^^^^^^^^^^
  15 | ...mport {
  16 | ... checkoutReducer,
  17 | ... createInitialCheckoutState,

Import map: aliased to relative './components/checkout/payment-flows/VodafoneCashFlow' inside of [project]/

Import trace:
  Server Component:
    ./components/checkout/CheckoutPageClient.tsx
    ./app/checkout/page.tsx

https://nextjs.org/docs/messages/module-not-found @ http://localhost:3000/_next/static/chunks/node_modules_next_dist_1gdrd03._.js:1945
[ 1847392ms] [ERROR] ./components/checkout/CheckoutPageClient.tsx:14:1
Module not found: Can't resolve '@/components/checkout/payment-flows/VodafoneCashFlow'
  12 | ...mport { CashOnDeliveryFlow } from "@/components/checkout/payment-flows/CashOnDeliveryFl...
  13 | ...mport { PaymentFlowPlaceholder } from "@/components/checkout/payment-flows/PaymentFlowP...
> 14 | ...mport { VodafoneCashFlow } from "@/components/checkout/payment-flows/VodafoneCashFlow";
     |    ^^^^^^^^^^^^^^^^^^^^^^^^^^^^^^^^^^^^^^^^^^^^^^^^^^^^^^^^^^^^^^^^^^^^^^^^^^^^^^^^^^^^^^^^
  15 | ...mport {
  16 | ... checkoutReducer,
  17 | ... createInitialCheckoutState,

Import map: aliased to relative './components/checkout/payment-flows/VodafoneCashFlow' inside of [project]/

Import trace:
  Server Component:
    ./components/checkout/CheckoutPageClient.tsx
    ./app/checkout/page.tsx

https://nextjs.org/docs/messages/module-not-found @ http://localhost:3000/_next/static/chunks/node_modules_next_dist_1gdrd03._.js:1945
[ 1847457ms] [ERROR] ./components/checkout/CheckoutPageClient.tsx:14:1
Module not found: Can't resolve '@/components/checkout/payment-flows/VodafoneCashFlow'
  12 | ...mport { CashOnDeliveryFlow } from "@/components/checkout/payment-flows/CashOnDeliveryFl...
  13 | ...mport { PaymentFlowPlaceholder } from "@/components/checkout/payment-flows/PaymentFlowP...
> 14 | ...mport { VodafoneCashFlow } from "@/components/checkout/payment-flows/VodafoneCashFlow";
     |    ^^^^^^^^^^^^^^^^^^^^^^^^^^^^^^^^^^^^^^^^^^^^^^^^^^^^^^^^^^^^^^^^^^^^^^^^^^^^^^^^^^^^^^^^
  15 | ...mport {
  16 | ... checkoutReducer,
  17 | ... createInitialCheckoutState,

Import map: aliased to relative './components/checkout/payment-flows/VodafoneCashFlow' inside of [project]/

Import trace:
  Server Component:
    ./components/checkout/CheckoutPageClient.tsx
    ./app/checkout/page.tsx

https://nextjs.org/docs/messages/module-not-found @ http://localhost:3000/_next/static/chunks/node_modules_next_dist_1gdrd03._.js:1945
[ 1847535ms] [ERROR] ./components/checkout/CheckoutPageClient.tsx:14:1
Module not found: Can't resolve '@/components/checkout/payment-flows/VodafoneCashFlow'
  12 | ...mport { CashOnDeliveryFlow } from "@/components/checkout/payment-flows/CashOnDeliveryFl...
  13 | ...mport { PaymentFlowPlaceholder } from "@/components/checkout/payment-flows/PaymentFlowP...
> 14 | ...mport { VodafoneCashFlow } from "@/components/checkout/payment-flows/VodafoneCashFlow";
     |    ^^^^^^^^^^^^^^^^^^^^^^^^^^^^^^^^^^^^^^^^^^^^^^^^^^^^^^^^^^^^^^^^^^^^^^^^^^^^^^^^^^^^^^^^
  15 | ...mport {
  16 | ... checkoutReducer,
  17 | ... createInitialCheckoutState,

Import map: aliased to relative './components/checkout/payment-flows/VodafoneCashFlow' inside of [project]/

Import trace:
  Server Component:
    ./components/checkout/CheckoutPageClient.tsx
    ./app/checkout/page.tsx

https://nextjs.org/docs/messages/module-not-found @ http://localhost:3000/_next/static/chunks/node_modules_next_dist_1gdrd03._.js:1945
[ 1847598ms] [ERROR] ./components/checkout/CheckoutPageClient.tsx:14:1
Module not found: Can't resolve '@/components/checkout/payment-flows/VodafoneCashFlow'
  12 | ...mport { CashOnDeliveryFlow } from "@/components/checkout/payment-flows/CashOnDeliveryFl...
  13 | ...mport { PaymentFlowPlaceholder } from "@/components/checkout/payment-flows/PaymentFlowP...
> 14 | ...mport { VodafoneCashFlow } from "@/components/checkout/payment-flows/VodafoneCashFlow";
     |    ^^^^^^^^^^^^^^^^^^^^^^^^^^^^^^^^^^^^^^^^^^^^^^^^^^^^^^^^^^^^^^^^^^^^^^^^^^^^^^^^^^^^^^^^
  15 | ...mport {
  16 | ... checkoutReducer,
  17 | ... createInitialCheckoutState,

Import map: aliased to relative './components/checkout/payment-flows/VodafoneCashFlow' inside of [project]/

Import trace:
  Server Component:
    ./components/checkout/CheckoutPageClient.tsx
    ./app/checkout/page.tsx

https://nextjs.org/docs/messages/module-not-found @ http://localhost:3000/_next/static/chunks/node_modules_next_dist_1gdrd03._.js:1945
[ 1847660ms] [ERROR] ./components/checkout/CheckoutPageClient.tsx:14:1
Module not found: Can't resolve '@/components/checkout/payment-flows/VodafoneCashFlow'
  12 | ...mport { CashOnDeliveryFlow } from "@/components/checkout/payment-flows/CashOnDeliveryFl...
  13 | ...mport { PaymentFlowPlaceholder } from "@/components/checkout/payment-flows/PaymentFlowP...
> 14 | ...mport { VodafoneCashFlow } from "@/components/checkout/payment-flows/VodafoneCashFlow";
     |    ^^^^^^^^^^^^^^^^^^^^^^^^^^^^^^^^^^^^^^^^^^^^^^^^^^^^^^^^^^^^^^^^^^^^^^^^^^^^^^^^^^^^^^^^
  15 | ...mport {
  16 | ... checkoutReducer,
  17 | ... createInitialCheckoutState,

Import map: aliased to relative './components/checkout/payment-flows/VodafoneCashFlow' inside of [project]/

Import trace:
  Server Component:
    ./components/checkout/CheckoutPageClient.tsx
    ./app/checkout/page.tsx

https://nextjs.org/docs/messages/module-not-found @ http://localhost:3000/_next/static/chunks/node_modules_next_dist_1gdrd03._.js:1945
[ 1847721ms] [ERROR] ./components/checkout/CheckoutPageClient.tsx:14:1
Module not found: Can't resolve '@/components/checkout/payment-flows/VodafoneCashFlow'
  12 | ...mport { CashOnDeliveryFlow } from "@/components/checkout/payment-flows/CashOnDeliveryFl...
  13 | ...mport { PaymentFlowPlaceholder } from "@/components/checkout/payment-flows/PaymentFlowP...
> 14 | ...mport { VodafoneCashFlow } from "@/components/checkout/payment-flows/VodafoneCashFlow";
     |    ^^^^^^^^^^^^^^^^^^^^^^^^^^^^^^^^^^^^^^^^^^^^^^^^^^^^^^^^^^^^^^^^^^^^^^^^^^^^^^^^^^^^^^^^
  15 | ...mport {
  16 | ... checkoutReducer,
  17 | ... createInitialCheckoutState,

Import map: aliased to relative './components/checkout/payment-flows/VodafoneCashFlow' inside of [project]/

Import trace:
  Server Component:
    ./components/checkout/CheckoutPageClient.tsx
    ./app/checkout/page.tsx

https://nextjs.org/docs/messages/module-not-found @ http://localhost:3000/_next/static/chunks/node_modules_next_dist_1gdrd03._.js:1945
[ 1847783ms] [ERROR] ./components/checkout/CheckoutPageClient.tsx:14:1
Module not found: Can't resolve '@/components/checkout/payment-flows/VodafoneCashFlow'
  12 | ...mport { CashOnDeliveryFlow } from "@/components/checkout/payment-flows/CashOnDeliveryFl...
  13 | ...mport { PaymentFlowPlaceholder } from "@/components/checkout/payment-flows/PaymentFlowP...
> 14 | ...mport { VodafoneCashFlow } from "@/components/checkout/payment-flows/VodafoneCashFlow";
     |    ^^^^^^^^^^^^^^^^^^^^^^^^^^^^^^^^^^^^^^^^^^^^^^^^^^^^^^^^^^^^^^^^^^^^^^^^^^^^^^^^^^^^^^^^
  15 | ...mport {
  16 | ... checkoutReducer,
  17 | ... createInitialCheckoutState,

Import map: aliased to relative './components/checkout/payment-flows/VodafoneCashFlow' inside of [project]/

Import trace:
  Server Component:
    ./components/checkout/CheckoutPageClient.tsx
    ./app/checkout/page.tsx

https://nextjs.org/docs/messages/module-not-found @ http://localhost:3000/_next/static/chunks/node_modules_next_dist_1gdrd03._.js:1945
[ 1847846ms] [ERROR] ./components/checkout/CheckoutPageClient.tsx:14:1
Module not found: Can't resolve '@/components/checkout/payment-flows/VodafoneCashFlow'
  12 | ...mport { CashOnDeliveryFlow } from "@/components/checkout/payment-flows/CashOnDeliveryFl...
  13 | ...mport { PaymentFlowPlaceholder } from "@/components/checkout/payment-flows/PaymentFlowP...
> 14 | ...mport { VodafoneCashFlow } from "@/components/checkout/payment-flows/VodafoneCashFlow";
     |    ^^^^^^^^^^^^^^^^^^^^^^^^^^^^^^^^^^^^^^^^^^^^^^^^^^^^^^^^^^^^^^^^^^^^^^^^^^^^^^^^^^^^^^^^
  15 | ...mport {
  16 | ... checkoutReducer,
  17 | ... createInitialCheckoutState,

Import map: aliased to relative './components/checkout/payment-flows/VodafoneCashFlow' inside of [project]/

Import trace:
  Server Component:
    ./components/checkout/CheckoutPageClient.tsx
    ./app/checkout/page.tsx

https://nextjs.org/docs/messages/module-not-found @ http://localhost:3000/_next/static/chunks/node_modules_next_dist_1gdrd03._.js:1945
[ 1847907ms] [ERROR] ./components/checkout/CheckoutPageClient.tsx:14:1
Module not found: Can't resolve '@/components/checkout/payment-flows/VodafoneCashFlow'
  12 | ...mport { CashOnDeliveryFlow } from "@/components/checkout/payment-flows/CashOnDeliveryFl...
  13 | ...mport { PaymentFlowPlaceholder } from "@/components/checkout/payment-flows/PaymentFlowP...
> 14 | ...mport { VodafoneCashFlow } from "@/components/checkout/payment-flows/VodafoneCashFlow";
     |    ^^^^^^^^^^^^^^^^^^^^^^^^^^^^^^^^^^^^^^^^^^^^^^^^^^^^^^^^^^^^^^^^^^^^^^^^^^^^^^^^^^^^^^^^
  15 | ...mport {
  16 | ... checkoutReducer,
  17 | ... createInitialCheckoutState,

Import map: aliased to relative './components/checkout/payment-flows/VodafoneCashFlow' inside of [project]/

Import trace:
  Server Component:
    ./components/checkout/CheckoutPageClient.tsx
    ./app/checkout/page.tsx

https://nextjs.org/docs/messages/module-not-found @ http://localhost:3000/_next/static/chunks/node_modules_next_dist_1gdrd03._.js:1945
[ 1847970ms] [ERROR] ./components/checkout/CheckoutPageClient.tsx:14:1
Module not found: Can't resolve '@/components/checkout/payment-flows/VodafoneCashFlow'
  12 | ...mport { CashOnDeliveryFlow } from "@/components/checkout/payment-flows/CashOnDeliveryFl...
  13 | ...mport { PaymentFlowPlaceholder } from "@/components/checkout/payment-flows/PaymentFlowP...
> 14 | ...mport { VodafoneCashFlow } from "@/components/checkout/payment-flows/VodafoneCashFlow";
     |    ^^^^^^^^^^^^^^^^^^^^^^^^^^^^^^^^^^^^^^^^^^^^^^^^^^^^^^^^^^^^^^^^^^^^^^^^^^^^^^^^^^^^^^^^
  15 | ...mport {
  16 | ... checkoutReducer,
  17 | ... createInitialCheckoutState,

Import map: aliased to relative './components/checkout/payment-flows/VodafoneCashFlow' inside of [project]/

Import trace:
  Server Component:
    ./components/checkout/CheckoutPageClient.tsx
    ./app/checkout/page.tsx

https://nextjs.org/docs/messages/module-not-found @ http://localhost:3000/_next/static/chunks/node_modules_next_dist_1gdrd03._.js:1945
[ 1848032ms] [ERROR] ./components/checkout/CheckoutPageClient.tsx:14:1
Module not found: Can't resolve '@/components/checkout/payment-flows/VodafoneCashFlow'
  12 | ...mport { CashOnDeliveryFlow } from "@/components/checkout/payment-flows/CashOnDeliveryFl...
  13 | ...mport { PaymentFlowPlaceholder } from "@/components/checkout/payment-flows/PaymentFlowP...
> 14 | ...mport { VodafoneCashFlow } from "@/components/checkout/payment-flows/VodafoneCashFlow";
     |    ^^^^^^^^^^^^^^^^^^^^^^^^^^^^^^^^^^^^^^^^^^^^^^^^^^^^^^^^^^^^^^^^^^^^^^^^^^^^^^^^^^^^^^^^
  15 | ...mport {
  16 | ... checkoutReducer,
  17 | ... createInitialCheckoutState,

Import map: aliased to relative './components/checkout/payment-flows/VodafoneCashFlow' inside of [project]/

Import trace:
  Server Component:
    ./components/checkout/CheckoutPageClient.tsx
    ./app/checkout/page.tsx

https://nextjs.org/docs/messages/module-not-found @ http://localhost:3000/_next/static/chunks/node_modules_next_dist_1gdrd03._.js:1945
[ 1848095ms] [ERROR] ./components/checkout/CheckoutPageClient.tsx:14:1
Module not found: Can't resolve '@/components/checkout/payment-flows/VodafoneCashFlow'
  12 | ...mport { CashOnDeliveryFlow } from "@/components/checkout/payment-flows/CashOnDeliveryFl...
  13 | ...mport { PaymentFlowPlaceholder } from "@/components/checkout/payment-flows/PaymentFlowP...
> 14 | ...mport { VodafoneCashFlow } from "@/components/checkout/payment-flows/VodafoneCashFlow";
     |    ^^^^^^^^^^^^^^^^^^^^^^^^^^^^^^^^^^^^^^^^^^^^^^^^^^^^^^^^^^^^^^^^^^^^^^^^^^^^^^^^^^^^^^^^
  15 | ...mport {
  16 | ... checkoutReducer,
  17 | ... createInitialCheckoutState,

Import map: aliased to relative './components/checkout/payment-flows/VodafoneCashFlow' inside of [project]/

Import trace:
  Server Component:
    ./components/checkout/CheckoutPageClient.tsx
    ./app/checkout/page.tsx

https://nextjs.org/docs/messages/module-not-found @ http://localhost:3000/_next/static/chunks/node_modules_next_dist_1gdrd03._.js:1945
[ 1848157ms] [ERROR] ./components/checkout/CheckoutPageClient.tsx:14:1
Module not found: Can't resolve '@/components/checkout/payment-flows/VodafoneCashFlow'
  12 | ...mport { CashOnDeliveryFlow } from "@/components/checkout/payment-flows/CashOnDeliveryFl...
  13 | ...mport { PaymentFlowPlaceholder } from "@/components/checkout/payment-flows/PaymentFlowP...
> 14 | ...mport { VodafoneCashFlow } from "@/components/checkout/payment-flows/VodafoneCashFlow";
     |    ^^^^^^^^^^^^^^^^^^^^^^^^^^^^^^^^^^^^^^^^^^^^^^^^^^^^^^^^^^^^^^^^^^^^^^^^^^^^^^^^^^^^^^^^
  15 | ...mport {
  16 | ... checkoutReducer,
  17 | ... createInitialCheckoutState,

Import map: aliased to relative './components/checkout/payment-flows/VodafoneCashFlow' inside of [project]/

Import trace:
  Server Component:
    ./components/checkout/CheckoutPageClient.tsx
    ./app/checkout/page.tsx

https://nextjs.org/docs/messages/module-not-found @ http://localhost:3000/_next/static/chunks/node_modules_next_dist_1gdrd03._.js:1945
[ 1848220ms] [ERROR] ./components/checkout/CheckoutPageClient.tsx:14:1
Module not found: Can't resolve '@/components/checkout/payment-flows/VodafoneCashFlow'
  12 | ...mport { CashOnDeliveryFlow } from "@/components/checkout/payment-flows/CashOnDeliveryFl...
  13 | ...mport { PaymentFlowPlaceholder } from "@/components/checkout/payment-flows/PaymentFlowP...
> 14 | ...mport { VodafoneCashFlow } from "@/components/checkout/payment-flows/VodafoneCashFlow";
     |    ^^^^^^^^^^^^^^^^^^^^^^^^^^^^^^^^^^^^^^^^^^^^^^^^^^^^^^^^^^^^^^^^^^^^^^^^^^^^^^^^^^^^^^^^
  15 | ...mport {
  16 | ... checkoutReducer,
  17 | ... createInitialCheckoutState,

Import map: aliased to relative './components/checkout/payment-flows/VodafoneCashFlow' inside of [project]/

Import trace:
  Server Component:
    ./components/checkout/CheckoutPageClient.tsx
    ./app/checkout/page.tsx

https://nextjs.org/docs/messages/module-not-found @ http://localhost:3000/_next/static/chunks/node_modules_next_dist_1gdrd03._.js:1945
[ 1848284ms] [ERROR] ./components/checkout/CheckoutPageClient.tsx:14:1
Module not found: Can't resolve '@/components/checkout/payment-flows/VodafoneCashFlow'
  12 | ...mport { CashOnDeliveryFlow } from "@/components/checkout/payment-flows/CashOnDeliveryFl...
  13 | ...mport { PaymentFlowPlaceholder } from "@/components/checkout/payment-flows/PaymentFlowP...
> 14 | ...mport { VodafoneCashFlow } from "@/components/checkout/payment-flows/VodafoneCashFlow";
     |    ^^^^^^^^^^^^^^^^^^^^^^^^^^^^^^^^^^^^^^^^^^^^^^^^^^^^^^^^^^^^^^^^^^^^^^^^^^^^^^^^^^^^^^^^
  15 | ...mport {
  16 | ... checkoutReducer,
  17 | ... createInitialCheckoutState,

Import map: aliased to relative './components/checkout/payment-flows/VodafoneCashFlow' inside of [project]/

Import trace:
  Server Component:
    ./components/checkout/CheckoutPageClient.tsx
    ./app/checkout/page.tsx

https://nextjs.org/docs/messages/module-not-found @ http://localhost:3000/_next/static/chunks/node_modules_next_dist_1gdrd03._.js:1945
[ 1848347ms] [ERROR] ./components/checkout/CheckoutPageClient.tsx:14:1
Module not found: Can't resolve '@/components/checkout/payment-flows/VodafoneCashFlow'
  12 | ...mport { CashOnDeliveryFlow } from "@/components/checkout/payment-flows/CashOnDeliveryFl...
  13 | ...mport { PaymentFlowPlaceholder } from "@/components/checkout/payment-flows/PaymentFlowP...
> 14 | ...mport { VodafoneCashFlow } from "@/components/checkout/payment-flows/VodafoneCashFlow";
     |    ^^^^^^^^^^^^^^^^^^^^^^^^^^^^^^^^^^^^^^^^^^^^^^^^^^^^^^^^^^^^^^^^^^^^^^^^^^^^^^^^^^^^^^^^
  15 | ...mport {
  16 | ... checkoutReducer,
  17 | ... createInitialCheckoutState,

Import map: aliased to relative './components/checkout/payment-flows/VodafoneCashFlow' inside of [project]/

Import trace:
  Server Component:
    ./components/checkout/CheckoutPageClient.tsx
    ./app/checkout/page.tsx

https://nextjs.org/docs/messages/module-not-found @ http://localhost:3000/_next/static/chunks/node_modules_next_dist_1gdrd03._.js:1945
[ 1848409ms] [ERROR] ./components/checkout/CheckoutPageClient.tsx:14:1
Module not found: Can't resolve '@/components/checkout/payment-flows/VodafoneCashFlow'
  12 | ...mport { CashOnDeliveryFlow } from "@/components/checkout/payment-flows/CashOnDeliveryFl...
  13 | ...mport { PaymentFlowPlaceholder } from "@/components/checkout/payment-flows/PaymentFlowP...
> 14 | ...mport { VodafoneCashFlow } from "@/components/checkout/payment-flows/VodafoneCashFlow";
     |    ^^^^^^^^^^^^^^^^^^^^^^^^^^^^^^^^^^^^^^^^^^^^^^^^^^^^^^^^^^^^^^^^^^^^^^^^^^^^^^^^^^^^^^^^
  15 | ...mport {
  16 | ... checkoutReducer,
  17 | ... createInitialCheckoutState,

Import map: aliased to relative './components/checkout/payment-flows/VodafoneCashFlow' inside of [project]/

Import trace:
  Server Component:
    ./components/checkout/CheckoutPageClient.tsx
    ./app/checkout/page.tsx

https://nextjs.org/docs/messages/module-not-found @ http://localhost:3000/_next/static/chunks/node_modules_next_dist_1gdrd03._.js:1945
[ 1848473ms] [ERROR] ./components/checkout/CheckoutPageClient.tsx:14:1
Module not found: Can't resolve '@/components/checkout/payment-flows/VodafoneCashFlow'
  12 | ...mport { CashOnDeliveryFlow } from "@/components/checkout/payment-flows/CashOnDeliveryFl...
  13 | ...mport { PaymentFlowPlaceholder } from "@/components/checkout/payment-flows/PaymentFlowP...
> 14 | ...mport { VodafoneCashFlow } from "@/components/checkout/payment-flows/VodafoneCashFlow";
     |    ^^^^^^^^^^^^^^^^^^^^^^^^^^^^^^^^^^^^^^^^^^^^^^^^^^^^^^^^^^^^^^^^^^^^^^^^^^^^^^^^^^^^^^^^
  15 | ...mport {
  16 | ... checkoutReducer,
  17 | ... createInitialCheckoutState,

Import map: aliased to relative './components/checkout/payment-flows/VodafoneCashFlow' inside of [project]/

Import trace:
  Server Component:
    ./components/checkout/CheckoutPageClient.tsx
    ./app/checkout/page.tsx

https://nextjs.org/docs/messages/module-not-found @ http://localhost:3000/_next/static/chunks/node_modules_next_dist_1gdrd03._.js:1945
[ 1848536ms] [ERROR] ./components/checkout/CheckoutPageClient.tsx:14:1
Module not found: Can't resolve '@/components/checkout/payment-flows/VodafoneCashFlow'
  12 | ...mport { CashOnDeliveryFlow } from "@/components/checkout/payment-flows/CashOnDeliveryFl...
  13 | ...mport { PaymentFlowPlaceholder } from "@/components/checkout/payment-flows/PaymentFlowP...
> 14 | ...mport { VodafoneCashFlow } from "@/components/checkout/payment-flows/VodafoneCashFlow";
     |    ^^^^^^^^^^^^^^^^^^^^^^^^^^^^^^^^^^^^^^^^^^^^^^^^^^^^^^^^^^^^^^^^^^^^^^^^^^^^^^^^^^^^^^^^
  15 | ...mport {
  16 | ... checkoutReducer,
  17 | ... createInitialCheckoutState,

Import map: aliased to relative './components/checkout/payment-flows/VodafoneCashFlow' inside of [project]/

Import trace:
  Server Component:
    ./components/checkout/CheckoutPageClient.tsx
    ./app/checkout/page.tsx

https://nextjs.org/docs/messages/module-not-found @ http://localhost:3000/_next/static/chunks/node_modules_next_dist_1gdrd03._.js:1945
[ 1848598ms] [ERROR] ./components/checkout/CheckoutPageClient.tsx:14:1
Module not found: Can't resolve '@/components/checkout/payment-flows/VodafoneCashFlow'
  12 | ...mport { CashOnDeliveryFlow } from "@/components/checkout/payment-flows/CashOnDeliveryFl...
  13 | ...mport { PaymentFlowPlaceholder } from "@/components/checkout/payment-flows/PaymentFlowP...
> 14 | ...mport { VodafoneCashFlow } from "@/components/checkout/payment-flows/VodafoneCashFlow";
     |    ^^^^^^^^^^^^^^^^^^^^^^^^^^^^^^^^^^^^^^^^^^^^^^^^^^^^^^^^^^^^^^^^^^^^^^^^^^^^^^^^^^^^^^^^
  15 | ...mport {
  16 | ... checkoutReducer,
  17 | ... createInitialCheckoutState,

Import map: aliased to relative './components/checkout/payment-flows/VodafoneCashFlow' inside of [project]/

Import trace:
  Server Component:
    ./components/checkout/CheckoutPageClient.tsx
    ./app/checkout/page.tsx

https://nextjs.org/docs/messages/module-not-found @ http://localhost:3000/_next/static/chunks/node_modules_next_dist_1gdrd03._.js:1945
[ 1848660ms] [ERROR] ./components/checkout/CheckoutPageClient.tsx:14:1
Module not found: Can't resolve '@/components/checkout/payment-flows/VodafoneCashFlow'
  12 | ...mport { CashOnDeliveryFlow } from "@/components/checkout/payment-flows/CashOnDeliveryFl...
  13 | ...mport { PaymentFlowPlaceholder } from "@/components/checkout/payment-flows/PaymentFlowP...
> 14 | ...mport { VodafoneCashFlow } from "@/components/checkout/payment-flows/VodafoneCashFlow";
     |    ^^^^^^^^^^^^^^^^^^^^^^^^^^^^^^^^^^^^^^^^^^^^^^^^^^^^^^^^^^^^^^^^^^^^^^^^^^^^^^^^^^^^^^^^
  15 | ...mport {
  16 | ... checkoutReducer,
  17 | ... createInitialCheckoutState,

Import map: aliased to relative './components/checkout/payment-flows/VodafoneCashFlow' inside of [project]/

Import trace:
  Server Component:
    ./components/checkout/CheckoutPageClient.tsx
    ./app/checkout/page.tsx

https://nextjs.org/docs/messages/module-not-found @ http://localhost:3000/_next/static/chunks/node_modules_next_dist_1gdrd03._.js:1945
[ 1848720ms] [ERROR] ./components/checkout/CheckoutPageClient.tsx:14:1
Module not found: Can't resolve '@/components/checkout/payment-flows/VodafoneCashFlow'
  12 | ...mport { CashOnDeliveryFlow } from "@/components/checkout/payment-flows/CashOnDeliveryFl...
  13 | ...mport { PaymentFlowPlaceholder } from "@/components/checkout/payment-flows/PaymentFlowP...
> 14 | ...mport { VodafoneCashFlow } from "@/components/checkout/payment-flows/VodafoneCashFlow";
     |    ^^^^^^^^^^^^^^^^^^^^^^^^^^^^^^^^^^^^^^^^^^^^^^^^^^^^^^^^^^^^^^^^^^^^^^^^^^^^^^^^^^^^^^^^
  15 | ...mport {
  16 | ... checkoutReducer,
  17 | ... createInitialCheckoutState,

Import map: aliased to relative './components/checkout/payment-flows/VodafoneCashFlow' inside of [project]/

Import trace:
  Server Component:
    ./components/checkout/CheckoutPageClient.tsx
    ./app/checkout/page.tsx

https://nextjs.org/docs/messages/module-not-found @ http://localhost:3000/_next/static/chunks/node_modules_next_dist_1gdrd03._.js:1945
[ 1848784ms] [ERROR] ./components/checkout/CheckoutPageClient.tsx:14:1
Module not found: Can't resolve '@/components/checkout/payment-flows/VodafoneCashFlow'
  12 | ...mport { CashOnDeliveryFlow } from "@/components/checkout/payment-flows/CashOnDeliveryFl...
  13 | ...mport { PaymentFlowPlaceholder } from "@/components/checkout/payment-flows/PaymentFlowP...
> 14 | ...mport { VodafoneCashFlow } from "@/components/checkout/payment-flows/VodafoneCashFlow";
     |    ^^^^^^^^^^^^^^^^^^^^^^^^^^^^^^^^^^^^^^^^^^^^^^^^^^^^^^^^^^^^^^^^^^^^^^^^^^^^^^^^^^^^^^^^
  15 | ...mport {
  16 | ... checkoutReducer,
  17 | ... createInitialCheckoutState,

Import map: aliased to relative './components/checkout/payment-flows/VodafoneCashFlow' inside of [project]/

Import trace:
  Server Component:
    ./components/checkout/CheckoutPageClient.tsx
    ./app/checkout/page.tsx

https://nextjs.org/docs/messages/module-not-found @ http://localhost:3000/_next/static/chunks/node_modules_next_dist_1gdrd03._.js:1945
[ 1848845ms] [ERROR] ./components/checkout/CheckoutPageClient.tsx:14:1
Module not found: Can't resolve '@/components/checkout/payment-flows/VodafoneCashFlow'
  12 | ...mport { CashOnDeliveryFlow } from "@/components/checkout/payment-flows/CashOnDeliveryFl...
  13 | ...mport { PaymentFlowPlaceholder } from "@/components/checkout/payment-flows/PaymentFlowP...
> 14 | ...mport { VodafoneCashFlow } from "@/components/checkout/payment-flows/VodafoneCashFlow";
     |    ^^^^^^^^^^^^^^^^^^^^^^^^^^^^^^^^^^^^^^^^^^^^^^^^^^^^^^^^^^^^^^^^^^^^^^^^^^^^^^^^^^^^^^^^
  15 | ...mport {
  16 | ... checkoutReducer,
  17 | ... createInitialCheckoutState,

Import map: aliased to relative './components/checkout/payment-flows/VodafoneCashFlow' inside of [project]/

Import trace:
  Server Component:
    ./components/checkout/CheckoutPageClient.tsx
    ./app/checkout/page.tsx

https://nextjs.org/docs/messages/module-not-found @ http://localhost:3000/_next/static/chunks/node_modules_next_dist_1gdrd03._.js:1945
[ 1848909ms] [ERROR] ./components/checkout/CheckoutPageClient.tsx:14:1
Module not found: Can't resolve '@/components/checkout/payment-flows/VodafoneCashFlow'
  12 | ...mport { CashOnDeliveryFlow } from "@/components/checkout/payment-flows/CashOnDeliveryFl...
  13 | ...mport { PaymentFlowPlaceholder } from "@/components/checkout/payment-flows/PaymentFlowP...
> 14 | ...mport { VodafoneCashFlow } from "@/components/checkout/payment-flows/VodafoneCashFlow";
     |    ^^^^^^^^^^^^^^^^^^^^^^^^^^^^^^^^^^^^^^^^^^^^^^^^^^^^^^^^^^^^^^^^^^^^^^^^^^^^^^^^^^^^^^^^
  15 | ...mport {
  16 | ... checkoutReducer,
  17 | ... createInitialCheckoutState,

Import map: aliased to relative './components/checkout/payment-flows/VodafoneCashFlow' inside of [project]/

Import trace:
  Server Component:
    ./components/checkout/CheckoutPageClient.tsx
    ./app/checkout/page.tsx

https://nextjs.org/docs/messages/module-not-found @ http://localhost:3000/_next/static/chunks/node_modules_next_dist_1gdrd03._.js:1945
[ 1848972ms] [ERROR] ./components/checkout/CheckoutPageClient.tsx:14:1
Module not found: Can't resolve '@/components/checkout/payment-flows/VodafoneCashFlow'
  12 | ...mport { CashOnDeliveryFlow } from "@/components/checkout/payment-flows/CashOnDeliveryFl...
  13 | ...mport { PaymentFlowPlaceholder } from "@/components/checkout/payment-flows/PaymentFlowP...
> 14 | ...mport { VodafoneCashFlow } from "@/components/checkout/payment-flows/VodafoneCashFlow";
     |    ^^^^^^^^^^^^^^^^^^^^^^^^^^^^^^^^^^^^^^^^^^^^^^^^^^^^^^^^^^^^^^^^^^^^^^^^^^^^^^^^^^^^^^^^
  15 | ...mport {
  16 | ... checkoutReducer,
  17 | ... createInitialCheckoutState,

Import map: aliased to relative './components/checkout/payment-flows/VodafoneCashFlow' inside of [project]/

Import trace:
  Server Component:
    ./components/checkout/CheckoutPageClient.tsx
    ./app/checkout/page.tsx

https://nextjs.org/docs/messages/module-not-found @ http://localhost:3000/_next/static/chunks/node_modules_next_dist_1gdrd03._.js:1945
[ 1849035ms] [ERROR] ./components/checkout/CheckoutPageClient.tsx:14:1
Module not found: Can't resolve '@/components/checkout/payment-flows/VodafoneCashFlow'
  12 | ...mport { CashOnDeliveryFlow } from "@/components/checkout/payment-flows/CashOnDeliveryFl...
  13 | ...mport { PaymentFlowPlaceholder } from "@/components/checkout/payment-flows/PaymentFlowP...
> 14 | ...mport { VodafoneCashFlow } from "@/components/checkout/payment-flows/VodafoneCashFlow";
     |    ^^^^^^^^^^^^^^^^^^^^^^^^^^^^^^^^^^^^^^^^^^^^^^^^^^^^^^^^^^^^^^^^^^^^^^^^^^^^^^^^^^^^^^^^
  15 | ...mport {
  16 | ... checkoutReducer,
  17 | ... createInitialCheckoutState,

Import map: aliased to relative './components/checkout/payment-flows/VodafoneCashFlow' inside of [project]/

Import trace:
  Server Component:
    ./components/checkout/CheckoutPageClient.tsx
    ./app/checkout/page.tsx

https://nextjs.org/docs/messages/module-not-found @ http://localhost:3000/_next/static/chunks/node_modules_next_dist_1gdrd03._.js:1945
[ 1849098ms] [ERROR] ./components/checkout/CheckoutPageClient.tsx:14:1
Module not found: Can't resolve '@/components/checkout/payment-flows/VodafoneCashFlow'
  12 | ...mport { CashOnDeliveryFlow } from "@/components/checkout/payment-flows/CashOnDeliveryFl...
  13 | ...mport { PaymentFlowPlaceholder } from "@/components/checkout/payment-flows/PaymentFlowP...
> 14 | ...mport { VodafoneCashFlow } from "@/components/checkout/payment-flows/VodafoneCashFlow";
     |    ^^^^^^^^^^^^^^^^^^^^^^^^^^^^^^^^^^^^^^^^^^^^^^^^^^^^^^^^^^^^^^^^^^^^^^^^^^^^^^^^^^^^^^^^
  15 | ...mport {
  16 | ... checkoutReducer,
  17 | ... createInitialCheckoutState,

Import map: aliased to relative './components/checkout/payment-flows/VodafoneCashFlow' inside of [project]/

Import trace:
  Server Component:
    ./components/checkout/CheckoutPageClient.tsx
    ./app/checkout/page.tsx

https://nextjs.org/docs/messages/module-not-found @ http://localhost:3000/_next/static/chunks/node_modules_next_dist_1gdrd03._.js:1945
[ 1849161ms] [ERROR] ./components/checkout/CheckoutPageClient.tsx:14:1
Module not found: Can't resolve '@/components/checkout/payment-flows/VodafoneCashFlow'
  12 | ...mport { CashOnDeliveryFlow } from "@/components/checkout/payment-flows/CashOnDeliveryFl...
  13 | ...mport { PaymentFlowPlaceholder } from "@/components/checkout/payment-flows/PaymentFlowP...
> 14 | ...mport { VodafoneCashFlow } from "@/components/checkout/payment-flows/VodafoneCashFlow";
     |    ^^^^^^^^^^^^^^^^^^^^^^^^^^^^^^^^^^^^^^^^^^^^^^^^^^^^^^^^^^^^^^^^^^^^^^^^^^^^^^^^^^^^^^^^
  15 | ...mport {
  16 | ... checkoutReducer,
  17 | ... createInitialCheckoutState,

Import map: aliased to relative './components/checkout/payment-flows/VodafoneCashFlow' inside of [project]/

Import trace:
  Server Component:
    ./components/checkout/CheckoutPageClient.tsx
    ./app/checkout/page.tsx

https://nextjs.org/docs/messages/module-not-found @ http://localhost:3000/_next/static/chunks/node_modules_next_dist_1gdrd03._.js:1945
[ 1849225ms] [ERROR] ./components/checkout/CheckoutPageClient.tsx:14:1
Module not found: Can't resolve '@/components/checkout/payment-flows/VodafoneCashFlow'
  12 | ...mport { CashOnDeliveryFlow } from "@/components/checkout/payment-flows/CashOnDeliveryFl...
  13 | ...mport { PaymentFlowPlaceholder } from "@/components/checkout/payment-flows/PaymentFlowP...
> 14 | ...mport { VodafoneCashFlow } from "@/components/checkout/payment-flows/VodafoneCashFlow";
     |    ^^^^^^^^^^^^^^^^^^^^^^^^^^^^^^^^^^^^^^^^^^^^^^^^^^^^^^^^^^^^^^^^^^^^^^^^^^^^^^^^^^^^^^^^
  15 | ...mport {
  16 | ... checkoutReducer,
  17 | ... createInitialCheckoutState,

Import map: aliased to relative './components/checkout/payment-flows/VodafoneCashFlow' inside of [project]/

Import trace:
  Server Component:
    ./components/checkout/CheckoutPageClient.tsx
    ./app/checkout/page.tsx

https://nextjs.org/docs/messages/module-not-found @ http://localhost:3000/_next/static/chunks/node_modules_next_dist_1gdrd03._.js:1945
[ 1849288ms] [ERROR] ./components/checkout/CheckoutPageClient.tsx:14:1
Module not found: Can't resolve '@/components/checkout/payment-flows/VodafoneCashFlow'
  12 | ...mport { CashOnDeliveryFlow } from "@/components/checkout/payment-flows/CashOnDeliveryFl...
  13 | ...mport { PaymentFlowPlaceholder } from "@/components/checkout/payment-flows/PaymentFlowP...
> 14 | ...mport { VodafoneCashFlow } from "@/components/checkout/payment-flows/VodafoneCashFlow";
     |    ^^^^^^^^^^^^^^^^^^^^^^^^^^^^^^^^^^^^^^^^^^^^^^^^^^^^^^^^^^^^^^^^^^^^^^^^^^^^^^^^^^^^^^^^
  15 | ...mport {
  16 | ... checkoutReducer,
  17 | ... createInitialCheckoutState,

Import map: aliased to relative './components/checkout/payment-flows/VodafoneCashFlow' inside of [project]/

Import trace:
  Server Component:
    ./components/checkout/CheckoutPageClient.tsx
    ./app/checkout/page.tsx

https://nextjs.org/docs/messages/module-not-found @ http://localhost:3000/_next/static/chunks/node_modules_next_dist_1gdrd03._.js:1945
[ 1849351ms] [ERROR] ./components/checkout/CheckoutPageClient.tsx:14:1
Module not found: Can't resolve '@/components/checkout/payment-flows/VodafoneCashFlow'
  12 | ...mport { CashOnDeliveryFlow } from "@/components/checkout/payment-flows/CashOnDeliveryFl...
  13 | ...mport { PaymentFlowPlaceholder } from "@/components/checkout/payment-flows/PaymentFlowP...
> 14 | ...mport { VodafoneCashFlow } from "@/components/checkout/payment-flows/VodafoneCashFlow";
     |    ^^^^^^^^^^^^^^^^^^^^^^^^^^^^^^^^^^^^^^^^^^^^^^^^^^^^^^^^^^^^^^^^^^^^^^^^^^^^^^^^^^^^^^^^
  15 | ...mport {
  16 | ... checkoutReducer,
  17 | ... createInitialCheckoutState,

Import map: aliased to relative './components/checkout/payment-flows/VodafoneCashFlow' inside of [project]/

Import trace:
  Server Component:
    ./components/checkout/CheckoutPageClient.tsx
    ./app/checkout/page.tsx

https://nextjs.org/docs/messages/module-not-found @ http://localhost:3000/_next/static/chunks/node_modules_next_dist_1gdrd03._.js:1945
[ 1849414ms] [ERROR] ./components/checkout/CheckoutPageClient.tsx:14:1
Module not found: Can't resolve '@/components/checkout/payment-flows/VodafoneCashFlow'
  12 | ...mport { CashOnDeliveryFlow } from "@/components/checkout/payment-flows/CashOnDeliveryFl...
  13 | ...mport { PaymentFlowPlaceholder } from "@/components/checkout/payment-flows/PaymentFlowP...
> 14 | ...mport { VodafoneCashFlow } from "@/components/checkout/payment-flows/VodafoneCashFlow";
     |    ^^^^^^^^^^^^^^^^^^^^^^^^^^^^^^^^^^^^^^^^^^^^^^^^^^^^^^^^^^^^^^^^^^^^^^^^^^^^^^^^^^^^^^^^
  15 | ...mport {
  16 | ... checkoutReducer,
  17 | ... createInitialCheckoutState,

Import map: aliased to relative './components/checkout/payment-flows/VodafoneCashFlow' inside of [project]/

Import trace:
  Server Component:
    ./components/checkout/CheckoutPageClient.tsx
    ./app/checkout/page.tsx

https://nextjs.org/docs/messages/module-not-found @ http://localhost:3000/_next/static/chunks/node_modules_next_dist_1gdrd03._.js:1945
[ 1849478ms] [ERROR] ./components/checkout/CheckoutPageClient.tsx:14:1
Module not found: Can't resolve '@/components/checkout/payment-flows/VodafoneCashFlow'
  12 | ...mport { CashOnDeliveryFlow } from "@/components/checkout/payment-flows/CashOnDeliveryFl...
  13 | ...mport { PaymentFlowPlaceholder } from "@/components/checkout/payment-flows/PaymentFlowP...
> 14 | ...mport { VodafoneCashFlow } from "@/components/checkout/payment-flows/VodafoneCashFlow";
     |    ^^^^^^^^^^^^^^^^^^^^^^^^^^^^^^^^^^^^^^^^^^^^^^^^^^^^^^^^^^^^^^^^^^^^^^^^^^^^^^^^^^^^^^^^
  15 | ...mport {
  16 | ... checkoutReducer,
  17 | ... createInitialCheckoutState,

Import map: aliased to relative './components/checkout/payment-flows/VodafoneCashFlow' inside of [project]/

Import trace:
  Server Component:
    ./components/checkout/CheckoutPageClient.tsx
    ./app/checkout/page.tsx

https://nextjs.org/docs/messages/module-not-found @ http://localhost:3000/_next/static/chunks/node_modules_next_dist_1gdrd03._.js:1945
[ 1849541ms] [ERROR] ./components/checkout/CheckoutPageClient.tsx:14:1
Module not found: Can't resolve '@/components/checkout/payment-flows/VodafoneCashFlow'
  12 | ...mport { CashOnDeliveryFlow } from "@/components/checkout/payment-flows/CashOnDeliveryFl...
  13 | ...mport { PaymentFlowPlaceholder } from "@/components/checkout/payment-flows/PaymentFlowP...
> 14 | ...mport { VodafoneCashFlow } from "@/components/checkout/payment-flows/VodafoneCashFlow";
     |    ^^^^^^^^^^^^^^^^^^^^^^^^^^^^^^^^^^^^^^^^^^^^^^^^^^^^^^^^^^^^^^^^^^^^^^^^^^^^^^^^^^^^^^^^
  15 | ...mport {
  16 | ... checkoutReducer,
  17 | ... createInitialCheckoutState,

Import map: aliased to relative './components/checkout/payment-flows/VodafoneCashFlow' inside of [project]/

Import trace:
  Server Component:
    ./components/checkout/CheckoutPageClient.tsx
    ./app/checkout/page.tsx

https://nextjs.org/docs/messages/module-not-found @ http://localhost:3000/_next/static/chunks/node_modules_next_dist_1gdrd03._.js:1945
[ 1849603ms] [ERROR] ./components/checkout/CheckoutPageClient.tsx:14:1
Module not found: Can't resolve '@/components/checkout/payment-flows/VodafoneCashFlow'
  12 | ...mport { CashOnDeliveryFlow } from "@/components/checkout/payment-flows/CashOnDeliveryFl...
  13 | ...mport { PaymentFlowPlaceholder } from "@/components/checkout/payment-flows/PaymentFlowP...
> 14 | ...mport { VodafoneCashFlow } from "@/components/checkout/payment-flows/VodafoneCashFlow";
     |    ^^^^^^^^^^^^^^^^^^^^^^^^^^^^^^^^^^^^^^^^^^^^^^^^^^^^^^^^^^^^^^^^^^^^^^^^^^^^^^^^^^^^^^^^
  15 | ...mport {
  16 | ... checkoutReducer,
  17 | ... createInitialCheckoutState,

Import map: aliased to relative './components/checkout/payment-flows/VodafoneCashFlow' inside of [project]/

Import trace:
  Server Component:
    ./components/checkout/CheckoutPageClient.tsx
    ./app/checkout/page.tsx

https://nextjs.org/docs/messages/module-not-found @ http://localhost:3000/_next/static/chunks/node_modules_next_dist_1gdrd03._.js:1945
[ 1849666ms] [ERROR] ./components/checkout/CheckoutPageClient.tsx:14:1
Module not found: Can't resolve '@/components/checkout/payment-flows/VodafoneCashFlow'
  12 | ...mport { CashOnDeliveryFlow } from "@/components/checkout/payment-flows/CashOnDeliveryFl...
  13 | ...mport { PaymentFlowPlaceholder } from "@/components/checkout/payment-flows/PaymentFlowP...
> 14 | ...mport { VodafoneCashFlow } from "@/components/checkout/payment-flows/VodafoneCashFlow";
     |    ^^^^^^^^^^^^^^^^^^^^^^^^^^^^^^^^^^^^^^^^^^^^^^^^^^^^^^^^^^^^^^^^^^^^^^^^^^^^^^^^^^^^^^^^
  15 | ...mport {
  16 | ... checkoutReducer,
  17 | ... createInitialCheckoutState,

Import map: aliased to relative './components/checkout/payment-flows/VodafoneCashFlow' inside of [project]/

Import trace:
  Server Component:
    ./components/checkout/CheckoutPageClient.tsx
    ./app/checkout/page.tsx

https://nextjs.org/docs/messages/module-not-found @ http://localhost:3000/_next/static/chunks/node_modules_next_dist_1gdrd03._.js:1945
[ 1849729ms] [ERROR] ./components/checkout/CheckoutPageClient.tsx:14:1
Module not found: Can't resolve '@/components/checkout/payment-flows/VodafoneCashFlow'
  12 | ...mport { CashOnDeliveryFlow } from "@/components/checkout/payment-flows/CashOnDeliveryFl...
  13 | ...mport { PaymentFlowPlaceholder } from "@/components/checkout/payment-flows/PaymentFlowP...
> 14 | ...mport { VodafoneCashFlow } from "@/components/checkout/payment-flows/VodafoneCashFlow";
     |    ^^^^^^^^^^^^^^^^^^^^^^^^^^^^^^^^^^^^^^^^^^^^^^^^^^^^^^^^^^^^^^^^^^^^^^^^^^^^^^^^^^^^^^^^
  15 | ...mport {
  16 | ... checkoutReducer,
  17 | ... createInitialCheckoutState,

Import map: aliased to relative './components/checkout/payment-flows/VodafoneCashFlow' inside of [project]/

Import trace:
  Server Component:
    ./components/checkout/CheckoutPageClient.tsx
    ./app/checkout/page.tsx

https://nextjs.org/docs/messages/module-not-found @ http://localhost:3000/_next/static/chunks/node_modules_next_dist_1gdrd03._.js:1945
[ 1849793ms] [ERROR] ./components/checkout/CheckoutPageClient.tsx:14:1
Module not found: Can't resolve '@/components/checkout/payment-flows/VodafoneCashFlow'
  12 | ...mport { CashOnDeliveryFlow } from "@/components/checkout/payment-flows/CashOnDeliveryFl...
  13 | ...mport { PaymentFlowPlaceholder } from "@/components/checkout/payment-flows/PaymentFlowP...
> 14 | ...mport { VodafoneCashFlow } from "@/components/checkout/payment-flows/VodafoneCashFlow";
     |    ^^^^^^^^^^^^^^^^^^^^^^^^^^^^^^^^^^^^^^^^^^^^^^^^^^^^^^^^^^^^^^^^^^^^^^^^^^^^^^^^^^^^^^^^
  15 | ...mport {
  16 | ... checkoutReducer,
  17 | ... createInitialCheckoutState,

Import map: aliased to relative './components/checkout/payment-flows/VodafoneCashFlow' inside of [project]/

Import trace:
  Server Component:
    ./components/checkout/CheckoutPageClient.tsx
    ./app/checkout/page.tsx

https://nextjs.org/docs/messages/module-not-found @ http://localhost:3000/_next/static/chunks/node_modules_next_dist_1gdrd03._.js:1945
[ 1849855ms] [ERROR] ./components/checkout/CheckoutPageClient.tsx:14:1
Module not found: Can't resolve '@/components/checkout/payment-flows/VodafoneCashFlow'
  12 | ...mport { CashOnDeliveryFlow } from "@/components/checkout/payment-flows/CashOnDeliveryFl...
  13 | ...mport { PaymentFlowPlaceholder } from "@/components/checkout/payment-flows/PaymentFlowP...
> 14 | ...mport { VodafoneCashFlow } from "@/components/checkout/payment-flows/VodafoneCashFlow";
     |    ^^^^^^^^^^^^^^^^^^^^^^^^^^^^^^^^^^^^^^^^^^^^^^^^^^^^^^^^^^^^^^^^^^^^^^^^^^^^^^^^^^^^^^^^
  15 | ...mport {
  16 | ... checkoutReducer,
  17 | ... createInitialCheckoutState,

Import map: aliased to relative './components/checkout/payment-flows/VodafoneCashFlow' inside of [project]/

Import trace:
  Server Component:
    ./components/checkout/CheckoutPageClient.tsx
    ./app/checkout/page.tsx

https://nextjs.org/docs/messages/module-not-found @ http://localhost:3000/_next/static/chunks/node_modules_next_dist_1gdrd03._.js:1945
[ 1849918ms] [ERROR] ./components/checkout/CheckoutPageClient.tsx:14:1
Module not found: Can't resolve '@/components/checkout/payment-flows/VodafoneCashFlow'
  12 | ...mport { CashOnDeliveryFlow } from "@/components/checkout/payment-flows/CashOnDeliveryFl...
  13 | ...mport { PaymentFlowPlaceholder } from "@/components/checkout/payment-flows/PaymentFlowP...
> 14 | ...mport { VodafoneCashFlow } from "@/components/checkout/payment-flows/VodafoneCashFlow";
     |    ^^^^^^^^^^^^^^^^^^^^^^^^^^^^^^^^^^^^^^^^^^^^^^^^^^^^^^^^^^^^^^^^^^^^^^^^^^^^^^^^^^^^^^^^
  15 | ...mport {
  16 | ... checkoutReducer,
  17 | ... createInitialCheckoutState,

Import map: aliased to relative './components/checkout/payment-flows/VodafoneCashFlow' inside of [project]/

Import trace:
  Server Component:
    ./components/checkout/CheckoutPageClient.tsx
    ./app/checkout/page.tsx

https://nextjs.org/docs/messages/module-not-found @ http://localhost:3000/_next/static/chunks/node_modules_next_dist_1gdrd03._.js:1945
[ 1849981ms] [ERROR] ./components/checkout/CheckoutPageClient.tsx:14:1
Module not found: Can't resolve '@/components/checkout/payment-flows/VodafoneCashFlow'
  12 | ...mport { CashOnDeliveryFlow } from "@/components/checkout/payment-flows/CashOnDeliveryFl...
  13 | ...mport { PaymentFlowPlaceholder } from "@/components/checkout/payment-flows/PaymentFlowP...
> 14 | ...mport { VodafoneCashFlow } from "@/components/checkout/payment-flows/VodafoneCashFlow";
     |    ^^^^^^^^^^^^^^^^^^^^^^^^^^^^^^^^^^^^^^^^^^^^^^^^^^^^^^^^^^^^^^^^^^^^^^^^^^^^^^^^^^^^^^^^
  15 | ...mport {
  16 | ... checkoutReducer,
  17 | ... createInitialCheckoutState,

Import map: aliased to relative './components/checkout/payment-flows/VodafoneCashFlow' inside of [project]/

Import trace:
  Server Component:
    ./components/checkout/CheckoutPageClient.tsx
    ./app/checkout/page.tsx

https://nextjs.org/docs/messages/module-not-found @ http://localhost:3000/_next/static/chunks/node_modules_next_dist_1gdrd03._.js:1945
[ 1850044ms] [ERROR] ./components/checkout/CheckoutPageClient.tsx:14:1
Module not found: Can't resolve '@/components/checkout/payment-flows/VodafoneCashFlow'
  12 | ...mport { CashOnDeliveryFlow } from "@/components/checkout/payment-flows/CashOnDeliveryFl...
  13 | ...mport { PaymentFlowPlaceholder } from "@/components/checkout/payment-flows/PaymentFlowP...
> 14 | ...mport { VodafoneCashFlow } from "@/components/checkout/payment-flows/VodafoneCashFlow";
     |    ^^^^^^^^^^^^^^^^^^^^^^^^^^^^^^^^^^^^^^^^^^^^^^^^^^^^^^^^^^^^^^^^^^^^^^^^^^^^^^^^^^^^^^^^
  15 | ...mport {
  16 | ... checkoutReducer,
  17 | ... createInitialCheckoutState,

Import map: aliased to relative './components/checkout/payment-flows/VodafoneCashFlow' inside of [project]/

Import trace:
  Server Component:
    ./components/checkout/CheckoutPageClient.tsx
    ./app/checkout/page.tsx

https://nextjs.org/docs/messages/module-not-found @ http://localhost:3000/_next/static/chunks/node_modules_next_dist_1gdrd03._.js:1945
[ 1850106ms] [ERROR] ./components/checkout/CheckoutPageClient.tsx:14:1
Module not found: Can't resolve '@/components/checkout/payment-flows/VodafoneCashFlow'
  12 | ...mport { CashOnDeliveryFlow } from "@/components/checkout/payment-flows/CashOnDeliveryFl...
  13 | ...mport { PaymentFlowPlaceholder } from "@/components/checkout/payment-flows/PaymentFlowP...
> 14 | ...mport { VodafoneCashFlow } from "@/components/checkout/payment-flows/VodafoneCashFlow";
     |    ^^^^^^^^^^^^^^^^^^^^^^^^^^^^^^^^^^^^^^^^^^^^^^^^^^^^^^^^^^^^^^^^^^^^^^^^^^^^^^^^^^^^^^^^
  15 | ...mport {
  16 | ... checkoutReducer,
  17 | ... createInitialCheckoutState,

Import map: aliased to relative './components/checkout/payment-flows/VodafoneCashFlow' inside of [project]/

Import trace:
  Server Component:
    ./components/checkout/CheckoutPageClient.tsx
    ./app/checkout/page.tsx

https://nextjs.org/docs/messages/module-not-found @ http://localhost:3000/_next/static/chunks/node_modules_next_dist_1gdrd03._.js:1945
[ 1850168ms] [ERROR] ./components/checkout/CheckoutPageClient.tsx:14:1
Module not found: Can't resolve '@/components/checkout/payment-flows/VodafoneCashFlow'
  12 | ...mport { CashOnDeliveryFlow } from "@/components/checkout/payment-flows/CashOnDeliveryFl...
  13 | ...mport { PaymentFlowPlaceholder } from "@/components/checkout/payment-flows/PaymentFlowP...
> 14 | ...mport { VodafoneCashFlow } from "@/components/checkout/payment-flows/VodafoneCashFlow";
     |    ^^^^^^^^^^^^^^^^^^^^^^^^^^^^^^^^^^^^^^^^^^^^^^^^^^^^^^^^^^^^^^^^^^^^^^^^^^^^^^^^^^^^^^^^
  15 | ...mport {
  16 | ... checkoutReducer,
  17 | ... createInitialCheckoutState,

Import map: aliased to relative './components/checkout/payment-flows/VodafoneCashFlow' inside of [project]/

Import trace:
  Server Component:
    ./components/checkout/CheckoutPageClient.tsx
    ./app/checkout/page.tsx

https://nextjs.org/docs/messages/module-not-found @ http://localhost:3000/_next/static/chunks/node_modules_next_dist_1gdrd03._.js:1945
[ 1850231ms] [ERROR] ./components/checkout/CheckoutPageClient.tsx:14:1
Module not found: Can't resolve '@/components/checkout/payment-flows/VodafoneCashFlow'
  12 | ...mport { CashOnDeliveryFlow } from "@/components/checkout/payment-flows/CashOnDeliveryFl...
  13 | ...mport { PaymentFlowPlaceholder } from "@/components/checkout/payment-flows/PaymentFlowP...
> 14 | ...mport { VodafoneCashFlow } from "@/components/checkout/payment-flows/VodafoneCashFlow";
     |    ^^^^^^^^^^^^^^^^^^^^^^^^^^^^^^^^^^^^^^^^^^^^^^^^^^^^^^^^^^^^^^^^^^^^^^^^^^^^^^^^^^^^^^^^
  15 | ...mport {
  16 | ... checkoutReducer,
  17 | ... createInitialCheckoutState,

Import map: aliased to relative './components/checkout/payment-flows/VodafoneCashFlow' inside of [project]/

Import trace:
  Server Component:
    ./components/checkout/CheckoutPageClient.tsx
    ./app/checkout/page.tsx

https://nextjs.org/docs/messages/module-not-found @ http://localhost:3000/_next/static/chunks/node_modules_next_dist_1gdrd03._.js:1945
[ 1850294ms] [ERROR] ./components/checkout/CheckoutPageClient.tsx:14:1
Module not found: Can't resolve '@/components/checkout/payment-flows/VodafoneCashFlow'
  12 | ...mport { CashOnDeliveryFlow } from "@/components/checkout/payment-flows/CashOnDeliveryFl...
  13 | ...mport { PaymentFlowPlaceholder } from "@/components/checkout/payment-flows/PaymentFlowP...
> 14 | ...mport { VodafoneCashFlow } from "@/components/checkout/payment-flows/VodafoneCashFlow";
     |    ^^^^^^^^^^^^^^^^^^^^^^^^^^^^^^^^^^^^^^^^^^^^^^^^^^^^^^^^^^^^^^^^^^^^^^^^^^^^^^^^^^^^^^^^
  15 | ...mport {
  16 | ... checkoutReducer,
  17 | ... createInitialCheckoutState,

Import map: aliased to relative './components/checkout/payment-flows/VodafoneCashFlow' inside of [project]/

Import trace:
  Server Component:
    ./components/checkout/CheckoutPageClient.tsx
    ./app/checkout/page.tsx

https://nextjs.org/docs/messages/module-not-found @ http://localhost:3000/_next/static/chunks/node_modules_next_dist_1gdrd03._.js:1945
[ 1850357ms] [ERROR] ./components/checkout/CheckoutPageClient.tsx:14:1
Module not found: Can't resolve '@/components/checkout/payment-flows/VodafoneCashFlow'
  12 | ...mport { CashOnDeliveryFlow } from "@/components/checkout/payment-flows/CashOnDeliveryFl...
  13 | ...mport { PaymentFlowPlaceholder } from "@/components/checkout/payment-flows/PaymentFlowP...
> 14 | ...mport { VodafoneCashFlow } from "@/components/checkout/payment-flows/VodafoneCashFlow";
     |    ^^^^^^^^^^^^^^^^^^^^^^^^^^^^^^^^^^^^^^^^^^^^^^^^^^^^^^^^^^^^^^^^^^^^^^^^^^^^^^^^^^^^^^^^
  15 | ...mport {
  16 | ... checkoutReducer,
  17 | ... createInitialCheckoutState,

Import map: aliased to relative './components/checkout/payment-flows/VodafoneCashFlow' inside of [project]/

Import trace:
  Server Component:
    ./components/checkout/CheckoutPageClient.tsx
    ./app/checkout/page.tsx

https://nextjs.org/docs/messages/module-not-found @ http://localhost:3000/_next/static/chunks/node_modules_next_dist_1gdrd03._.js:1945
[ 1850420ms] [ERROR] ./components/checkout/CheckoutPageClient.tsx:14:1
Module not found: Can't resolve '@/components/checkout/payment-flows/VodafoneCashFlow'
  12 | ...mport { CashOnDeliveryFlow } from "@/components/checkout/payment-flows/CashOnDeliveryFl...
  13 | ...mport { PaymentFlowPlaceholder } from "@/components/checkout/payment-flows/PaymentFlowP...
> 14 | ...mport { VodafoneCashFlow } from "@/components/checkout/payment-flows/VodafoneCashFlow";
     |    ^^^^^^^^^^^^^^^^^^^^^^^^^^^^^^^^^^^^^^^^^^^^^^^^^^^^^^^^^^^^^^^^^^^^^^^^^^^^^^^^^^^^^^^^
  15 | ...mport {
  16 | ... checkoutReducer,
  17 | ... createInitialCheckoutState,

Import map: aliased to relative './components/checkout/payment-flows/VodafoneCashFlow' inside of [project]/

Import trace:
  Server Component:
    ./components/checkout/CheckoutPageClient.tsx
    ./app/checkout/page.tsx

https://nextjs.org/docs/messages/module-not-found @ http://localhost:3000/_next/static/chunks/node_modules_next_dist_1gdrd03._.js:1945
[ 1850482ms] [ERROR] ./components/checkout/CheckoutPageClient.tsx:14:1
Module not found: Can't resolve '@/components/checkout/payment-flows/VodafoneCashFlow'
  12 | ...mport { CashOnDeliveryFlow } from "@/components/checkout/payment-flows/CashOnDeliveryFl...
  13 | ...mport { PaymentFlowPlaceholder } from "@/components/checkout/payment-flows/PaymentFlowP...
> 14 | ...mport { VodafoneCashFlow } from "@/components/checkout/payment-flows/VodafoneCashFlow";
     |    ^^^^^^^^^^^^^^^^^^^^^^^^^^^^^^^^^^^^^^^^^^^^^^^^^^^^^^^^^^^^^^^^^^^^^^^^^^^^^^^^^^^^^^^^
  15 | ...mport {
  16 | ... checkoutReducer,
  17 | ... createInitialCheckoutState,

Import map: aliased to relative './components/checkout/payment-flows/VodafoneCashFlow' inside of [project]/

Import trace:
  Server Component:
    ./components/checkout/CheckoutPageClient.tsx
    ./app/checkout/page.tsx

https://nextjs.org/docs/messages/module-not-found @ http://localhost:3000/_next/static/chunks/node_modules_next_dist_1gdrd03._.js:1945
[ 1850545ms] [ERROR] ./components/checkout/CheckoutPageClient.tsx:14:1
Module not found: Can't resolve '@/components/checkout/payment-flows/VodafoneCashFlow'
  12 | ...mport { CashOnDeliveryFlow } from "@/components/checkout/payment-flows/CashOnDeliveryFl...
  13 | ...mport { PaymentFlowPlaceholder } from "@/components/checkout/payment-flows/PaymentFlowP...
> 14 | ...mport { VodafoneCashFlow } from "@/components/checkout/payment-flows/VodafoneCashFlow";
     |    ^^^^^^^^^^^^^^^^^^^^^^^^^^^^^^^^^^^^^^^^^^^^^^^^^^^^^^^^^^^^^^^^^^^^^^^^^^^^^^^^^^^^^^^^
  15 | ...mport {
  16 | ... checkoutReducer,
  17 | ... createInitialCheckoutState,

Import map: aliased to relative './components/checkout/payment-flows/VodafoneCashFlow' inside of [project]/

Import trace:
  Server Component:
    ./components/checkout/CheckoutPageClient.tsx
    ./app/checkout/page.tsx

https://nextjs.org/docs/messages/module-not-found @ http://localhost:3000/_next/static/chunks/node_modules_next_dist_1gdrd03._.js:1945
[ 1850607ms] [ERROR] ./components/checkout/CheckoutPageClient.tsx:14:1
Module not found: Can't resolve '@/components/checkout/payment-flows/VodafoneCashFlow'
  12 | ...mport { CashOnDeliveryFlow } from "@/components/checkout/payment-flows/CashOnDeliveryFl...
  13 | ...mport { PaymentFlowPlaceholder } from "@/components/checkout/payment-flows/PaymentFlowP...
> 14 | ...mport { VodafoneCashFlow } from "@/components/checkout/payment-flows/VodafoneCashFlow";
     |    ^^^^^^^^^^^^^^^^^^^^^^^^^^^^^^^^^^^^^^^^^^^^^^^^^^^^^^^^^^^^^^^^^^^^^^^^^^^^^^^^^^^^^^^^
  15 | ...mport {
  16 | ... checkoutReducer,
  17 | ... createInitialCheckoutState,

Import map: aliased to relative './components/checkout/payment-flows/VodafoneCashFlow' inside of [project]/

Import trace:
  Server Component:
    ./components/checkout/CheckoutPageClient.tsx
    ./app/checkout/page.tsx

https://nextjs.org/docs/messages/module-not-found @ http://localhost:3000/_next/static/chunks/node_modules_next_dist_1gdrd03._.js:1945
[ 1850667ms] [ERROR] ./components/checkout/CheckoutPageClient.tsx:14:1
Module not found: Can't resolve '@/components/checkout/payment-flows/VodafoneCashFlow'
  12 | ...mport { CashOnDeliveryFlow } from "@/components/checkout/payment-flows/CashOnDeliveryFl...
  13 | ...mport { PaymentFlowPlaceholder } from "@/components/checkout/payment-flows/PaymentFlowP...
> 14 | ...mport { VodafoneCashFlow } from "@/components/checkout/payment-flows/VodafoneCashFlow";
     |    ^^^^^^^^^^^^^^^^^^^^^^^^^^^^^^^^^^^^^^^^^^^^^^^^^^^^^^^^^^^^^^^^^^^^^^^^^^^^^^^^^^^^^^^^
  15 | ...mport {
  16 | ... checkoutReducer,
  17 | ... createInitialCheckoutState,

Import map: aliased to relative './components/checkout/payment-flows/VodafoneCashFlow' inside of [project]/

Import trace:
  Server Component:
    ./components/checkout/CheckoutPageClient.tsx
    ./app/checkout/page.tsx

https://nextjs.org/docs/messages/module-not-found @ http://localhost:3000/_next/static/chunks/node_modules_next_dist_1gdrd03._.js:1945
[ 1850730ms] [ERROR] ./components/checkout/CheckoutPageClient.tsx:14:1
Module not found: Can't resolve '@/components/checkout/payment-flows/VodafoneCashFlow'
  12 | ...mport { CashOnDeliveryFlow } from "@/components/checkout/payment-flows/CashOnDeliveryFl...
  13 | ...mport { PaymentFlowPlaceholder } from "@/components/checkout/payment-flows/PaymentFlowP...
> 14 | ...mport { VodafoneCashFlow } from "@/components/checkout/payment-flows/VodafoneCashFlow";
     |    ^^^^^^^^^^^^^^^^^^^^^^^^^^^^^^^^^^^^^^^^^^^^^^^^^^^^^^^^^^^^^^^^^^^^^^^^^^^^^^^^^^^^^^^^
  15 | ...mport {
  16 | ... checkoutReducer,
  17 | ... createInitialCheckoutState,

Import map: aliased to relative './components/checkout/payment-flows/VodafoneCashFlow' inside of [project]/

Import trace:
  Server Component:
    ./components/checkout/CheckoutPageClient.tsx
    ./app/checkout/page.tsx

https://nextjs.org/docs/messages/module-not-found @ http://localhost:3000/_next/static/chunks/node_modules_next_dist_1gdrd03._.js:1945
[ 1850793ms] [ERROR] ./components/checkout/CheckoutPageClient.tsx:14:1
Module not found: Can't resolve '@/components/checkout/payment-flows/VodafoneCashFlow'
  12 | ...mport { CashOnDeliveryFlow } from "@/components/checkout/payment-flows/CashOnDeliveryFl...
  13 | ...mport { PaymentFlowPlaceholder } from "@/components/checkout/payment-flows/PaymentFlowP...
> 14 | ...mport { VodafoneCashFlow } from "@/components/checkout/payment-flows/VodafoneCashFlow";
     |    ^^^^^^^^^^^^^^^^^^^^^^^^^^^^^^^^^^^^^^^^^^^^^^^^^^^^^^^^^^^^^^^^^^^^^^^^^^^^^^^^^^^^^^^^
  15 | ...mport {
  16 | ... checkoutReducer,
  17 | ... createInitialCheckoutState,

Import map: aliased to relative './components/checkout/payment-flows/VodafoneCashFlow' inside of [project]/

Import trace:
  Server Component:
    ./components/checkout/CheckoutPageClient.tsx
    ./app/checkout/page.tsx

https://nextjs.org/docs/messages/module-not-found @ http://localhost:3000/_next/static/chunks/node_modules_next_dist_1gdrd03._.js:1945
[ 1850857ms] [ERROR] ./components/checkout/CheckoutPageClient.tsx:14:1
Module not found: Can't resolve '@/components/checkout/payment-flows/VodafoneCashFlow'
  12 | ...mport { CashOnDeliveryFlow } from "@/components/checkout/payment-flows/CashOnDeliveryFl...
  13 | ...mport { PaymentFlowPlaceholder } from "@/components/checkout/payment-flows/PaymentFlowP...
> 14 | ...mport { VodafoneCashFlow } from "@/components/checkout/payment-flows/VodafoneCashFlow";
     |    ^^^^^^^^^^^^^^^^^^^^^^^^^^^^^^^^^^^^^^^^^^^^^^^^^^^^^^^^^^^^^^^^^^^^^^^^^^^^^^^^^^^^^^^^
  15 | ...mport {
  16 | ... checkoutReducer,
  17 | ... createInitialCheckoutState,

Import map: aliased to relative './components/checkout/payment-flows/VodafoneCashFlow' inside of [project]/

Import trace:
  Server Component:
    ./components/checkout/CheckoutPageClient.tsx
    ./app/checkout/page.tsx

https://nextjs.org/docs/messages/module-not-found @ http://localhost:3000/_next/static/chunks/node_modules_next_dist_1gdrd03._.js:1945
[ 1850920ms] [ERROR] ./components/checkout/CheckoutPageClient.tsx:14:1
Module not found: Can't resolve '@/components/checkout/payment-flows/VodafoneCashFlow'
  12 | ...mport { CashOnDeliveryFlow } from "@/components/checkout/payment-flows/CashOnDeliveryFl...
  13 | ...mport { PaymentFlowPlaceholder } from "@/components/checkout/payment-flows/PaymentFlowP...
> 14 | ...mport { VodafoneCashFlow } from "@/components/checkout/payment-flows/VodafoneCashFlow";
     |    ^^^^^^^^^^^^^^^^^^^^^^^^^^^^^^^^^^^^^^^^^^^^^^^^^^^^^^^^^^^^^^^^^^^^^^^^^^^^^^^^^^^^^^^^
  15 | ...mport {
  16 | ... checkoutReducer,
  17 | ... createInitialCheckoutState,

Import map: aliased to relative './components/checkout/payment-flows/VodafoneCashFlow' inside of [project]/

Import trace:
  Server Component:
    ./components/checkout/CheckoutPageClient.tsx
    ./app/checkout/page.tsx

https://nextjs.org/docs/messages/module-not-found @ http://localhost:3000/_next/static/chunks/node_modules_next_dist_1gdrd03._.js:1945
[ 1850984ms] [ERROR] ./components/checkout/CheckoutPageClient.tsx:14:1
Module not found: Can't resolve '@/components/checkout/payment-flows/VodafoneCashFlow'
  12 | ...mport { CashOnDeliveryFlow } from "@/components/checkout/payment-flows/CashOnDeliveryFl...
  13 | ...mport { PaymentFlowPlaceholder } from "@/components/checkout/payment-flows/PaymentFlowP...
> 14 | ...mport { VodafoneCashFlow } from "@/components/checkout/payment-flows/VodafoneCashFlow";
     |    ^^^^^^^^^^^^^^^^^^^^^^^^^^^^^^^^^^^^^^^^^^^^^^^^^^^^^^^^^^^^^^^^^^^^^^^^^^^^^^^^^^^^^^^^
  15 | ...mport {
  16 | ... checkoutReducer,
  17 | ... createInitialCheckoutState,

Import map: aliased to relative './components/checkout/payment-flows/VodafoneCashFlow' inside of [project]/

Import trace:
  Server Component:
    ./components/checkout/CheckoutPageClient.tsx
    ./app/checkout/page.tsx

https://nextjs.org/docs/messages/module-not-found @ http://localhost:3000/_next/static/chunks/node_modules_next_dist_1gdrd03._.js:1945
[ 1851044ms] [ERROR] ./components/checkout/CheckoutPageClient.tsx:14:1
Module not found: Can't resolve '@/components/checkout/payment-flows/VodafoneCashFlow'
  12 | ...mport { CashOnDeliveryFlow } from "@/components/checkout/payment-flows/CashOnDeliveryFl...
  13 | ...mport { PaymentFlowPlaceholder } from "@/components/checkout/payment-flows/PaymentFlowP...
> 14 | ...mport { VodafoneCashFlow } from "@/components/checkout/payment-flows/VodafoneCashFlow";
     |    ^^^^^^^^^^^^^^^^^^^^^^^^^^^^^^^^^^^^^^^^^^^^^^^^^^^^^^^^^^^^^^^^^^^^^^^^^^^^^^^^^^^^^^^^
  15 | ...mport {
  16 | ... checkoutReducer,
  17 | ... createInitialCheckoutState,

Import map: aliased to relative './components/checkout/payment-flows/VodafoneCashFlow' inside of [project]/

Import trace:
  Server Component:
    ./components/checkout/CheckoutPageClient.tsx
    ./app/checkout/page.tsx

https://nextjs.org/docs/messages/module-not-found @ http://localhost:3000/_next/static/chunks/node_modules_next_dist_1gdrd03._.js:1945
[ 1851106ms] [ERROR] ./components/checkout/CheckoutPageClient.tsx:14:1
Module not found: Can't resolve '@/components/checkout/payment-flows/VodafoneCashFlow'
  12 | ...mport { CashOnDeliveryFlow } from "@/components/checkout/payment-flows/CashOnDeliveryFl...
  13 | ...mport { PaymentFlowPlaceholder } from "@/components/checkout/payment-flows/PaymentFlowP...
> 14 | ...mport { VodafoneCashFlow } from "@/components/checkout/payment-flows/VodafoneCashFlow";
     |    ^^^^^^^^^^^^^^^^^^^^^^^^^^^^^^^^^^^^^^^^^^^^^^^^^^^^^^^^^^^^^^^^^^^^^^^^^^^^^^^^^^^^^^^^
  15 | ...mport {
  16 | ... checkoutReducer,
  17 | ... createInitialCheckoutState,

Import map: aliased to relative './components/checkout/payment-flows/VodafoneCashFlow' inside of [project]/

Import trace:
  Server Component:
    ./components/checkout/CheckoutPageClient.tsx
    ./app/checkout/page.tsx

https://nextjs.org/docs/messages/module-not-found @ http://localhost:3000/_next/static/chunks/node_modules_next_dist_1gdrd03._.js:1945
[ 1851169ms] [ERROR] ./components/checkout/CheckoutPageClient.tsx:14:1
Module not found: Can't resolve '@/components/checkout/payment-flows/VodafoneCashFlow'
  12 | ...mport { CashOnDeliveryFlow } from "@/components/checkout/payment-flows/CashOnDeliveryFl...
  13 | ...mport { PaymentFlowPlaceholder } from "@/components/checkout/payment-flows/PaymentFlowP...
> 14 | ...mport { VodafoneCashFlow } from "@/components/checkout/payment-flows/VodafoneCashFlow";
     |    ^^^^^^^^^^^^^^^^^^^^^^^^^^^^^^^^^^^^^^^^^^^^^^^^^^^^^^^^^^^^^^^^^^^^^^^^^^^^^^^^^^^^^^^^
  15 | ...mport {
  16 | ... checkoutReducer,
  17 | ... createInitialCheckoutState,

Import map: aliased to relative './components/checkout/payment-flows/VodafoneCashFlow' inside of [project]/

Import trace:
  Server Component:
    ./components/checkout/CheckoutPageClient.tsx
    ./app/checkout/page.tsx

https://nextjs.org/docs/messages/module-not-found @ http://localhost:3000/_next/static/chunks/node_modules_next_dist_1gdrd03._.js:1945
[ 1851232ms] [ERROR] ./components/checkout/CheckoutPageClient.tsx:14:1
Module not found: Can't resolve '@/components/checkout/payment-flows/VodafoneCashFlow'
  12 | ...mport { CashOnDeliveryFlow } from "@/components/checkout/payment-flows/CashOnDeliveryFl...
  13 | ...mport { PaymentFlowPlaceholder } from "@/components/checkout/payment-flows/PaymentFlowP...
> 14 | ...mport { VodafoneCashFlow } from "@/components/checkout/payment-flows/VodafoneCashFlow";
     |    ^^^^^^^^^^^^^^^^^^^^^^^^^^^^^^^^^^^^^^^^^^^^^^^^^^^^^^^^^^^^^^^^^^^^^^^^^^^^^^^^^^^^^^^^
  15 | ...mport {
  16 | ... checkoutReducer,
  17 | ... createInitialCheckoutState,

Import map: aliased to relative './components/checkout/payment-flows/VodafoneCashFlow' inside of [project]/

Import trace:
  Server Component:
    ./components/checkout/CheckoutPageClient.tsx
    ./app/checkout/page.tsx

https://nextjs.org/docs/messages/module-not-found @ http://localhost:3000/_next/static/chunks/node_modules_next_dist_1gdrd03._.js:1945
[ 1851293ms] [ERROR] ./components/checkout/CheckoutPageClient.tsx:14:1
Module not found: Can't resolve '@/components/checkout/payment-flows/VodafoneCashFlow'
  12 | ...mport { CashOnDeliveryFlow } from "@/components/checkout/payment-flows/CashOnDeliveryFl...
  13 | ...mport { PaymentFlowPlaceholder } from "@/components/checkout/payment-flows/PaymentFlowP...
> 14 | ...mport { VodafoneCashFlow } from "@/components/checkout/payment-flows/VodafoneCashFlow";
     |    ^^^^^^^^^^^^^^^^^^^^^^^^^^^^^^^^^^^^^^^^^^^^^^^^^^^^^^^^^^^^^^^^^^^^^^^^^^^^^^^^^^^^^^^^
  15 | ...mport {
  16 | ... checkoutReducer,
  17 | ... createInitialCheckoutState,

Import map: aliased to relative './components/checkout/payment-flows/VodafoneCashFlow' inside of [project]/

Import trace:
  Server Component:
    ./components/checkout/CheckoutPageClient.tsx
    ./app/checkout/page.tsx

https://nextjs.org/docs/messages/module-not-found @ http://localhost:3000/_next/static/chunks/node_modules_next_dist_1gdrd03._.js:1945
[ 1851356ms] [ERROR] ./components/checkout/CheckoutPageClient.tsx:14:1
Module not found: Can't resolve '@/components/checkout/payment-flows/VodafoneCashFlow'
  12 | ...mport { CashOnDeliveryFlow } from "@/components/checkout/payment-flows/CashOnDeliveryFl...
  13 | ...mport { PaymentFlowPlaceholder } from "@/components/checkout/payment-flows/PaymentFlowP...
> 14 | ...mport { VodafoneCashFlow } from "@/components/checkout/payment-flows/VodafoneCashFlow";
     |    ^^^^^^^^^^^^^^^^^^^^^^^^^^^^^^^^^^^^^^^^^^^^^^^^^^^^^^^^^^^^^^^^^^^^^^^^^^^^^^^^^^^^^^^^
  15 | ...mport {
  16 | ... checkoutReducer,
  17 | ... createInitialCheckoutState,

Import map: aliased to relative './components/checkout/payment-flows/VodafoneCashFlow' inside of [project]/

Import trace:
  Server Component:
    ./components/checkout/CheckoutPageClient.tsx
    ./app/checkout/page.tsx

https://nextjs.org/docs/messages/module-not-found @ http://localhost:3000/_next/static/chunks/node_modules_next_dist_1gdrd03._.js:1945
[ 1851419ms] [ERROR] ./components/checkout/CheckoutPageClient.tsx:14:1
Module not found: Can't resolve '@/components/checkout/payment-flows/VodafoneCashFlow'
  12 | ...mport { CashOnDeliveryFlow } from "@/components/checkout/payment-flows/CashOnDeliveryFl...
  13 | ...mport { PaymentFlowPlaceholder } from "@/components/checkout/payment-flows/PaymentFlowP...
> 14 | ...mport { VodafoneCashFlow } from "@/components/checkout/payment-flows/VodafoneCashFlow";
     |    ^^^^^^^^^^^^^^^^^^^^^^^^^^^^^^^^^^^^^^^^^^^^^^^^^^^^^^^^^^^^^^^^^^^^^^^^^^^^^^^^^^^^^^^^
  15 | ...mport {
  16 | ... checkoutReducer,
  17 | ... createInitialCheckoutState,

Import map: aliased to relative './components/checkout/payment-flows/VodafoneCashFlow' inside of [project]/

Import trace:
  Server Component:
    ./components/checkout/CheckoutPageClient.tsx
    ./app/checkout/page.tsx

https://nextjs.org/docs/messages/module-not-found @ http://localhost:3000/_next/static/chunks/node_modules_next_dist_1gdrd03._.js:1945
[ 1851482ms] [ERROR] ./components/checkout/CheckoutPageClient.tsx:14:1
Module not found: Can't resolve '@/components/checkout/payment-flows/VodafoneCashFlow'
  12 | ...mport { CashOnDeliveryFlow } from "@/components/checkout/payment-flows/CashOnDeliveryFl...
  13 | ...mport { PaymentFlowPlaceholder } from "@/components/checkout/payment-flows/PaymentFlowP...
> 14 | ...mport { VodafoneCashFlow } from "@/components/checkout/payment-flows/VodafoneCashFlow";
     |    ^^^^^^^^^^^^^^^^^^^^^^^^^^^^^^^^^^^^^^^^^^^^^^^^^^^^^^^^^^^^^^^^^^^^^^^^^^^^^^^^^^^^^^^^
  15 | ...mport {
  16 | ... checkoutReducer,
  17 | ... createInitialCheckoutState,

Import map: aliased to relative './components/checkout/payment-flows/VodafoneCashFlow' inside of [project]/

Import trace:
  Server Component:
    ./components/checkout/CheckoutPageClient.tsx
    ./app/checkout/page.tsx

https://nextjs.org/docs/messages/module-not-found @ http://localhost:3000/_next/static/chunks/node_modules_next_dist_1gdrd03._.js:1945
[ 1851544ms] [ERROR] ./components/checkout/CheckoutPageClient.tsx:14:1
Module not found: Can't resolve '@/components/checkout/payment-flows/VodafoneCashFlow'
  12 | ...mport { CashOnDeliveryFlow } from "@/components/checkout/payment-flows/CashOnDeliveryFl...
  13 | ...mport { PaymentFlowPlaceholder } from "@/components/checkout/payment-flows/PaymentFlowP...
> 14 | ...mport { VodafoneCashFlow } from "@/components/checkout/payment-flows/VodafoneCashFlow";
     |    ^^^^^^^^^^^^^^^^^^^^^^^^^^^^^^^^^^^^^^^^^^^^^^^^^^^^^^^^^^^^^^^^^^^^^^^^^^^^^^^^^^^^^^^^
  15 | ...mport {
  16 | ... checkoutReducer,
  17 | ... createInitialCheckoutState,

Import map: aliased to relative './components/checkout/payment-flows/VodafoneCashFlow' inside of [project]/

Import trace:
  Server Component:
    ./components/checkout/CheckoutPageClient.tsx
    ./app/checkout/page.tsx

https://nextjs.org/docs/messages/module-not-found @ http://localhost:3000/_next/static/chunks/node_modules_next_dist_1gdrd03._.js:1945
[ 1851607ms] [ERROR] ./components/checkout/CheckoutPageClient.tsx:14:1
Module not found: Can't resolve '@/components/checkout/payment-flows/VodafoneCashFlow'
  12 | ...mport { CashOnDeliveryFlow } from "@/components/checkout/payment-flows/CashOnDeliveryFl...
  13 | ...mport { PaymentFlowPlaceholder } from "@/components/checkout/payment-flows/PaymentFlowP...
> 14 | ...mport { VodafoneCashFlow } from "@/components/checkout/payment-flows/VodafoneCashFlow";
     |    ^^^^^^^^^^^^^^^^^^^^^^^^^^^^^^^^^^^^^^^^^^^^^^^^^^^^^^^^^^^^^^^^^^^^^^^^^^^^^^^^^^^^^^^^
  15 | ...mport {
  16 | ... checkoutReducer,
  17 | ... createInitialCheckoutState,

Import map: aliased to relative './components/checkout/payment-flows/VodafoneCashFlow' inside of [project]/

Import trace:
  Server Component:
    ./components/checkout/CheckoutPageClient.tsx
    ./app/checkout/page.tsx

https://nextjs.org/docs/messages/module-not-found @ http://localhost:3000/_next/static/chunks/node_modules_next_dist_1gdrd03._.js:1945
[ 1851670ms] [ERROR] ./components/checkout/CheckoutPageClient.tsx:14:1
Module not found: Can't resolve '@/components/checkout/payment-flows/VodafoneCashFlow'
  12 | ...mport { CashOnDeliveryFlow } from "@/components/checkout/payment-flows/CashOnDeliveryFl...
  13 | ...mport { PaymentFlowPlaceholder } from "@/components/checkout/payment-flows/PaymentFlowP...
> 14 | ...mport { VodafoneCashFlow } from "@/components/checkout/payment-flows/VodafoneCashFlow";
     |    ^^^^^^^^^^^^^^^^^^^^^^^^^^^^^^^^^^^^^^^^^^^^^^^^^^^^^^^^^^^^^^^^^^^^^^^^^^^^^^^^^^^^^^^^
  15 | ...mport {
  16 | ... checkoutReducer,
  17 | ... createInitialCheckoutState,

Import map: aliased to relative './components/checkout/payment-flows/VodafoneCashFlow' inside of [project]/

Import trace:
  Server Component:
    ./components/checkout/CheckoutPageClient.tsx
    ./app/checkout/page.tsx

https://nextjs.org/docs/messages/module-not-found @ http://localhost:3000/_next/static/chunks/node_modules_next_dist_1gdrd03._.js:1945
[ 1851731ms] [ERROR] ./components/checkout/CheckoutPageClient.tsx:14:1
Module not found: Can't resolve '@/components/checkout/payment-flows/VodafoneCashFlow'
  12 | ...mport { CashOnDeliveryFlow } from "@/components/checkout/payment-flows/CashOnDeliveryFl...
  13 | ...mport { PaymentFlowPlaceholder } from "@/components/checkout/payment-flows/PaymentFlowP...
> 14 | ...mport { VodafoneCashFlow } from "@/components/checkout/payment-flows/VodafoneCashFlow";
     |    ^^^^^^^^^^^^^^^^^^^^^^^^^^^^^^^^^^^^^^^^^^^^^^^^^^^^^^^^^^^^^^^^^^^^^^^^^^^^^^^^^^^^^^^^
  15 | ...mport {
  16 | ... checkoutReducer,
  17 | ... createInitialCheckoutState,

Import map: aliased to relative './components/checkout/payment-flows/VodafoneCashFlow' inside of [project]/

Import trace:
  Server Component:
    ./components/checkout/CheckoutPageClient.tsx
    ./app/checkout/page.tsx

https://nextjs.org/docs/messages/module-not-found @ http://localhost:3000/_next/static/chunks/node_modules_next_dist_1gdrd03._.js:1945
[ 1851795ms] [ERROR] ./components/checkout/CheckoutPageClient.tsx:14:1
Module not found: Can't resolve '@/components/checkout/payment-flows/VodafoneCashFlow'
  12 | ...mport { CashOnDeliveryFlow } from "@/components/checkout/payment-flows/CashOnDeliveryFl...
  13 | ...mport { PaymentFlowPlaceholder } from "@/components/checkout/payment-flows/PaymentFlowP...
> 14 | ...mport { VodafoneCashFlow } from "@/components/checkout/payment-flows/VodafoneCashFlow";
     |    ^^^^^^^^^^^^^^^^^^^^^^^^^^^^^^^^^^^^^^^^^^^^^^^^^^^^^^^^^^^^^^^^^^^^^^^^^^^^^^^^^^^^^^^^
  15 | ...mport {
  16 | ... checkoutReducer,
  17 | ... createInitialCheckoutState,

Import map: aliased to relative './components/checkout/payment-flows/VodafoneCashFlow' inside of [project]/

Import trace:
  Server Component:
    ./components/checkout/CheckoutPageClient.tsx
    ./app/checkout/page.tsx

https://nextjs.org/docs/messages/module-not-found @ http://localhost:3000/_next/static/chunks/node_modules_next_dist_1gdrd03._.js:1945
[ 1851856ms] [ERROR] ./components/checkout/CheckoutPageClient.tsx:14:1
Module not found: Can't resolve '@/components/checkout/payment-flows/VodafoneCashFlow'
  12 | ...mport { CashOnDeliveryFlow } from "@/components/checkout/payment-flows/CashOnDeliveryFl...
  13 | ...mport { PaymentFlowPlaceholder } from "@/components/checkout/payment-flows/PaymentFlowP...
> 14 | ...mport { VodafoneCashFlow } from "@/components/checkout/payment-flows/VodafoneCashFlow";
     |    ^^^^^^^^^^^^^^^^^^^^^^^^^^^^^^^^^^^^^^^^^^^^^^^^^^^^^^^^^^^^^^^^^^^^^^^^^^^^^^^^^^^^^^^^
  15 | ...mport {
  16 | ... checkoutReducer,
  17 | ... createInitialCheckoutState,

Import map: aliased to relative './components/checkout/payment-flows/VodafoneCashFlow' inside of [project]/

Import trace:
  Server Component:
    ./components/checkout/CheckoutPageClient.tsx
    ./app/checkout/page.tsx

https://nextjs.org/docs/messages/module-not-found @ http://localhost:3000/_next/static/chunks/node_modules_next_dist_1gdrd03._.js:1945
[ 1851919ms] [ERROR] ./components/checkout/CheckoutPageClient.tsx:14:1
Module not found: Can't resolve '@/components/checkout/payment-flows/VodafoneCashFlow'
  12 | ...mport { CashOnDeliveryFlow } from "@/components/checkout/payment-flows/CashOnDeliveryFl...
  13 | ...mport { PaymentFlowPlaceholder } from "@/components/checkout/payment-flows/PaymentFlowP...
> 14 | ...mport { VodafoneCashFlow } from "@/components/checkout/payment-flows/VodafoneCashFlow";
     |    ^^^^^^^^^^^^^^^^^^^^^^^^^^^^^^^^^^^^^^^^^^^^^^^^^^^^^^^^^^^^^^^^^^^^^^^^^^^^^^^^^^^^^^^^
  15 | ...mport {
  16 | ... checkoutReducer,
  17 | ... createInitialCheckoutState,

Import map: aliased to relative './components/checkout/payment-flows/VodafoneCashFlow' inside of [project]/

Import trace:
  Server Component:
    ./components/checkout/CheckoutPageClient.tsx
    ./app/checkout/page.tsx

https://nextjs.org/docs/messages/module-not-found @ http://localhost:3000/_next/static/chunks/node_modules_next_dist_1gdrd03._.js:1945
[ 1851983ms] [ERROR] ./components/checkout/CheckoutPageClient.tsx:14:1
Module not found: Can't resolve '@/components/checkout/payment-flows/VodafoneCashFlow'
  12 | ...mport { CashOnDeliveryFlow } from "@/components/checkout/payment-flows/CashOnDeliveryFl...
  13 | ...mport { PaymentFlowPlaceholder } from "@/components/checkout/payment-flows/PaymentFlowP...
> 14 | ...mport { VodafoneCashFlow } from "@/components/checkout/payment-flows/VodafoneCashFlow";
     |    ^^^^^^^^^^^^^^^^^^^^^^^^^^^^^^^^^^^^^^^^^^^^^^^^^^^^^^^^^^^^^^^^^^^^^^^^^^^^^^^^^^^^^^^^
  15 | ...mport {
  16 | ... checkoutReducer,
  17 | ... createInitialCheckoutState,

Import map: aliased to relative './components/checkout/payment-flows/VodafoneCashFlow' inside of [project]/

Import trace:
  Server Component:
    ./components/checkout/CheckoutPageClient.tsx
    ./app/checkout/page.tsx

https://nextjs.org/docs/messages/module-not-found @ http://localhost:3000/_next/static/chunks/node_modules_next_dist_1gdrd03._.js:1945
[ 1852044ms] [ERROR] ./components/checkout/CheckoutPageClient.tsx:14:1
Module not found: Can't resolve '@/components/checkout/payment-flows/VodafoneCashFlow'
  12 | ...mport { CashOnDeliveryFlow } from "@/components/checkout/payment-flows/CashOnDeliveryFl...
  13 | ...mport { PaymentFlowPlaceholder } from "@/components/checkout/payment-flows/PaymentFlowP...
> 14 | ...mport { VodafoneCashFlow } from "@/components/checkout/payment-flows/VodafoneCashFlow";
     |    ^^^^^^^^^^^^^^^^^^^^^^^^^^^^^^^^^^^^^^^^^^^^^^^^^^^^^^^^^^^^^^^^^^^^^^^^^^^^^^^^^^^^^^^^
  15 | ...mport {
  16 | ... checkoutReducer,
  17 | ... createInitialCheckoutState,

Import map: aliased to relative './components/checkout/payment-flows/VodafoneCashFlow' inside of [project]/

Import trace:
  Server Component:
    ./components/checkout/CheckoutPageClient.tsx
    ./app/checkout/page.tsx

https://nextjs.org/docs/messages/module-not-found @ http://localhost:3000/_next/static/chunks/node_modules_next_dist_1gdrd03._.js:1945
[ 1852107ms] [ERROR] ./components/checkout/CheckoutPageClient.tsx:14:1
Module not found: Can't resolve '@/components/checkout/payment-flows/VodafoneCashFlow'
  12 | ...mport { CashOnDeliveryFlow } from "@/components/checkout/payment-flows/CashOnDeliveryFl...
  13 | ...mport { PaymentFlowPlaceholder } from "@/components/checkout/payment-flows/PaymentFlowP...
> 14 | ...mport { VodafoneCashFlow } from "@/components/checkout/payment-flows/VodafoneCashFlow";
     |    ^^^^^^^^^^^^^^^^^^^^^^^^^^^^^^^^^^^^^^^^^^^^^^^^^^^^^^^^^^^^^^^^^^^^^^^^^^^^^^^^^^^^^^^^
  15 | ...mport {
  16 | ... checkoutReducer,
  17 | ... createInitialCheckoutState,

Import map: aliased to relative './components/checkout/payment-flows/VodafoneCashFlow' inside of [project]/

Import trace:
  Server Component:
    ./components/checkout/CheckoutPageClient.tsx
    ./app/checkout/page.tsx

https://nextjs.org/docs/messages/module-not-found @ http://localhost:3000/_next/static/chunks/node_modules_next_dist_1gdrd03._.js:1945
[ 1852170ms] [ERROR] ./components/checkout/CheckoutPageClient.tsx:14:1
Module not found: Can't resolve '@/components/checkout/payment-flows/VodafoneCashFlow'
  12 | ...mport { CashOnDeliveryFlow } from "@/components/checkout/payment-flows/CashOnDeliveryFl...
  13 | ...mport { PaymentFlowPlaceholder } from "@/components/checkout/payment-flows/PaymentFlowP...
> 14 | ...mport { VodafoneCashFlow } from "@/components/checkout/payment-flows/VodafoneCashFlow";
     |    ^^^^^^^^^^^^^^^^^^^^^^^^^^^^^^^^^^^^^^^^^^^^^^^^^^^^^^^^^^^^^^^^^^^^^^^^^^^^^^^^^^^^^^^^
  15 | ...mport {
  16 | ... checkoutReducer,
  17 | ... createInitialCheckoutState,

Import map: aliased to relative './components/checkout/payment-flows/VodafoneCashFlow' inside of [project]/

Import trace:
  Server Component:
    ./components/checkout/CheckoutPageClient.tsx
    ./app/checkout/page.tsx

https://nextjs.org/docs/messages/module-not-found @ http://localhost:3000/_next/static/chunks/node_modules_next_dist_1gdrd03._.js:1945
[ 1852232ms] [ERROR] ./components/checkout/CheckoutPageClient.tsx:14:1
Module not found: Can't resolve '@/components/checkout/payment-flows/VodafoneCashFlow'
  12 | ...mport { CashOnDeliveryFlow } from "@/components/checkout/payment-flows/CashOnDeliveryFl...
  13 | ...mport { PaymentFlowPlaceholder } from "@/components/checkout/payment-flows/PaymentFlowP...
> 14 | ...mport { VodafoneCashFlow } from "@/components/checkout/payment-flows/VodafoneCashFlow";
     |    ^^^^^^^^^^^^^^^^^^^^^^^^^^^^^^^^^^^^^^^^^^^^^^^^^^^^^^^^^^^^^^^^^^^^^^^^^^^^^^^^^^^^^^^^
  15 | ...mport {
  16 | ... checkoutReducer,
  17 | ... createInitialCheckoutState,

Import map: aliased to relative './components/checkout/payment-flows/VodafoneCashFlow' inside of [project]/

Import trace:
  Server Component:
    ./components/checkout/CheckoutPageClient.tsx
    ./app/checkout/page.tsx

https://nextjs.org/docs/messages/module-not-found @ http://localhost:3000/_next/static/chunks/node_modules_next_dist_1gdrd03._.js:1945
[ 1852294ms] [ERROR] ./components/checkout/CheckoutPageClient.tsx:14:1
Module not found: Can't resolve '@/components/checkout/payment-flows/VodafoneCashFlow'
  12 | ...mport { CashOnDeliveryFlow } from "@/components/checkout/payment-flows/CashOnDeliveryFl...
  13 | ...mport { PaymentFlowPlaceholder } from "@/components/checkout/payment-flows/PaymentFlowP...
> 14 | ...mport { VodafoneCashFlow } from "@/components/checkout/payment-flows/VodafoneCashFlow";
     |    ^^^^^^^^^^^^^^^^^^^^^^^^^^^^^^^^^^^^^^^^^^^^^^^^^^^^^^^^^^^^^^^^^^^^^^^^^^^^^^^^^^^^^^^^
  15 | ...mport {
  16 | ... checkoutReducer,
  17 | ... createInitialCheckoutState,

Import map: aliased to relative './components/checkout/payment-flows/VodafoneCashFlow' inside of [project]/

Import trace:
  Server Component:
    ./components/checkout/CheckoutPageClient.tsx
    ./app/checkout/page.tsx

https://nextjs.org/docs/messages/module-not-found @ http://localhost:3000/_next/static/chunks/node_modules_next_dist_1gdrd03._.js:1945
[ 1852356ms] [ERROR] ./components/checkout/CheckoutPageClient.tsx:14:1
Module not found: Can't resolve '@/components/checkout/payment-flows/VodafoneCashFlow'
  12 | ...mport { CashOnDeliveryFlow } from "@/components/checkout/payment-flows/CashOnDeliveryFl...
  13 | ...mport { PaymentFlowPlaceholder } from "@/components/checkout/payment-flows/PaymentFlowP...
> 14 | ...mport { VodafoneCashFlow } from "@/components/checkout/payment-flows/VodafoneCashFlow";
     |    ^^^^^^^^^^^^^^^^^^^^^^^^^^^^^^^^^^^^^^^^^^^^^^^^^^^^^^^^^^^^^^^^^^^^^^^^^^^^^^^^^^^^^^^^
  15 | ...mport {
  16 | ... checkoutReducer,
  17 | ... createInitialCheckoutState,

Import map: aliased to relative './components/checkout/payment-flows/VodafoneCashFlow' inside of [project]/

Import trace:
  Server Component:
    ./components/checkout/CheckoutPageClient.tsx
    ./app/checkout/page.tsx

https://nextjs.org/docs/messages/module-not-found @ http://localhost:3000/_next/static/chunks/node_modules_next_dist_1gdrd03._.js:1945
[ 1852418ms] [ERROR] ./components/checkout/CheckoutPageClient.tsx:14:1
Module not found: Can't resolve '@/components/checkout/payment-flows/VodafoneCashFlow'
  12 | ...mport { CashOnDeliveryFlow } from "@/components/checkout/payment-flows/CashOnDeliveryFl...
  13 | ...mport { PaymentFlowPlaceholder } from "@/components/checkout/payment-flows/PaymentFlowP...
> 14 | ...mport { VodafoneCashFlow } from "@/components/checkout/payment-flows/VodafoneCashFlow";
     |    ^^^^^^^^^^^^^^^^^^^^^^^^^^^^^^^^^^^^^^^^^^^^^^^^^^^^^^^^^^^^^^^^^^^^^^^^^^^^^^^^^^^^^^^^
  15 | ...mport {
  16 | ... checkoutReducer,
  17 | ... createInitialCheckoutState,

Import map: aliased to relative './components/checkout/payment-flows/VodafoneCashFlow' inside of [project]/

Import trace:
  Server Component:
    ./components/checkout/CheckoutPageClient.tsx
    ./app/checkout/page.tsx

https://nextjs.org/docs/messages/module-not-found @ http://localhost:3000/_next/static/chunks/node_modules_next_dist_1gdrd03._.js:1945
[ 1852481ms] [ERROR] ./components/checkout/CheckoutPageClient.tsx:14:1
Module not found: Can't resolve '@/components/checkout/payment-flows/VodafoneCashFlow'
  12 | ...mport { CashOnDeliveryFlow } from "@/components/checkout/payment-flows/CashOnDeliveryFl...
  13 | ...mport { PaymentFlowPlaceholder } from "@/components/checkout/payment-flows/PaymentFlowP...
> 14 | ...mport { VodafoneCashFlow } from "@/components/checkout/payment-flows/VodafoneCashFlow";
     |    ^^^^^^^^^^^^^^^^^^^^^^^^^^^^^^^^^^^^^^^^^^^^^^^^^^^^^^^^^^^^^^^^^^^^^^^^^^^^^^^^^^^^^^^^
  15 | ...mport {
  16 | ... checkoutReducer,
  17 | ... createInitialCheckoutState,

Import map: aliased to relative './components/checkout/payment-flows/VodafoneCashFlow' inside of [project]/

Import trace:
  Server Component:
    ./components/checkout/CheckoutPageClient.tsx
    ./app/checkout/page.tsx

https://nextjs.org/docs/messages/module-not-found @ http://localhost:3000/_next/static/chunks/node_modules_next_dist_1gdrd03._.js:1945
[ 1852544ms] [ERROR] ./components/checkout/CheckoutPageClient.tsx:14:1
Module not found: Can't resolve '@/components/checkout/payment-flows/VodafoneCashFlow'
  12 | ...mport { CashOnDeliveryFlow } from "@/components/checkout/payment-flows/CashOnDeliveryFl...
  13 | ...mport { PaymentFlowPlaceholder } from "@/components/checkout/payment-flows/PaymentFlowP...
> 14 | ...mport { VodafoneCashFlow } from "@/components/checkout/payment-flows/VodafoneCashFlow";
     |    ^^^^^^^^^^^^^^^^^^^^^^^^^^^^^^^^^^^^^^^^^^^^^^^^^^^^^^^^^^^^^^^^^^^^^^^^^^^^^^^^^^^^^^^^
  15 | ...mport {
  16 | ... checkoutReducer,
  17 | ... createInitialCheckoutState,

Import map: aliased to relative './components/checkout/payment-flows/VodafoneCashFlow' inside of [project]/

Import trace:
  Server Component:
    ./components/checkout/CheckoutPageClient.tsx
    ./app/checkout/page.tsx

https://nextjs.org/docs/messages/module-not-found @ http://localhost:3000/_next/static/chunks/node_modules_next_dist_1gdrd03._.js:1945
[ 1852607ms] [ERROR] ./components/checkout/CheckoutPageClient.tsx:14:1
Module not found: Can't resolve '@/components/checkout/payment-flows/VodafoneCashFlow'
  12 | ...mport { CashOnDeliveryFlow } from "@/components/checkout/payment-flows/CashOnDeliveryFl...
  13 | ...mport { PaymentFlowPlaceholder } from "@/components/checkout/payment-flows/PaymentFlowP...
> 14 | ...mport { VodafoneCashFlow } from "@/components/checkout/payment-flows/VodafoneCashFlow";
     |    ^^^^^^^^^^^^^^^^^^^^^^^^^^^^^^^^^^^^^^^^^^^^^^^^^^^^^^^^^^^^^^^^^^^^^^^^^^^^^^^^^^^^^^^^
  15 | ...mport {
  16 | ... checkoutReducer,
  17 | ... createInitialCheckoutState,

Import map: aliased to relative './components/checkout/payment-flows/VodafoneCashFlow' inside of [project]/

Import trace:
  Server Component:
    ./components/checkout/CheckoutPageClient.tsx
    ./app/checkout/page.tsx

https://nextjs.org/docs/messages/module-not-found @ http://localhost:3000/_next/static/chunks/node_modules_next_dist_1gdrd03._.js:1945
[ 1852670ms] [ERROR] ./components/checkout/CheckoutPageClient.tsx:14:1
Module not found: Can't resolve '@/components/checkout/payment-flows/VodafoneCashFlow'
  12 | ...mport { CashOnDeliveryFlow } from "@/components/checkout/payment-flows/CashOnDeliveryFl...
  13 | ...mport { PaymentFlowPlaceholder } from "@/components/checkout/payment-flows/PaymentFlowP...
> 14 | ...mport { VodafoneCashFlow } from "@/components/checkout/payment-flows/VodafoneCashFlow";
     |    ^^^^^^^^^^^^^^^^^^^^^^^^^^^^^^^^^^^^^^^^^^^^^^^^^^^^^^^^^^^^^^^^^^^^^^^^^^^^^^^^^^^^^^^^
  15 | ...mport {
  16 | ... checkoutReducer,
  17 | ... createInitialCheckoutState,

Import map: aliased to relative './components/checkout/payment-flows/VodafoneCashFlow' inside of [project]/

Import trace:
  Server Component:
    ./components/checkout/CheckoutPageClient.tsx
    ./app/checkout/page.tsx

https://nextjs.org/docs/messages/module-not-found @ http://localhost:3000/_next/static/chunks/node_modules_next_dist_1gdrd03._.js:1945
[ 1852732ms] [ERROR] ./components/checkout/CheckoutPageClient.tsx:14:1
Module not found: Can't resolve '@/components/checkout/payment-flows/VodafoneCashFlow'
  12 | ...mport { CashOnDeliveryFlow } from "@/components/checkout/payment-flows/CashOnDeliveryFl...
  13 | ...mport { PaymentFlowPlaceholder } from "@/components/checkout/payment-flows/PaymentFlowP...
> 14 | ...mport { VodafoneCashFlow } from "@/components/checkout/payment-flows/VodafoneCashFlow";
     |    ^^^^^^^^^^^^^^^^^^^^^^^^^^^^^^^^^^^^^^^^^^^^^^^^^^^^^^^^^^^^^^^^^^^^^^^^^^^^^^^^^^^^^^^^
  15 | ...mport {
  16 | ... checkoutReducer,
  17 | ... createInitialCheckoutState,

Import map: aliased to relative './components/checkout/payment-flows/VodafoneCashFlow' inside of [project]/

Import trace:
  Server Component:
    ./components/checkout/CheckoutPageClient.tsx
    ./app/checkout/page.tsx

https://nextjs.org/docs/messages/module-not-found @ http://localhost:3000/_next/static/chunks/node_modules_next_dist_1gdrd03._.js:1945
[ 1852794ms] [ERROR] ./components/checkout/CheckoutPageClient.tsx:14:1
Module not found: Can't resolve '@/components/checkout/payment-flows/VodafoneCashFlow'
  12 | ...mport { CashOnDeliveryFlow } from "@/components/checkout/payment-flows/CashOnDeliveryFl...
  13 | ...mport { PaymentFlowPlaceholder } from "@/components/checkout/payment-flows/PaymentFlowP...
> 14 | ...mport { VodafoneCashFlow } from "@/components/checkout/payment-flows/VodafoneCashFlow";
     |    ^^^^^^^^^^^^^^^^^^^^^^^^^^^^^^^^^^^^^^^^^^^^^^^^^^^^^^^^^^^^^^^^^^^^^^^^^^^^^^^^^^^^^^^^
  15 | ...mport {
  16 | ... checkoutReducer,
  17 | ... createInitialCheckoutState,

Import map: aliased to relative './components/checkout/payment-flows/VodafoneCashFlow' inside of [project]/

Import trace:
  Server Component:
    ./components/checkout/CheckoutPageClient.tsx
    ./app/checkout/page.tsx

https://nextjs.org/docs/messages/module-not-found @ http://localhost:3000/_next/static/chunks/node_modules_next_dist_1gdrd03._.js:1945
[ 1852856ms] [ERROR] ./components/checkout/CheckoutPageClient.tsx:14:1
Module not found: Can't resolve '@/components/checkout/payment-flows/VodafoneCashFlow'
  12 | ...mport { CashOnDeliveryFlow } from "@/components/checkout/payment-flows/CashOnDeliveryFl...
  13 | ...mport { PaymentFlowPlaceholder } from "@/components/checkout/payment-flows/PaymentFlowP...
> 14 | ...mport { VodafoneCashFlow } from "@/components/checkout/payment-flows/VodafoneCashFlow";
     |    ^^^^^^^^^^^^^^^^^^^^^^^^^^^^^^^^^^^^^^^^^^^^^^^^^^^^^^^^^^^^^^^^^^^^^^^^^^^^^^^^^^^^^^^^
  15 | ...mport {
  16 | ... checkoutReducer,
  17 | ... createInitialCheckoutState,

Import map: aliased to relative './components/checkout/payment-flows/VodafoneCashFlow' inside of [project]/

Import trace:
  Server Component:
    ./components/checkout/CheckoutPageClient.tsx
    ./app/checkout/page.tsx

https://nextjs.org/docs/messages/module-not-found @ http://localhost:3000/_next/static/chunks/node_modules_next_dist_1gdrd03._.js:1945
[ 1852920ms] [ERROR] ./components/checkout/CheckoutPageClient.tsx:14:1
Module not found: Can't resolve '@/components/checkout/payment-flows/VodafoneCashFlow'
  12 | ...mport { CashOnDeliveryFlow } from "@/components/checkout/payment-flows/CashOnDeliveryFl...
  13 | ...mport { PaymentFlowPlaceholder } from "@/components/checkout/payment-flows/PaymentFlowP...
> 14 | ...mport { VodafoneCashFlow } from "@/components/checkout/payment-flows/VodafoneCashFlow";
     |    ^^^^^^^^^^^^^^^^^^^^^^^^^^^^^^^^^^^^^^^^^^^^^^^^^^^^^^^^^^^^^^^^^^^^^^^^^^^^^^^^^^^^^^^^
  15 | ...mport {
  16 | ... checkoutReducer,
  17 | ... createInitialCheckoutState,

Import map: aliased to relative './components/checkout/payment-flows/VodafoneCashFlow' inside of [project]/

Import trace:
  Server Component:
    ./components/checkout/CheckoutPageClient.tsx
    ./app/checkout/page.tsx

https://nextjs.org/docs/messages/module-not-found @ http://localhost:3000/_next/static/chunks/node_modules_next_dist_1gdrd03._.js:1945
[ 1852981ms] [ERROR] ./components/checkout/CheckoutPageClient.tsx:14:1
Module not found: Can't resolve '@/components/checkout/payment-flows/VodafoneCashFlow'
  12 | ...mport { CashOnDeliveryFlow } from "@/components/checkout/payment-flows/CashOnDeliveryFl...
  13 | ...mport { PaymentFlowPlaceholder } from "@/components/checkout/payment-flows/PaymentFlowP...
> 14 | ...mport { VodafoneCashFlow } from "@/components/checkout/payment-flows/VodafoneCashFlow";
     |    ^^^^^^^^^^^^^^^^^^^^^^^^^^^^^^^^^^^^^^^^^^^^^^^^^^^^^^^^^^^^^^^^^^^^^^^^^^^^^^^^^^^^^^^^
  15 | ...mport {
  16 | ... checkoutReducer,
  17 | ... createInitialCheckoutState,

Import map: aliased to relative './components/checkout/payment-flows/VodafoneCashFlow' inside of [project]/

Import trace:
  Server Component:
    ./components/checkout/CheckoutPageClient.tsx
    ./app/checkout/page.tsx

https://nextjs.org/docs/messages/module-not-found @ http://localhost:3000/_next/static/chunks/node_modules_next_dist_1gdrd03._.js:1945
[ 1853043ms] [ERROR] ./components/checkout/CheckoutPageClient.tsx:14:1
Module not found: Can't resolve '@/components/checkout/payment-flows/VodafoneCashFlow'
  12 | ...mport { CashOnDeliveryFlow } from "@/components/checkout/payment-flows/CashOnDeliveryFl...
  13 | ...mport { PaymentFlowPlaceholder } from "@/components/checkout/payment-flows/PaymentFlowP...
> 14 | ...mport { VodafoneCashFlow } from "@/components/checkout/payment-flows/VodafoneCashFlow";
     |    ^^^^^^^^^^^^^^^^^^^^^^^^^^^^^^^^^^^^^^^^^^^^^^^^^^^^^^^^^^^^^^^^^^^^^^^^^^^^^^^^^^^^^^^^
  15 | ...mport {
  16 | ... checkoutReducer,
  17 | ... createInitialCheckoutState,

Import map: aliased to relative './components/checkout/payment-flows/VodafoneCashFlow' inside of [project]/

Import trace:
  Server Component:
    ./components/checkout/CheckoutPageClient.tsx
    ./app/checkout/page.tsx

https://nextjs.org/docs/messages/module-not-found @ http://localhost:3000/_next/static/chunks/node_modules_next_dist_1gdrd03._.js:1945
[ 1853107ms] [ERROR] ./components/checkout/CheckoutPageClient.tsx:14:1
Module not found: Can't resolve '@/components/checkout/payment-flows/VodafoneCashFlow'
  12 | ...mport { CashOnDeliveryFlow } from "@/components/checkout/payment-flows/CashOnDeliveryFl...
  13 | ...mport { PaymentFlowPlaceholder } from "@/components/checkout/payment-flows/PaymentFlowP...
> 14 | ...mport { VodafoneCashFlow } from "@/components/checkout/payment-flows/VodafoneCashFlow";
     |    ^^^^^^^^^^^^^^^^^^^^^^^^^^^^^^^^^^^^^^^^^^^^^^^^^^^^^^^^^^^^^^^^^^^^^^^^^^^^^^^^^^^^^^^^
  15 | ...mport {
  16 | ... checkoutReducer,
  17 | ... createInitialCheckoutState,

Import map: aliased to relative './components/checkout/payment-flows/VodafoneCashFlow' inside of [project]/

Import trace:
  Server Component:
    ./components/checkout/CheckoutPageClient.tsx
    ./app/checkout/page.tsx

https://nextjs.org/docs/messages/module-not-found @ http://localhost:3000/_next/static/chunks/node_modules_next_dist_1gdrd03._.js:1945
[ 1853170ms] [ERROR] ./components/checkout/CheckoutPageClient.tsx:14:1
Module not found: Can't resolve '@/components/checkout/payment-flows/VodafoneCashFlow'
  12 | ...mport { CashOnDeliveryFlow } from "@/components/checkout/payment-flows/CashOnDeliveryFl...
  13 | ...mport { PaymentFlowPlaceholder } from "@/components/checkout/payment-flows/PaymentFlowP...
> 14 | ...mport { VodafoneCashFlow } from "@/components/checkout/payment-flows/VodafoneCashFlow";
     |    ^^^^^^^^^^^^^^^^^^^^^^^^^^^^^^^^^^^^^^^^^^^^^^^^^^^^^^^^^^^^^^^^^^^^^^^^^^^^^^^^^^^^^^^^
  15 | ...mport {
  16 | ... checkoutReducer,
  17 | ... createInitialCheckoutState,

Import map: aliased to relative './components/checkout/payment-flows/VodafoneCashFlow' inside of [project]/

Import trace:
  Server Component:
    ./components/checkout/CheckoutPageClient.tsx
    ./app/checkout/page.tsx

https://nextjs.org/docs/messages/module-not-found @ http://localhost:3000/_next/static/chunks/node_modules_next_dist_1gdrd03._.js:1945
[ 1853232ms] [ERROR] ./components/checkout/CheckoutPageClient.tsx:14:1
Module not found: Can't resolve '@/components/checkout/payment-flows/VodafoneCashFlow'
  12 | ...mport { CashOnDeliveryFlow } from "@/components/checkout/payment-flows/CashOnDeliveryFl...
  13 | ...mport { PaymentFlowPlaceholder } from "@/components/checkout/payment-flows/PaymentFlowP...
> 14 | ...mport { VodafoneCashFlow } from "@/components/checkout/payment-flows/VodafoneCashFlow";
     |    ^^^^^^^^^^^^^^^^^^^^^^^^^^^^^^^^^^^^^^^^^^^^^^^^^^^^^^^^^^^^^^^^^^^^^^^^^^^^^^^^^^^^^^^^
  15 | ...mport {
  16 | ... checkoutReducer,
  17 | ... createInitialCheckoutState,

Import map: aliased to relative './components/checkout/payment-flows/VodafoneCashFlow' inside of [project]/

Import trace:
  Server Component:
    ./components/checkout/CheckoutPageClient.tsx
    ./app/checkout/page.tsx

https://nextjs.org/docs/messages/module-not-found @ http://localhost:3000/_next/static/chunks/node_modules_next_dist_1gdrd03._.js:1945
[ 1853294ms] [ERROR] ./components/checkout/CheckoutPageClient.tsx:14:1
Module not found: Can't resolve '@/components/checkout/payment-flows/VodafoneCashFlow'
  12 | ...mport { CashOnDeliveryFlow } from "@/components/checkout/payment-flows/CashOnDeliveryFl...
  13 | ...mport { PaymentFlowPlaceholder } from "@/components/checkout/payment-flows/PaymentFlowP...
> 14 | ...mport { VodafoneCashFlow } from "@/components/checkout/payment-flows/VodafoneCashFlow";
     |    ^^^^^^^^^^^^^^^^^^^^^^^^^^^^^^^^^^^^^^^^^^^^^^^^^^^^^^^^^^^^^^^^^^^^^^^^^^^^^^^^^^^^^^^^
  15 | ...mport {
  16 | ... checkoutReducer,
  17 | ... createInitialCheckoutState,

Import map: aliased to relative './components/checkout/payment-flows/VodafoneCashFlow' inside of [project]/

Import trace:
  Server Component:
    ./components/checkout/CheckoutPageClient.tsx
    ./app/checkout/page.tsx

https://nextjs.org/docs/messages/module-not-found @ http://localhost:3000/_next/static/chunks/node_modules_next_dist_1gdrd03._.js:1945
[ 1853356ms] [ERROR] ./components/checkout/CheckoutPageClient.tsx:14:1
Module not found: Can't resolve '@/components/checkout/payment-flows/VodafoneCashFlow'
  12 | ...mport { CashOnDeliveryFlow } from "@/components/checkout/payment-flows/CashOnDeliveryFl...
  13 | ...mport { PaymentFlowPlaceholder } from "@/components/checkout/payment-flows/PaymentFlowP...
> 14 | ...mport { VodafoneCashFlow } from "@/components/checkout/payment-flows/VodafoneCashFlow";
     |    ^^^^^^^^^^^^^^^^^^^^^^^^^^^^^^^^^^^^^^^^^^^^^^^^^^^^^^^^^^^^^^^^^^^^^^^^^^^^^^^^^^^^^^^^
  15 | ...mport {
  16 | ... checkoutReducer,
  17 | ... createInitialCheckoutState,

Import map: aliased to relative './components/checkout/payment-flows/VodafoneCashFlow' inside of [project]/

Import trace:
  Server Component:
    ./components/checkout/CheckoutPageClient.tsx
    ./app/checkout/page.tsx

https://nextjs.org/docs/messages/module-not-found @ http://localhost:3000/_next/static/chunks/node_modules_next_dist_1gdrd03._.js:1945
[ 1853419ms] [ERROR] ./components/checkout/CheckoutPageClient.tsx:14:1
Module not found: Can't resolve '@/components/checkout/payment-flows/VodafoneCashFlow'
  12 | ...mport { CashOnDeliveryFlow } from "@/components/checkout/payment-flows/CashOnDeliveryFl...
  13 | ...mport { PaymentFlowPlaceholder } from "@/components/checkout/payment-flows/PaymentFlowP...
> 14 | ...mport { VodafoneCashFlow } from "@/components/checkout/payment-flows/VodafoneCashFlow";
     |    ^^^^^^^^^^^^^^^^^^^^^^^^^^^^^^^^^^^^^^^^^^^^^^^^^^^^^^^^^^^^^^^^^^^^^^^^^^^^^^^^^^^^^^^^
  15 | ...mport {
  16 | ... checkoutReducer,
  17 | ... createInitialCheckoutState,

Import map: aliased to relative './components/checkout/payment-flows/VodafoneCashFlow' inside of [project]/

Import trace:
  Server Component:
    ./components/checkout/CheckoutPageClient.tsx
    ./app/checkout/page.tsx

https://nextjs.org/docs/messages/module-not-found @ http://localhost:3000/_next/static/chunks/node_modules_next_dist_1gdrd03._.js:1945
[ 1853482ms] [ERROR] ./components/checkout/CheckoutPageClient.tsx:14:1
Module not found: Can't resolve '@/components/checkout/payment-flows/VodafoneCashFlow'
  12 | ...mport { CashOnDeliveryFlow } from "@/components/checkout/payment-flows/CashOnDeliveryFl...
  13 | ...mport { PaymentFlowPlaceholder } from "@/components/checkout/payment-flows/PaymentFlowP...
> 14 | ...mport { VodafoneCashFlow } from "@/components/checkout/payment-flows/VodafoneCashFlow";
     |    ^^^^^^^^^^^^^^^^^^^^^^^^^^^^^^^^^^^^^^^^^^^^^^^^^^^^^^^^^^^^^^^^^^^^^^^^^^^^^^^^^^^^^^^^
  15 | ...mport {
  16 | ... checkoutReducer,
  17 | ... createInitialCheckoutState,

Import map: aliased to relative './components/checkout/payment-flows/VodafoneCashFlow' inside of [project]/

Import trace:
  Server Component:
    ./components/checkout/CheckoutPageClient.tsx
    ./app/checkout/page.tsx

https://nextjs.org/docs/messages/module-not-found @ http://localhost:3000/_next/static/chunks/node_modules_next_dist_1gdrd03._.js:1945
[ 1853545ms] [ERROR] ./components/checkout/CheckoutPageClient.tsx:14:1
Module not found: Can't resolve '@/components/checkout/payment-flows/VodafoneCashFlow'
  12 | ...mport { CashOnDeliveryFlow } from "@/components/checkout/payment-flows/CashOnDeliveryFl...
  13 | ...mport { PaymentFlowPlaceholder } from "@/components/checkout/payment-flows/PaymentFlowP...
> 14 | ...mport { VodafoneCashFlow } from "@/components/checkout/payment-flows/VodafoneCashFlow";
     |    ^^^^^^^^^^^^^^^^^^^^^^^^^^^^^^^^^^^^^^^^^^^^^^^^^^^^^^^^^^^^^^^^^^^^^^^^^^^^^^^^^^^^^^^^
  15 | ...mport {
  16 | ... checkoutReducer,
  17 | ... createInitialCheckoutState,

Import map: aliased to relative './components/checkout/payment-flows/VodafoneCashFlow' inside of [project]/

Import trace:
  Server Component:
    ./components/checkout/CheckoutPageClient.tsx
    ./app/checkout/page.tsx

https://nextjs.org/docs/messages/module-not-found @ http://localhost:3000/_next/static/chunks/node_modules_next_dist_1gdrd03._.js:1945
[ 1853609ms] [ERROR] ./components/checkout/CheckoutPageClient.tsx:14:1
Module not found: Can't resolve '@/components/checkout/payment-flows/VodafoneCashFlow'
  12 | ...mport { CashOnDeliveryFlow } from "@/components/checkout/payment-flows/CashOnDeliveryFl...
  13 | ...mport { PaymentFlowPlaceholder } from "@/components/checkout/payment-flows/PaymentFlowP...
> 14 | ...mport { VodafoneCashFlow } from "@/components/checkout/payment-flows/VodafoneCashFlow";
     |    ^^^^^^^^^^^^^^^^^^^^^^^^^^^^^^^^^^^^^^^^^^^^^^^^^^^^^^^^^^^^^^^^^^^^^^^^^^^^^^^^^^^^^^^^
  15 | ...mport {
  16 | ... checkoutReducer,
  17 | ... createInitialCheckoutState,

Import map: aliased to relative './components/checkout/payment-flows/VodafoneCashFlow' inside of [project]/

Import trace:
  Server Component:
    ./components/checkout/CheckoutPageClient.tsx
    ./app/checkout/page.tsx

https://nextjs.org/docs/messages/module-not-found @ http://localhost:3000/_next/static/chunks/node_modules_next_dist_1gdrd03._.js:1945
[ 1853672ms] [ERROR] ./components/checkout/CheckoutPageClient.tsx:14:1
Module not found: Can't resolve '@/components/checkout/payment-flows/VodafoneCashFlow'
  12 | ...mport { CashOnDeliveryFlow } from "@/components/checkout/payment-flows/CashOnDeliveryFl...
  13 | ...mport { PaymentFlowPlaceholder } from "@/components/checkout/payment-flows/PaymentFlowP...
> 14 | ...mport { VodafoneCashFlow } from "@/components/checkout/payment-flows/VodafoneCashFlow";
     |    ^^^^^^^^^^^^^^^^^^^^^^^^^^^^^^^^^^^^^^^^^^^^^^^^^^^^^^^^^^^^^^^^^^^^^^^^^^^^^^^^^^^^^^^^
  15 | ...mport {
  16 | ... checkoutReducer,
  17 | ... createInitialCheckoutState,

Import map: aliased to relative './components/checkout/payment-flows/VodafoneCashFlow' inside of [project]/

Import trace:
  Server Component:
    ./components/checkout/CheckoutPageClient.tsx
    ./app/checkout/page.tsx

https://nextjs.org/docs/messages/module-not-found @ http://localhost:3000/_next/static/chunks/node_modules_next_dist_1gdrd03._.js:1945
[ 1853735ms] [ERROR] ./components/checkout/CheckoutPageClient.tsx:14:1
Module not found: Can't resolve '@/components/checkout/payment-flows/VodafoneCashFlow'
  12 | ...mport { CashOnDeliveryFlow } from "@/components/checkout/payment-flows/CashOnDeliveryFl...
  13 | ...mport { PaymentFlowPlaceholder } from "@/components/checkout/payment-flows/PaymentFlowP...
> 14 | ...mport { VodafoneCashFlow } from "@/components/checkout/payment-flows/VodafoneCashFlow";
     |    ^^^^^^^^^^^^^^^^^^^^^^^^^^^^^^^^^^^^^^^^^^^^^^^^^^^^^^^^^^^^^^^^^^^^^^^^^^^^^^^^^^^^^^^^
  15 | ...mport {
  16 | ... checkoutReducer,
  17 | ... createInitialCheckoutState,

Import map: aliased to relative './components/checkout/payment-flows/VodafoneCashFlow' inside of [project]/

Import trace:
  Server Component:
    ./components/checkout/CheckoutPageClient.tsx
    ./app/checkout/page.tsx

https://nextjs.org/docs/messages/module-not-found @ http://localhost:3000/_next/static/chunks/node_modules_next_dist_1gdrd03._.js:1945
[ 1853797ms] [ERROR] ./components/checkout/CheckoutPageClient.tsx:14:1
Module not found: Can't resolve '@/components/checkout/payment-flows/VodafoneCashFlow'
  12 | ...mport { CashOnDeliveryFlow } from "@/components/checkout/payment-flows/CashOnDeliveryFl...
  13 | ...mport { PaymentFlowPlaceholder } from "@/components/checkout/payment-flows/PaymentFlowP...
> 14 | ...mport { VodafoneCashFlow } from "@/components/checkout/payment-flows/VodafoneCashFlow";
     |    ^^^^^^^^^^^^^^^^^^^^^^^^^^^^^^^^^^^^^^^^^^^^^^^^^^^^^^^^^^^^^^^^^^^^^^^^^^^^^^^^^^^^^^^^
  15 | ...mport {
  16 | ... checkoutReducer,
  17 | ... createInitialCheckoutState,

Import map: aliased to relative './components/checkout/payment-flows/VodafoneCashFlow' inside of [project]/

Import trace:
  Server Component:
    ./components/checkout/CheckoutPageClient.tsx
    ./app/checkout/page.tsx

https://nextjs.org/docs/messages/module-not-found @ http://localhost:3000/_next/static/chunks/node_modules_next_dist_1gdrd03._.js:1945
[ 1853862ms] [ERROR] ./components/checkout/CheckoutPageClient.tsx:14:1
Module not found: Can't resolve '@/components/checkout/payment-flows/VodafoneCashFlow'
  12 | ...mport { CashOnDeliveryFlow } from "@/components/checkout/payment-flows/CashOnDeliveryFl...
  13 | ...mport { PaymentFlowPlaceholder } from "@/components/checkout/payment-flows/PaymentFlowP...
> 14 | ...mport { VodafoneCashFlow } from "@/components/checkout/payment-flows/VodafoneCashFlow";
     |    ^^^^^^^^^^^^^^^^^^^^^^^^^^^^^^^^^^^^^^^^^^^^^^^^^^^^^^^^^^^^^^^^^^^^^^^^^^^^^^^^^^^^^^^^
  15 | ...mport {
  16 | ... checkoutReducer,
  17 | ... createInitialCheckoutState,

Import map: aliased to relative './components/checkout/payment-flows/VodafoneCashFlow' inside of [project]/

Import trace:
  Server Component:
    ./components/checkout/CheckoutPageClient.tsx
    ./app/checkout/page.tsx

https://nextjs.org/docs/messages/module-not-found @ http://localhost:3000/_next/static/chunks/node_modules_next_dist_1gdrd03._.js:1945
[ 1853924ms] [ERROR] ./components/checkout/CheckoutPageClient.tsx:14:1
Module not found: Can't resolve '@/components/checkout/payment-flows/VodafoneCashFlow'
  12 | ...mport { CashOnDeliveryFlow } from "@/components/checkout/payment-flows/CashOnDeliveryFl...
  13 | ...mport { PaymentFlowPlaceholder } from "@/components/checkout/payment-flows/PaymentFlowP...
> 14 | ...mport { VodafoneCashFlow } from "@/components/checkout/payment-flows/VodafoneCashFlow";
     |    ^^^^^^^^^^^^^^^^^^^^^^^^^^^^^^^^^^^^^^^^^^^^^^^^^^^^^^^^^^^^^^^^^^^^^^^^^^^^^^^^^^^^^^^^
  15 | ...mport {
  16 | ... checkoutReducer,
  17 | ... createInitialCheckoutState,

Import map: aliased to relative './components/checkout/payment-flows/VodafoneCashFlow' inside of [project]/

Import trace:
  Server Component:
    ./components/checkout/CheckoutPageClient.tsx
    ./app/checkout/page.tsx

https://nextjs.org/docs/messages/module-not-found @ http://localhost:3000/_next/static/chunks/node_modules_next_dist_1gdrd03._.js:1945
[ 1853987ms] [ERROR] ./components/checkout/CheckoutPageClient.tsx:14:1
Module not found: Can't resolve '@/components/checkout/payment-flows/VodafoneCashFlow'
  12 | ...mport { CashOnDeliveryFlow } from "@/components/checkout/payment-flows/CashOnDeliveryFl...
  13 | ...mport { PaymentFlowPlaceholder } from "@/components/checkout/payment-flows/PaymentFlowP...
> 14 | ...mport { VodafoneCashFlow } from "@/components/checkout/payment-flows/VodafoneCashFlow";
     |    ^^^^^^^^^^^^^^^^^^^^^^^^^^^^^^^^^^^^^^^^^^^^^^^^^^^^^^^^^^^^^^^^^^^^^^^^^^^^^^^^^^^^^^^^
  15 | ...mport {
  16 | ... checkoutReducer,
  17 | ... createInitialCheckoutState,

Import map: aliased to relative './components/checkout/payment-flows/VodafoneCashFlow' inside of [project]/

Import trace:
  Server Component:
    ./components/checkout/CheckoutPageClient.tsx
    ./app/checkout/page.tsx

https://nextjs.org/docs/messages/module-not-found @ http://localhost:3000/_next/static/chunks/node_modules_next_dist_1gdrd03._.js:1945
[ 1854050ms] [ERROR] ./components/checkout/CheckoutPageClient.tsx:14:1
Module not found: Can't resolve '@/components/checkout/payment-flows/VodafoneCashFlow'
  12 | ...mport { CashOnDeliveryFlow } from "@/components/checkout/payment-flows/CashOnDeliveryFl...
  13 | ...mport { PaymentFlowPlaceholder } from "@/components/checkout/payment-flows/PaymentFlowP...
> 14 | ...mport { VodafoneCashFlow } from "@/components/checkout/payment-flows/VodafoneCashFlow";
     |    ^^^^^^^^^^^^^^^^^^^^^^^^^^^^^^^^^^^^^^^^^^^^^^^^^^^^^^^^^^^^^^^^^^^^^^^^^^^^^^^^^^^^^^^^
  15 | ...mport {
  16 | ... checkoutReducer,
  17 | ... createInitialCheckoutState,

Import map: aliased to relative './components/checkout/payment-flows/VodafoneCashFlow' inside of [project]/

Import trace:
  Server Component:
    ./components/checkout/CheckoutPageClient.tsx
    ./app/checkout/page.tsx

https://nextjs.org/docs/messages/module-not-found @ http://localhost:3000/_next/static/chunks/node_modules_next_dist_1gdrd03._.js:1945
[ 1854113ms] [ERROR] ./components/checkout/CheckoutPageClient.tsx:14:1
Module not found: Can't resolve '@/components/checkout/payment-flows/VodafoneCashFlow'
  12 | ...mport { CashOnDeliveryFlow } from "@/components/checkout/payment-flows/CashOnDeliveryFl...
  13 | ...mport { PaymentFlowPlaceholder } from "@/components/checkout/payment-flows/PaymentFlowP...
> 14 | ...mport { VodafoneCashFlow } from "@/components/checkout/payment-flows/VodafoneCashFlow";
     |    ^^^^^^^^^^^^^^^^^^^^^^^^^^^^^^^^^^^^^^^^^^^^^^^^^^^^^^^^^^^^^^^^^^^^^^^^^^^^^^^^^^^^^^^^
  15 | ...mport {
  16 | ... checkoutReducer,
  17 | ... createInitialCheckoutState,

Import map: aliased to relative './components/checkout/payment-flows/VodafoneCashFlow' inside of [project]/

Import trace:
  Server Component:
    ./components/checkout/CheckoutPageClient.tsx
    ./app/checkout/page.tsx

https://nextjs.org/docs/messages/module-not-found @ http://localhost:3000/_next/static/chunks/node_modules_next_dist_1gdrd03._.js:1945
[ 1854173ms] [ERROR] ./components/checkout/CheckoutPageClient.tsx:14:1
Module not found: Can't resolve '@/components/checkout/payment-flows/VodafoneCashFlow'
  12 | ...mport { CashOnDeliveryFlow } from "@/components/checkout/payment-flows/CashOnDeliveryFl...
  13 | ...mport { PaymentFlowPlaceholder } from "@/components/checkout/payment-flows/PaymentFlowP...
> 14 | ...mport { VodafoneCashFlow } from "@/components/checkout/payment-flows/VodafoneCashFlow";
     |    ^^^^^^^^^^^^^^^^^^^^^^^^^^^^^^^^^^^^^^^^^^^^^^^^^^^^^^^^^^^^^^^^^^^^^^^^^^^^^^^^^^^^^^^^
  15 | ...mport {
  16 | ... checkoutReducer,
  17 | ... createInitialCheckoutState,

Import map: aliased to relative './components/checkout/payment-flows/VodafoneCashFlow' inside of [project]/

Import trace:
  Server Component:
    ./components/checkout/CheckoutPageClient.tsx
    ./app/checkout/page.tsx

https://nextjs.org/docs/messages/module-not-found @ http://localhost:3000/_next/static/chunks/node_modules_next_dist_1gdrd03._.js:1945
[ 1854236ms] [ERROR] ./components/checkout/CheckoutPageClient.tsx:14:1
Module not found: Can't resolve '@/components/checkout/payment-flows/VodafoneCashFlow'
  12 | ...mport { CashOnDeliveryFlow } from "@/components/checkout/payment-flows/CashOnDeliveryFl...
  13 | ...mport { PaymentFlowPlaceholder } from "@/components/checkout/payment-flows/PaymentFlowP...
> 14 | ...mport { VodafoneCashFlow } from "@/components/checkout/payment-flows/VodafoneCashFlow";
     |    ^^^^^^^^^^^^^^^^^^^^^^^^^^^^^^^^^^^^^^^^^^^^^^^^^^^^^^^^^^^^^^^^^^^^^^^^^^^^^^^^^^^^^^^^
  15 | ...mport {
  16 | ... checkoutReducer,
  17 | ... createInitialCheckoutState,

Import map: aliased to relative './components/checkout/payment-flows/VodafoneCashFlow' inside of [project]/

Import trace:
  Server Component:
    ./components/checkout/CheckoutPageClient.tsx
    ./app/checkout/page.tsx

https://nextjs.org/docs/messages/module-not-found @ http://localhost:3000/_next/static/chunks/node_modules_next_dist_1gdrd03._.js:1945
[ 1854299ms] [ERROR] ./components/checkout/CheckoutPageClient.tsx:14:1
Module not found: Can't resolve '@/components/checkout/payment-flows/VodafoneCashFlow'
  12 | ...mport { CashOnDeliveryFlow } from "@/components/checkout/payment-flows/CashOnDeliveryFl...
  13 | ...mport { PaymentFlowPlaceholder } from "@/components/checkout/payment-flows/PaymentFlowP...
> 14 | ...mport { VodafoneCashFlow } from "@/components/checkout/payment-flows/VodafoneCashFlow";
     |    ^^^^^^^^^^^^^^^^^^^^^^^^^^^^^^^^^^^^^^^^^^^^^^^^^^^^^^^^^^^^^^^^^^^^^^^^^^^^^^^^^^^^^^^^
  15 | ...mport {
  16 | ... checkoutReducer,
  17 | ... createInitialCheckoutState,

Import map: aliased to relative './components/checkout/payment-flows/VodafoneCashFlow' inside of [project]/

Import trace:
  Server Component:
    ./components/checkout/CheckoutPageClient.tsx
    ./app/checkout/page.tsx

https://nextjs.org/docs/messages/module-not-found @ http://localhost:3000/_next/static/chunks/node_modules_next_dist_1gdrd03._.js:1945
[ 1854360ms] [ERROR] ./components/checkout/CheckoutPageClient.tsx:14:1
Module not found: Can't resolve '@/components/checkout/payment-flows/VodafoneCashFlow'
  12 | ...mport { CashOnDeliveryFlow } from "@/components/checkout/payment-flows/CashOnDeliveryFl...
  13 | ...mport { PaymentFlowPlaceholder } from "@/components/checkout/payment-flows/PaymentFlowP...
> 14 | ...mport { VodafoneCashFlow } from "@/components/checkout/payment-flows/VodafoneCashFlow";
     |    ^^^^^^^^^^^^^^^^^^^^^^^^^^^^^^^^^^^^^^^^^^^^^^^^^^^^^^^^^^^^^^^^^^^^^^^^^^^^^^^^^^^^^^^^
  15 | ...mport {
  16 | ... checkoutReducer,
  17 | ... createInitialCheckoutState,

Import map: aliased to relative './components/checkout/payment-flows/VodafoneCashFlow' inside of [project]/

Import trace:
  Server Component:
    ./components/checkout/CheckoutPageClient.tsx
    ./app/checkout/page.tsx

https://nextjs.org/docs/messages/module-not-found @ http://localhost:3000/_next/static/chunks/node_modules_next_dist_1gdrd03._.js:1945
[ 1854423ms] [ERROR] ./components/checkout/CheckoutPageClient.tsx:14:1
Module not found: Can't resolve '@/components/checkout/payment-flows/VodafoneCashFlow'
  12 | ...mport { CashOnDeliveryFlow } from "@/components/checkout/payment-flows/CashOnDeliveryFl...
  13 | ...mport { PaymentFlowPlaceholder } from "@/components/checkout/payment-flows/PaymentFlowP...
> 14 | ...mport { VodafoneCashFlow } from "@/components/checkout/payment-flows/VodafoneCashFlow";
     |    ^^^^^^^^^^^^^^^^^^^^^^^^^^^^^^^^^^^^^^^^^^^^^^^^^^^^^^^^^^^^^^^^^^^^^^^^^^^^^^^^^^^^^^^^
  15 | ...mport {
  16 | ... checkoutReducer,
  17 | ... createInitialCheckoutState,

Import map: aliased to relative './components/checkout/payment-flows/VodafoneCashFlow' inside of [project]/

Import trace:
  Server Component:
    ./components/checkout/CheckoutPageClient.tsx
    ./app/checkout/page.tsx

https://nextjs.org/docs/messages/module-not-found @ http://localhost:3000/_next/static/chunks/node_modules_next_dist_1gdrd03._.js:1945
[ 1854487ms] [ERROR] ./components/checkout/CheckoutPageClient.tsx:14:1
Module not found: Can't resolve '@/components/checkout/payment-flows/VodafoneCashFlow'
  12 | ...mport { CashOnDeliveryFlow } from "@/components/checkout/payment-flows/CashOnDeliveryFl...
  13 | ...mport { PaymentFlowPlaceholder } from "@/components/checkout/payment-flows/PaymentFlowP...
> 14 | ...mport { VodafoneCashFlow } from "@/components/checkout/payment-flows/VodafoneCashFlow";
     |    ^^^^^^^^^^^^^^^^^^^^^^^^^^^^^^^^^^^^^^^^^^^^^^^^^^^^^^^^^^^^^^^^^^^^^^^^^^^^^^^^^^^^^^^^
  15 | ...mport {
  16 | ... checkoutReducer,
  17 | ... createInitialCheckoutState,

Import map: aliased to relative './components/checkout/payment-flows/VodafoneCashFlow' inside of [project]/

Import trace:
  Server Component:
    ./components/checkout/CheckoutPageClient.tsx
    ./app/checkout/page.tsx

https://nextjs.org/docs/messages/module-not-found @ http://localhost:3000/_next/static/chunks/node_modules_next_dist_1gdrd03._.js:1945
[ 1854549ms] [ERROR] ./components/checkout/CheckoutPageClient.tsx:14:1
Module not found: Can't resolve '@/components/checkout/payment-flows/VodafoneCashFlow'
  12 | ...mport { CashOnDeliveryFlow } from "@/components/checkout/payment-flows/CashOnDeliveryFl...
  13 | ...mport { PaymentFlowPlaceholder } from "@/components/checkout/payment-flows/PaymentFlowP...
> 14 | ...mport { VodafoneCashFlow } from "@/components/checkout/payment-flows/VodafoneCashFlow";
     |    ^^^^^^^^^^^^^^^^^^^^^^^^^^^^^^^^^^^^^^^^^^^^^^^^^^^^^^^^^^^^^^^^^^^^^^^^^^^^^^^^^^^^^^^^
  15 | ...mport {
  16 | ... checkoutReducer,
  17 | ... createInitialCheckoutState,

Import map: aliased to relative './components/checkout/payment-flows/VodafoneCashFlow' inside of [project]/

Import trace:
  Server Component:
    ./components/checkout/CheckoutPageClient.tsx
    ./app/checkout/page.tsx

https://nextjs.org/docs/messages/module-not-found @ http://localhost:3000/_next/static/chunks/node_modules_next_dist_1gdrd03._.js:1945
[ 1854611ms] [ERROR] ./components/checkout/CheckoutPageClient.tsx:14:1
Module not found: Can't resolve '@/components/checkout/payment-flows/VodafoneCashFlow'
  12 | ...mport { CashOnDeliveryFlow } from "@/components/checkout/payment-flows/CashOnDeliveryFl...
  13 | ...mport { PaymentFlowPlaceholder } from "@/components/checkout/payment-flows/PaymentFlowP...
> 14 | ...mport { VodafoneCashFlow } from "@/components/checkout/payment-flows/VodafoneCashFlow";
     |    ^^^^^^^^^^^^^^^^^^^^^^^^^^^^^^^^^^^^^^^^^^^^^^^^^^^^^^^^^^^^^^^^^^^^^^^^^^^^^^^^^^^^^^^^
  15 | ...mport {
  16 | ... checkoutReducer,
  17 | ... createInitialCheckoutState,

Import map: aliased to relative './components/checkout/payment-flows/VodafoneCashFlow' inside of [project]/

Import trace:
  Server Component:
    ./components/checkout/CheckoutPageClient.tsx
    ./app/checkout/page.tsx

https://nextjs.org/docs/messages/module-not-found @ http://localhost:3000/_next/static/chunks/node_modules_next_dist_1gdrd03._.js:1945
[ 1854674ms] [ERROR] ./components/checkout/CheckoutPageClient.tsx:14:1
Module not found: Can't resolve '@/components/checkout/payment-flows/VodafoneCashFlow'
  12 | ...mport { CashOnDeliveryFlow } from "@/components/checkout/payment-flows/CashOnDeliveryFl...
  13 | ...mport { PaymentFlowPlaceholder } from "@/components/checkout/payment-flows/PaymentFlowP...
> 14 | ...mport { VodafoneCashFlow } from "@/components/checkout/payment-flows/VodafoneCashFlow";
     |    ^^^^^^^^^^^^^^^^^^^^^^^^^^^^^^^^^^^^^^^^^^^^^^^^^^^^^^^^^^^^^^^^^^^^^^^^^^^^^^^^^^^^^^^^
  15 | ...mport {
  16 | ... checkoutReducer,
  17 | ... createInitialCheckoutState,

Import map: aliased to relative './components/checkout/payment-flows/VodafoneCashFlow' inside of [project]/

Import trace:
  Server Component:
    ./components/checkout/CheckoutPageClient.tsx
    ./app/checkout/page.tsx

https://nextjs.org/docs/messages/module-not-found @ http://localhost:3000/_next/static/chunks/node_modules_next_dist_1gdrd03._.js:1945
[ 1854736ms] [ERROR] ./components/checkout/CheckoutPageClient.tsx:14:1
Module not found: Can't resolve '@/components/checkout/payment-flows/VodafoneCashFlow'
  12 | ...mport { CashOnDeliveryFlow } from "@/components/checkout/payment-flows/CashOnDeliveryFl...
  13 | ...mport { PaymentFlowPlaceholder } from "@/components/checkout/payment-flows/PaymentFlowP...
> 14 | ...mport { VodafoneCashFlow } from "@/components/checkout/payment-flows/VodafoneCashFlow";
     |    ^^^^^^^^^^^^^^^^^^^^^^^^^^^^^^^^^^^^^^^^^^^^^^^^^^^^^^^^^^^^^^^^^^^^^^^^^^^^^^^^^^^^^^^^
  15 | ...mport {
  16 | ... checkoutReducer,
  17 | ... createInitialCheckoutState,

Import map: aliased to relative './components/checkout/payment-flows/VodafoneCashFlow' inside of [project]/

Import trace:
  Server Component:
    ./components/checkout/CheckoutPageClient.tsx
    ./app/checkout/page.tsx

https://nextjs.org/docs/messages/module-not-found @ http://localhost:3000/_next/static/chunks/node_modules_next_dist_1gdrd03._.js:1945
[ 1854798ms] [ERROR] ./components/checkout/CheckoutPageClient.tsx:14:1
Module not found: Can't resolve '@/components/checkout/payment-flows/VodafoneCashFlow'
  12 | ...mport { CashOnDeliveryFlow } from "@/components/checkout/payment-flows/CashOnDeliveryFl...
  13 | ...mport { PaymentFlowPlaceholder } from "@/components/checkout/payment-flows/PaymentFlowP...
> 14 | ...mport { VodafoneCashFlow } from "@/components/checkout/payment-flows/VodafoneCashFlow";
     |    ^^^^^^^^^^^^^^^^^^^^^^^^^^^^^^^^^^^^^^^^^^^^^^^^^^^^^^^^^^^^^^^^^^^^^^^^^^^^^^^^^^^^^^^^
  15 | ...mport {
  16 | ... checkoutReducer,
  17 | ... createInitialCheckoutState,

Import map: aliased to relative './components/checkout/payment-flows/VodafoneCashFlow' inside of [project]/

Import trace:
  Server Component:
    ./components/checkout/CheckoutPageClient.tsx
    ./app/checkout/page.tsx

https://nextjs.org/docs/messages/module-not-found @ http://localhost:3000/_next/static/chunks/node_modules_next_dist_1gdrd03._.js:1945
[ 1854862ms] [ERROR] ./components/checkout/CheckoutPageClient.tsx:14:1
Module not found: Can't resolve '@/components/checkout/payment-flows/VodafoneCashFlow'
  12 | ...mport { CashOnDeliveryFlow } from "@/components/checkout/payment-flows/CashOnDeliveryFl...
  13 | ...mport { PaymentFlowPlaceholder } from "@/components/checkout/payment-flows/PaymentFlowP...
> 14 | ...mport { VodafoneCashFlow } from "@/components/checkout/payment-flows/VodafoneCashFlow";
     |    ^^^^^^^^^^^^^^^^^^^^^^^^^^^^^^^^^^^^^^^^^^^^^^^^^^^^^^^^^^^^^^^^^^^^^^^^^^^^^^^^^^^^^^^^
  15 | ...mport {
  16 | ... checkoutReducer,
  17 | ... createInitialCheckoutState,

Import map: aliased to relative './components/checkout/payment-flows/VodafoneCashFlow' inside of [project]/

Import trace:
  Server Component:
    ./components/checkout/CheckoutPageClient.tsx
    ./app/checkout/page.tsx

https://nextjs.org/docs/messages/module-not-found @ http://localhost:3000/_next/static/chunks/node_modules_next_dist_1gdrd03._.js:1945
[ 1854926ms] [ERROR] ./components/checkout/CheckoutPageClient.tsx:14:1
Module not found: Can't resolve '@/components/checkout/payment-flows/VodafoneCashFlow'
  12 | ...mport { CashOnDeliveryFlow } from "@/components/checkout/payment-flows/CashOnDeliveryFl...
  13 | ...mport { PaymentFlowPlaceholder } from "@/components/checkout/payment-flows/PaymentFlowP...
> 14 | ...mport { VodafoneCashFlow } from "@/components/checkout/payment-flows/VodafoneCashFlow";
     |    ^^^^^^^^^^^^^^^^^^^^^^^^^^^^^^^^^^^^^^^^^^^^^^^^^^^^^^^^^^^^^^^^^^^^^^^^^^^^^^^^^^^^^^^^
  15 | ...mport {
  16 | ... checkoutReducer,
  17 | ... createInitialCheckoutState,

Import map: aliased to relative './components/checkout/payment-flows/VodafoneCashFlow' inside of [project]/

Import trace:
  Server Component:
    ./components/checkout/CheckoutPageClient.tsx
    ./app/checkout/page.tsx

https://nextjs.org/docs/messages/module-not-found @ http://localhost:3000/_next/static/chunks/node_modules_next_dist_1gdrd03._.js:1945
[ 1854990ms] [ERROR] ./components/checkout/CheckoutPageClient.tsx:14:1
Module not found: Can't resolve '@/components/checkout/payment-flows/VodafoneCashFlow'
  12 | ...mport { CashOnDeliveryFlow } from "@/components/checkout/payment-flows/CashOnDeliveryFl...
  13 | ...mport { PaymentFlowPlaceholder } from "@/components/checkout/payment-flows/PaymentFlowP...
> 14 | ...mport { VodafoneCashFlow } from "@/components/checkout/payment-flows/VodafoneCashFlow";
     |    ^^^^^^^^^^^^^^^^^^^^^^^^^^^^^^^^^^^^^^^^^^^^^^^^^^^^^^^^^^^^^^^^^^^^^^^^^^^^^^^^^^^^^^^^
  15 | ...mport {
  16 | ... checkoutReducer,
  17 | ... createInitialCheckoutState,

Import map: aliased to relative './components/checkout/payment-flows/VodafoneCashFlow' inside of [project]/

Import trace:
  Server Component:
    ./components/checkout/CheckoutPageClient.tsx
    ./app/checkout/page.tsx

https://nextjs.org/docs/messages/module-not-found @ http://localhost:3000/_next/static/chunks/node_modules_next_dist_1gdrd03._.js:1945
[ 1855051ms] [ERROR] ./components/checkout/CheckoutPageClient.tsx:14:1
Module not found: Can't resolve '@/components/checkout/payment-flows/VodafoneCashFlow'
  12 | ...mport { CashOnDeliveryFlow } from "@/components/checkout/payment-flows/CashOnDeliveryFl...
  13 | ...mport { PaymentFlowPlaceholder } from "@/components/checkout/payment-flows/PaymentFlowP...
> 14 | ...mport { VodafoneCashFlow } from "@/components/checkout/payment-flows/VodafoneCashFlow";
     |    ^^^^^^^^^^^^^^^^^^^^^^^^^^^^^^^^^^^^^^^^^^^^^^^^^^^^^^^^^^^^^^^^^^^^^^^^^^^^^^^^^^^^^^^^
  15 | ...mport {
  16 | ... checkoutReducer,
  17 | ... createInitialCheckoutState,

Import map: aliased to relative './components/checkout/payment-flows/VodafoneCashFlow' inside of [project]/

Import trace:
  Server Component:
    ./components/checkout/CheckoutPageClient.tsx
    ./app/checkout/page.tsx

https://nextjs.org/docs/messages/module-not-found @ http://localhost:3000/_next/static/chunks/node_modules_next_dist_1gdrd03._.js:1945
[ 1855112ms] [ERROR] ./components/checkout/CheckoutPageClient.tsx:14:1
Module not found: Can't resolve '@/components/checkout/payment-flows/VodafoneCashFlow'
  12 | ...mport { CashOnDeliveryFlow } from "@/components/checkout/payment-flows/CashOnDeliveryFl...
  13 | ...mport { PaymentFlowPlaceholder } from "@/components/checkout/payment-flows/PaymentFlowP...
> 14 | ...mport { VodafoneCashFlow } from "@/components/checkout/payment-flows/VodafoneCashFlow";
     |    ^^^^^^^^^^^^^^^^^^^^^^^^^^^^^^^^^^^^^^^^^^^^^^^^^^^^^^^^^^^^^^^^^^^^^^^^^^^^^^^^^^^^^^^^
  15 | ...mport {
  16 | ... checkoutReducer,
  17 | ... createInitialCheckoutState,

Import map: aliased to relative './components/checkout/payment-flows/VodafoneCashFlow' inside of [project]/

Import trace:
  Server Component:
    ./components/checkout/CheckoutPageClient.tsx
    ./app/checkout/page.tsx

https://nextjs.org/docs/messages/module-not-found @ http://localhost:3000/_next/static/chunks/node_modules_next_dist_1gdrd03._.js:1945
[ 1855174ms] [ERROR] ./components/checkout/CheckoutPageClient.tsx:14:1
Module not found: Can't resolve '@/components/checkout/payment-flows/VodafoneCashFlow'
  12 | ...mport { CashOnDeliveryFlow } from "@/components/checkout/payment-flows/CashOnDeliveryFl...
  13 | ...mport { PaymentFlowPlaceholder } from "@/components/checkout/payment-flows/PaymentFlowP...
> 14 | ...mport { VodafoneCashFlow } from "@/components/checkout/payment-flows/VodafoneCashFlow";
     |    ^^^^^^^^^^^^^^^^^^^^^^^^^^^^^^^^^^^^^^^^^^^^^^^^^^^^^^^^^^^^^^^^^^^^^^^^^^^^^^^^^^^^^^^^
  15 | ...mport {
  16 | ... checkoutReducer,
  17 | ... createInitialCheckoutState,

Import map: aliased to relative './components/checkout/payment-flows/VodafoneCashFlow' inside of [project]/

Import trace:
  Server Component:
    ./components/checkout/CheckoutPageClient.tsx
    ./app/checkout/page.tsx

https://nextjs.org/docs/messages/module-not-found @ http://localhost:3000/_next/static/chunks/node_modules_next_dist_1gdrd03._.js:1945
[ 1855236ms] [ERROR] ./components/checkout/CheckoutPageClient.tsx:14:1
Module not found: Can't resolve '@/components/checkout/payment-flows/VodafoneCashFlow'
  12 | ...mport { CashOnDeliveryFlow } from "@/components/checkout/payment-flows/CashOnDeliveryFl...
  13 | ...mport { PaymentFlowPlaceholder } from "@/components/checkout/payment-flows/PaymentFlowP...
> 14 | ...mport { VodafoneCashFlow } from "@/components/checkout/payment-flows/VodafoneCashFlow";
     |    ^^^^^^^^^^^^^^^^^^^^^^^^^^^^^^^^^^^^^^^^^^^^^^^^^^^^^^^^^^^^^^^^^^^^^^^^^^^^^^^^^^^^^^^^
  15 | ...mport {
  16 | ... checkoutReducer,
  17 | ... createInitialCheckoutState,

Import map: aliased to relative './components/checkout/payment-flows/VodafoneCashFlow' inside of [project]/

Import trace:
  Server Component:
    ./components/checkout/CheckoutPageClient.tsx
    ./app/checkout/page.tsx

https://nextjs.org/docs/messages/module-not-found @ http://localhost:3000/_next/static/chunks/node_modules_next_dist_1gdrd03._.js:1945
[ 1855298ms] [ERROR] ./components/checkout/CheckoutPageClient.tsx:14:1
Module not found: Can't resolve '@/components/checkout/payment-flows/VodafoneCashFlow'
  12 | ...mport { CashOnDeliveryFlow } from "@/components/checkout/payment-flows/CashOnDeliveryFl...
  13 | ...mport { PaymentFlowPlaceholder } from "@/components/checkout/payment-flows/PaymentFlowP...
> 14 | ...mport { VodafoneCashFlow } from "@/components/checkout/payment-flows/VodafoneCashFlow";
     |    ^^^^^^^^^^^^^^^^^^^^^^^^^^^^^^^^^^^^^^^^^^^^^^^^^^^^^^^^^^^^^^^^^^^^^^^^^^^^^^^^^^^^^^^^
  15 | ...mport {
  16 | ... checkoutReducer,
  17 | ... createInitialCheckoutState,

Import map: aliased to relative './components/checkout/payment-flows/VodafoneCashFlow' inside of [project]/

Import trace:
  Server Component:
    ./components/checkout/CheckoutPageClient.tsx
    ./app/checkout/page.tsx

https://nextjs.org/docs/messages/module-not-found @ http://localhost:3000/_next/static/chunks/node_modules_next_dist_1gdrd03._.js:1945
[ 1855362ms] [ERROR] ./components/checkout/CheckoutPageClient.tsx:14:1
Module not found: Can't resolve '@/components/checkout/payment-flows/VodafoneCashFlow'
  12 | ...mport { CashOnDeliveryFlow } from "@/components/checkout/payment-flows/CashOnDeliveryFl...
  13 | ...mport { PaymentFlowPlaceholder } from "@/components/checkout/payment-flows/PaymentFlowP...
> 14 | ...mport { VodafoneCashFlow } from "@/components/checkout/payment-flows/VodafoneCashFlow";
     |    ^^^^^^^^^^^^^^^^^^^^^^^^^^^^^^^^^^^^^^^^^^^^^^^^^^^^^^^^^^^^^^^^^^^^^^^^^^^^^^^^^^^^^^^^
  15 | ...mport {
  16 | ... checkoutReducer,
  17 | ... createInitialCheckoutState,

Import map: aliased to relative './components/checkout/payment-flows/VodafoneCashFlow' inside of [project]/

Import trace:
  Server Component:
    ./components/checkout/CheckoutPageClient.tsx
    ./app/checkout/page.tsx

https://nextjs.org/docs/messages/module-not-found @ http://localhost:3000/_next/static/chunks/node_modules_next_dist_1gdrd03._.js:1945
[ 1855424ms] [ERROR] ./components/checkout/CheckoutPageClient.tsx:14:1
Module not found: Can't resolve '@/components/checkout/payment-flows/VodafoneCashFlow'
  12 | ...mport { CashOnDeliveryFlow } from "@/components/checkout/payment-flows/CashOnDeliveryFl...
  13 | ...mport { PaymentFlowPlaceholder } from "@/components/checkout/payment-flows/PaymentFlowP...
> 14 | ...mport { VodafoneCashFlow } from "@/components/checkout/payment-flows/VodafoneCashFlow";
     |    ^^^^^^^^^^^^^^^^^^^^^^^^^^^^^^^^^^^^^^^^^^^^^^^^^^^^^^^^^^^^^^^^^^^^^^^^^^^^^^^^^^^^^^^^
  15 | ...mport {
  16 | ... checkoutReducer,
  17 | ... createInitialCheckoutState,

Import map: aliased to relative './components/checkout/payment-flows/VodafoneCashFlow' inside of [project]/

Import trace:
  Server Component:
    ./components/checkout/CheckoutPageClient.tsx
    ./app/checkout/page.tsx

https://nextjs.org/docs/messages/module-not-found @ http://localhost:3000/_next/static/chunks/node_modules_next_dist_1gdrd03._.js:1945
[ 1855487ms] [ERROR] ./components/checkout/CheckoutPageClient.tsx:14:1
Module not found: Can't resolve '@/components/checkout/payment-flows/VodafoneCashFlow'
  12 | ...mport { CashOnDeliveryFlow } from "@/components/checkout/payment-flows/CashOnDeliveryFl...
  13 | ...mport { PaymentFlowPlaceholder } from "@/components/checkout/payment-flows/PaymentFlowP...
> 14 | ...mport { VodafoneCashFlow } from "@/components/checkout/payment-flows/VodafoneCashFlow";
     |    ^^^^^^^^^^^^^^^^^^^^^^^^^^^^^^^^^^^^^^^^^^^^^^^^^^^^^^^^^^^^^^^^^^^^^^^^^^^^^^^^^^^^^^^^
  15 | ...mport {
  16 | ... checkoutReducer,
  17 | ... createInitialCheckoutState,

Import map: aliased to relative './components/checkout/payment-flows/VodafoneCashFlow' inside of [project]/

Import trace:
  Server Component:
    ./components/checkout/CheckoutPageClient.tsx
    ./app/checkout/page.tsx

https://nextjs.org/docs/messages/module-not-found @ http://localhost:3000/_next/static/chunks/node_modules_next_dist_1gdrd03._.js:1945
[ 1855551ms] [ERROR] ./components/checkout/CheckoutPageClient.tsx:14:1
Module not found: Can't resolve '@/components/checkout/payment-flows/VodafoneCashFlow'
  12 | ...mport { CashOnDeliveryFlow } from "@/components/checkout/payment-flows/CashOnDeliveryFl...
  13 | ...mport { PaymentFlowPlaceholder } from "@/components/checkout/payment-flows/PaymentFlowP...
> 14 | ...mport { VodafoneCashFlow } from "@/components/checkout/payment-flows/VodafoneCashFlow";
     |    ^^^^^^^^^^^^^^^^^^^^^^^^^^^^^^^^^^^^^^^^^^^^^^^^^^^^^^^^^^^^^^^^^^^^^^^^^^^^^^^^^^^^^^^^
  15 | ...mport {
  16 | ... checkoutReducer,
  17 | ... createInitialCheckoutState,

Import map: aliased to relative './components/checkout/payment-flows/VodafoneCashFlow' inside of [project]/

Import trace:
  Server Component:
    ./components/checkout/CheckoutPageClient.tsx
    ./app/checkout/page.tsx

https://nextjs.org/docs/messages/module-not-found @ http://localhost:3000/_next/static/chunks/node_modules_next_dist_1gdrd03._.js:1945
[ 1855612ms] [ERROR] ./components/checkout/CheckoutPageClient.tsx:14:1
Module not found: Can't resolve '@/components/checkout/payment-flows/VodafoneCashFlow'
  12 | ...mport { CashOnDeliveryFlow } from "@/components/checkout/payment-flows/CashOnDeliveryFl...
  13 | ...mport { PaymentFlowPlaceholder } from "@/components/checkout/payment-flows/PaymentFlowP...
> 14 | ...mport { VodafoneCashFlow } from "@/components/checkout/payment-flows/VodafoneCashFlow";
     |    ^^^^^^^^^^^^^^^^^^^^^^^^^^^^^^^^^^^^^^^^^^^^^^^^^^^^^^^^^^^^^^^^^^^^^^^^^^^^^^^^^^^^^^^^
  15 | ...mport {
  16 | ... checkoutReducer,
  17 | ... createInitialCheckoutState,

Import map: aliased to relative './components/checkout/payment-flows/VodafoneCashFlow' inside of [project]/

Import trace:
  Server Component:
    ./components/checkout/CheckoutPageClient.tsx
    ./app/checkout/page.tsx

https://nextjs.org/docs/messages/module-not-found @ http://localhost:3000/_next/static/chunks/node_modules_next_dist_1gdrd03._.js:1945
[ 1855675ms] [ERROR] ./components/checkout/CheckoutPageClient.tsx:14:1
Module not found: Can't resolve '@/components/checkout/payment-flows/VodafoneCashFlow'
  12 | ...mport { CashOnDeliveryFlow } from "@/components/checkout/payment-flows/CashOnDeliveryFl...
  13 | ...mport { PaymentFlowPlaceholder } from "@/components/checkout/payment-flows/PaymentFlowP...
> 14 | ...mport { VodafoneCashFlow } from "@/components/checkout/payment-flows/VodafoneCashFlow";
     |    ^^^^^^^^^^^^^^^^^^^^^^^^^^^^^^^^^^^^^^^^^^^^^^^^^^^^^^^^^^^^^^^^^^^^^^^^^^^^^^^^^^^^^^^^
  15 | ...mport {
  16 | ... checkoutReducer,
  17 | ... createInitialCheckoutState,

Import map: aliased to relative './components/checkout/payment-flows/VodafoneCashFlow' inside of [project]/

Import trace:
  Server Component:
    ./components/checkout/CheckoutPageClient.tsx
    ./app/checkout/page.tsx

https://nextjs.org/docs/messages/module-not-found @ http://localhost:3000/_next/static/chunks/node_modules_next_dist_1gdrd03._.js:1945
[ 1855739ms] [ERROR] ./components/checkout/CheckoutPageClient.tsx:14:1
Module not found: Can't resolve '@/components/checkout/payment-flows/VodafoneCashFlow'
  12 | ...mport { CashOnDeliveryFlow } from "@/components/checkout/payment-flows/CashOnDeliveryFl...
  13 | ...mport { PaymentFlowPlaceholder } from "@/components/checkout/payment-flows/PaymentFlowP...
> 14 | ...mport { VodafoneCashFlow } from "@/components/checkout/payment-flows/VodafoneCashFlow";
     |    ^^^^^^^^^^^^^^^^^^^^^^^^^^^^^^^^^^^^^^^^^^^^^^^^^^^^^^^^^^^^^^^^^^^^^^^^^^^^^^^^^^^^^^^^
  15 | ...mport {
  16 | ... checkoutReducer,
  17 | ... createInitialCheckoutState,

Import map: aliased to relative './components/checkout/payment-flows/VodafoneCashFlow' inside of [project]/

Import trace:
  Server Component:
    ./components/checkout/CheckoutPageClient.tsx
    ./app/checkout/page.tsx

https://nextjs.org/docs/messages/module-not-found @ http://localhost:3000/_next/static/chunks/node_modules_next_dist_1gdrd03._.js:1945
[ 1855801ms] [ERROR] ./components/checkout/CheckoutPageClient.tsx:14:1
Module not found: Can't resolve '@/components/checkout/payment-flows/VodafoneCashFlow'
  12 | ...mport { CashOnDeliveryFlow } from "@/components/checkout/payment-flows/CashOnDeliveryFl...
  13 | ...mport { PaymentFlowPlaceholder } from "@/components/checkout/payment-flows/PaymentFlowP...
> 14 | ...mport { VodafoneCashFlow } from "@/components/checkout/payment-flows/VodafoneCashFlow";
     |    ^^^^^^^^^^^^^^^^^^^^^^^^^^^^^^^^^^^^^^^^^^^^^^^^^^^^^^^^^^^^^^^^^^^^^^^^^^^^^^^^^^^^^^^^
  15 | ...mport {
  16 | ... checkoutReducer,
  17 | ... createInitialCheckoutState,

Import map: aliased to relative './components/checkout/payment-flows/VodafoneCashFlow' inside of [project]/

Import trace:
  Server Component:
    ./components/checkout/CheckoutPageClient.tsx
    ./app/checkout/page.tsx

https://nextjs.org/docs/messages/module-not-found @ http://localhost:3000/_next/static/chunks/node_modules_next_dist_1gdrd03._.js:1945
[ 1855864ms] [ERROR] ./components/checkout/CheckoutPageClient.tsx:14:1
Module not found: Can't resolve '@/components/checkout/payment-flows/VodafoneCashFlow'
  12 | ...mport { CashOnDeliveryFlow } from "@/components/checkout/payment-flows/CashOnDeliveryFl...
  13 | ...mport { PaymentFlowPlaceholder } from "@/components/checkout/payment-flows/PaymentFlowP...
> 14 | ...mport { VodafoneCashFlow } from "@/components/checkout/payment-flows/VodafoneCashFlow";
     |    ^^^^^^^^^^^^^^^^^^^^^^^^^^^^^^^^^^^^^^^^^^^^^^^^^^^^^^^^^^^^^^^^^^^^^^^^^^^^^^^^^^^^^^^^
  15 | ...mport {
  16 | ... checkoutReducer,
  17 | ... createInitialCheckoutState,

Import map: aliased to relative './components/checkout/payment-flows/VodafoneCashFlow' inside of [project]/

Import trace:
  Server Component:
    ./components/checkout/CheckoutPageClient.tsx
    ./app/checkout/page.tsx

https://nextjs.org/docs/messages/module-not-found @ http://localhost:3000/_next/static/chunks/node_modules_next_dist_1gdrd03._.js:1945
[ 1855927ms] [ERROR] ./components/checkout/CheckoutPageClient.tsx:14:1
Module not found: Can't resolve '@/components/checkout/payment-flows/VodafoneCashFlow'
  12 | ...mport { CashOnDeliveryFlow } from "@/components/checkout/payment-flows/CashOnDeliveryFl...
  13 | ...mport { PaymentFlowPlaceholder } from "@/components/checkout/payment-flows/PaymentFlowP...
> 14 | ...mport { VodafoneCashFlow } from "@/components/checkout/payment-flows/VodafoneCashFlow";
     |    ^^^^^^^^^^^^^^^^^^^^^^^^^^^^^^^^^^^^^^^^^^^^^^^^^^^^^^^^^^^^^^^^^^^^^^^^^^^^^^^^^^^^^^^^
  15 | ...mport {
  16 | ... checkoutReducer,
  17 | ... createInitialCheckoutState,

Import map: aliased to relative './components/checkout/payment-flows/VodafoneCashFlow' inside of [project]/

Import trace:
  Server Component:
    ./components/checkout/CheckoutPageClient.tsx
    ./app/checkout/page.tsx

https://nextjs.org/docs/messages/module-not-found @ http://localhost:3000/_next/static/chunks/node_modules_next_dist_1gdrd03._.js:1945
[ 1855990ms] [ERROR] ./components/checkout/CheckoutPageClient.tsx:14:1
Module not found: Can't resolve '@/components/checkout/payment-flows/VodafoneCashFlow'
  12 | ...mport { CashOnDeliveryFlow } from "@/components/checkout/payment-flows/CashOnDeliveryFl...
  13 | ...mport { PaymentFlowPlaceholder } from "@/components/checkout/payment-flows/PaymentFlowP...
> 14 | ...mport { VodafoneCashFlow } from "@/components/checkout/payment-flows/VodafoneCashFlow";
     |    ^^^^^^^^^^^^^^^^^^^^^^^^^^^^^^^^^^^^^^^^^^^^^^^^^^^^^^^^^^^^^^^^^^^^^^^^^^^^^^^^^^^^^^^^
  15 | ...mport {
  16 | ... checkoutReducer,
  17 | ... createInitialCheckoutState,

Import map: aliased to relative './components/checkout/payment-flows/VodafoneCashFlow' inside of [project]/

Import trace:
  Server Component:
    ./components/checkout/CheckoutPageClient.tsx
    ./app/checkout/page.tsx

https://nextjs.org/docs/messages/module-not-found @ http://localhost:3000/_next/static/chunks/node_modules_next_dist_1gdrd03._.js:1945
[ 1856054ms] [ERROR] ./components/checkout/CheckoutPageClient.tsx:14:1
Module not found: Can't resolve '@/components/checkout/payment-flows/VodafoneCashFlow'
  12 | ...mport { CashOnDeliveryFlow } from "@/components/checkout/payment-flows/CashOnDeliveryFl...
  13 | ...mport { PaymentFlowPlaceholder } from "@/components/checkout/payment-flows/PaymentFlowP...
> 14 | ...mport { VodafoneCashFlow } from "@/components/checkout/payment-flows/VodafoneCashFlow";
     |    ^^^^^^^^^^^^^^^^^^^^^^^^^^^^^^^^^^^^^^^^^^^^^^^^^^^^^^^^^^^^^^^^^^^^^^^^^^^^^^^^^^^^^^^^
  15 | ...mport {
  16 | ... checkoutReducer,
  17 | ... createInitialCheckoutState,

Import map: aliased to relative './components/checkout/payment-flows/VodafoneCashFlow' inside of [project]/

Import trace:
  Server Component:
    ./components/checkout/CheckoutPageClient.tsx
    ./app/checkout/page.tsx

https://nextjs.org/docs/messages/module-not-found @ http://localhost:3000/_next/static/chunks/node_modules_next_dist_1gdrd03._.js:1945
[ 1856116ms] [ERROR] ./components/checkout/CheckoutPageClient.tsx:14:1
Module not found: Can't resolve '@/components/checkout/payment-flows/VodafoneCashFlow'
  12 | ...mport { CashOnDeliveryFlow } from "@/components/checkout/payment-flows/CashOnDeliveryFl...
  13 | ...mport { PaymentFlowPlaceholder } from "@/components/checkout/payment-flows/PaymentFlowP...
> 14 | ...mport { VodafoneCashFlow } from "@/components/checkout/payment-flows/VodafoneCashFlow";
     |    ^^^^^^^^^^^^^^^^^^^^^^^^^^^^^^^^^^^^^^^^^^^^^^^^^^^^^^^^^^^^^^^^^^^^^^^^^^^^^^^^^^^^^^^^
  15 | ...mport {
  16 | ... checkoutReducer,
  17 | ... createInitialCheckoutState,

Import map: aliased to relative './components/checkout/payment-flows/VodafoneCashFlow' inside of [project]/

Import trace:
  Server Component:
    ./components/checkout/CheckoutPageClient.tsx
    ./app/checkout/page.tsx

https://nextjs.org/docs/messages/module-not-found @ http://localhost:3000/_next/static/chunks/node_modules_next_dist_1gdrd03._.js:1945
[ 1856178ms] [ERROR] ./components/checkout/CheckoutPageClient.tsx:14:1
Module not found: Can't resolve '@/components/checkout/payment-flows/VodafoneCashFlow'
  12 | ...mport { CashOnDeliveryFlow } from "@/components/checkout/payment-flows/CashOnDeliveryFl...
  13 | ...mport { PaymentFlowPlaceholder } from "@/components/checkout/payment-flows/PaymentFlowP...
> 14 | ...mport { VodafoneCashFlow } from "@/components/checkout/payment-flows/VodafoneCashFlow";
     |    ^^^^^^^^^^^^^^^^^^^^^^^^^^^^^^^^^^^^^^^^^^^^^^^^^^^^^^^^^^^^^^^^^^^^^^^^^^^^^^^^^^^^^^^^
  15 | ...mport {
  16 | ... checkoutReducer,
  17 | ... createInitialCheckoutState,

Import map: aliased to relative './components/checkout/payment-flows/VodafoneCashFlow' inside of [project]/

Import trace:
  Server Component:
    ./components/checkout/CheckoutPageClient.tsx
    ./app/checkout/page.tsx

https://nextjs.org/docs/messages/module-not-found @ http://localhost:3000/_next/static/chunks/node_modules_next_dist_1gdrd03._.js:1945
[ 1856242ms] [ERROR] ./components/checkout/CheckoutPageClient.tsx:14:1
Module not found: Can't resolve '@/components/checkout/payment-flows/VodafoneCashFlow'
  12 | ...mport { CashOnDeliveryFlow } from "@/components/checkout/payment-flows/CashOnDeliveryFl...
  13 | ...mport { PaymentFlowPlaceholder } from "@/components/checkout/payment-flows/PaymentFlowP...
> 14 | ...mport { VodafoneCashFlow } from "@/components/checkout/payment-flows/VodafoneCashFlow";
     |    ^^^^^^^^^^^^^^^^^^^^^^^^^^^^^^^^^^^^^^^^^^^^^^^^^^^^^^^^^^^^^^^^^^^^^^^^^^^^^^^^^^^^^^^^
  15 | ...mport {
  16 | ... checkoutReducer,
  17 | ... createInitialCheckoutState,

Import map: aliased to relative './components/checkout/payment-flows/VodafoneCashFlow' inside of [project]/

Import trace:
  Server Component:
    ./components/checkout/CheckoutPageClient.tsx
    ./app/checkout/page.tsx

https://nextjs.org/docs/messages/module-not-found @ http://localhost:3000/_next/static/chunks/node_modules_next_dist_1gdrd03._.js:1945
[ 1856305ms] [ERROR] ./components/checkout/CheckoutPageClient.tsx:14:1
Module not found: Can't resolve '@/components/checkout/payment-flows/VodafoneCashFlow'
  12 | ...mport { CashOnDeliveryFlow } from "@/components/checkout/payment-flows/CashOnDeliveryFl...
  13 | ...mport { PaymentFlowPlaceholder } from "@/components/checkout/payment-flows/PaymentFlowP...
> 14 | ...mport { VodafoneCashFlow } from "@/components/checkout/payment-flows/VodafoneCashFlow";
     |    ^^^^^^^^^^^^^^^^^^^^^^^^^^^^^^^^^^^^^^^^^^^^^^^^^^^^^^^^^^^^^^^^^^^^^^^^^^^^^^^^^^^^^^^^
  15 | ...mport {
  16 | ... checkoutReducer,
  17 | ... createInitialCheckoutState,

Import map: aliased to relative './components/checkout/payment-flows/VodafoneCashFlow' inside of [project]/

Import trace:
  Server Component:
    ./components/checkout/CheckoutPageClient.tsx
    ./app/checkout/page.tsx

https://nextjs.org/docs/messages/module-not-found @ http://localhost:3000/_next/static/chunks/node_modules_next_dist_1gdrd03._.js:1945
[ 1856366ms] [ERROR] ./components/checkout/CheckoutPageClient.tsx:14:1
Module not found: Can't resolve '@/components/checkout/payment-flows/VodafoneCashFlow'
  12 | ...mport { CashOnDeliveryFlow } from "@/components/checkout/payment-flows/CashOnDeliveryFl...
  13 | ...mport { PaymentFlowPlaceholder } from "@/components/checkout/payment-flows/PaymentFlowP...
> 14 | ...mport { VodafoneCashFlow } from "@/components/checkout/payment-flows/VodafoneCashFlow";
     |    ^^^^^^^^^^^^^^^^^^^^^^^^^^^^^^^^^^^^^^^^^^^^^^^^^^^^^^^^^^^^^^^^^^^^^^^^^^^^^^^^^^^^^^^^
  15 | ...mport {
  16 | ... checkoutReducer,
  17 | ... createInitialCheckoutState,

Import map: aliased to relative './components/checkout/payment-flows/VodafoneCashFlow' inside of [project]/

Import trace:
  Server Component:
    ./components/checkout/CheckoutPageClient.tsx
    ./app/checkout/page.tsx

https://nextjs.org/docs/messages/module-not-found @ http://localhost:3000/_next/static/chunks/node_modules_next_dist_1gdrd03._.js:1945
[ 1856429ms] [ERROR] ./components/checkout/CheckoutPageClient.tsx:14:1
Module not found: Can't resolve '@/components/checkout/payment-flows/VodafoneCashFlow'
  12 | ...mport { CashOnDeliveryFlow } from "@/components/checkout/payment-flows/CashOnDeliveryFl...
  13 | ...mport { PaymentFlowPlaceholder } from "@/components/checkout/payment-flows/PaymentFlowP...
> 14 | ...mport { VodafoneCashFlow } from "@/components/checkout/payment-flows/VodafoneCashFlow";
     |    ^^^^^^^^^^^^^^^^^^^^^^^^^^^^^^^^^^^^^^^^^^^^^^^^^^^^^^^^^^^^^^^^^^^^^^^^^^^^^^^^^^^^^^^^
  15 | ...mport {
  16 | ... checkoutReducer,
  17 | ... createInitialCheckoutState,

Import map: aliased to relative './components/checkout/payment-flows/VodafoneCashFlow' inside of [project]/

Import trace:
  Server Component:
    ./components/checkout/CheckoutPageClient.tsx
    ./app/checkout/page.tsx

https://nextjs.org/docs/messages/module-not-found @ http://localhost:3000/_next/static/chunks/node_modules_next_dist_1gdrd03._.js:1945
[ 1856492ms] [ERROR] ./components/checkout/CheckoutPageClient.tsx:14:1
Module not found: Can't resolve '@/components/checkout/payment-flows/VodafoneCashFlow'
  12 | ...mport { CashOnDeliveryFlow } from "@/components/checkout/payment-flows/CashOnDeliveryFl...
  13 | ...mport { PaymentFlowPlaceholder } from "@/components/checkout/payment-flows/PaymentFlowP...
> 14 | ...mport { VodafoneCashFlow } from "@/components/checkout/payment-flows/VodafoneCashFlow";
     |    ^^^^^^^^^^^^^^^^^^^^^^^^^^^^^^^^^^^^^^^^^^^^^^^^^^^^^^^^^^^^^^^^^^^^^^^^^^^^^^^^^^^^^^^^
  15 | ...mport {
  16 | ... checkoutReducer,
  17 | ... createInitialCheckoutState,

Import map: aliased to relative './components/checkout/payment-flows/VodafoneCashFlow' inside of [project]/

Import trace:
  Server Component:
    ./components/checkout/CheckoutPageClient.tsx
    ./app/checkout/page.tsx

https://nextjs.org/docs/messages/module-not-found @ http://localhost:3000/_next/static/chunks/node_modules_next_dist_1gdrd03._.js:1945
[ 1856555ms] [ERROR] ./components/checkout/CheckoutPageClient.tsx:14:1
Module not found: Can't resolve '@/components/checkout/payment-flows/VodafoneCashFlow'
  12 | ...mport { CashOnDeliveryFlow } from "@/components/checkout/payment-flows/CashOnDeliveryFl...
  13 | ...mport { PaymentFlowPlaceholder } from "@/components/checkout/payment-flows/PaymentFlowP...
> 14 | ...mport { VodafoneCashFlow } from "@/components/checkout/payment-flows/VodafoneCashFlow";
     |    ^^^^^^^^^^^^^^^^^^^^^^^^^^^^^^^^^^^^^^^^^^^^^^^^^^^^^^^^^^^^^^^^^^^^^^^^^^^^^^^^^^^^^^^^
  15 | ...mport {
  16 | ... checkoutReducer,
  17 | ... createInitialCheckoutState,

Import map: aliased to relative './components/checkout/payment-flows/VodafoneCashFlow' inside of [project]/

Import trace:
  Server Component:
    ./components/checkout/CheckoutPageClient.tsx
    ./app/checkout/page.tsx

https://nextjs.org/docs/messages/module-not-found @ http://localhost:3000/_next/static/chunks/node_modules_next_dist_1gdrd03._.js:1945
[ 1856618ms] [ERROR] ./components/checkout/CheckoutPageClient.tsx:14:1
Module not found: Can't resolve '@/components/checkout/payment-flows/VodafoneCashFlow'
  12 | ...mport { CashOnDeliveryFlow } from "@/components/checkout/payment-flows/CashOnDeliveryFl...
  13 | ...mport { PaymentFlowPlaceholder } from "@/components/checkout/payment-flows/PaymentFlowP...
> 14 | ...mport { VodafoneCashFlow } from "@/components/checkout/payment-flows/VodafoneCashFlow";
     |    ^^^^^^^^^^^^^^^^^^^^^^^^^^^^^^^^^^^^^^^^^^^^^^^^^^^^^^^^^^^^^^^^^^^^^^^^^^^^^^^^^^^^^^^^
  15 | ...mport {
  16 | ... checkoutReducer,
  17 | ... createInitialCheckoutState,

Import map: aliased to relative './components/checkout/payment-flows/VodafoneCashFlow' inside of [project]/

Import trace:
  Server Component:
    ./components/checkout/CheckoutPageClient.tsx
    ./app/checkout/page.tsx

https://nextjs.org/docs/messages/module-not-found @ http://localhost:3000/_next/static/chunks/node_modules_next_dist_1gdrd03._.js:1945
[ 1856681ms] [ERROR] ./components/checkout/CheckoutPageClient.tsx:14:1
Module not found: Can't resolve '@/components/checkout/payment-flows/VodafoneCashFlow'
  12 | ...mport { CashOnDeliveryFlow } from "@/components/checkout/payment-flows/CashOnDeliveryFl...
  13 | ...mport { PaymentFlowPlaceholder } from "@/components/checkout/payment-flows/PaymentFlowP...
> 14 | ...mport { VodafoneCashFlow } from "@/components/checkout/payment-flows/VodafoneCashFlow";
     |    ^^^^^^^^^^^^^^^^^^^^^^^^^^^^^^^^^^^^^^^^^^^^^^^^^^^^^^^^^^^^^^^^^^^^^^^^^^^^^^^^^^^^^^^^
  15 | ...mport {
  16 | ... checkoutReducer,
  17 | ... createInitialCheckoutState,

Import map: aliased to relative './components/checkout/payment-flows/VodafoneCashFlow' inside of [project]/

Import trace:
  Server Component:
    ./components/checkout/CheckoutPageClient.tsx
    ./app/checkout/page.tsx

https://nextjs.org/docs/messages/module-not-found @ http://localhost:3000/_next/static/chunks/node_modules_next_dist_1gdrd03._.js:1945
[ 1856744ms] [ERROR] ./components/checkout/CheckoutPageClient.tsx:14:1
Module not found: Can't resolve '@/components/checkout/payment-flows/VodafoneCashFlow'
  12 | ...mport { CashOnDeliveryFlow } from "@/components/checkout/payment-flows/CashOnDeliveryFl...
  13 | ...mport { PaymentFlowPlaceholder } from "@/components/checkout/payment-flows/PaymentFlowP...
> 14 | ...mport { VodafoneCashFlow } from "@/components/checkout/payment-flows/VodafoneCashFlow";
     |    ^^^^^^^^^^^^^^^^^^^^^^^^^^^^^^^^^^^^^^^^^^^^^^^^^^^^^^^^^^^^^^^^^^^^^^^^^^^^^^^^^^^^^^^^
  15 | ...mport {
  16 | ... checkoutReducer,
  17 | ... createInitialCheckoutState,

Import map: aliased to relative './components/checkout/payment-flows/VodafoneCashFlow' inside of [project]/

Import trace:
  Server Component:
    ./components/checkout/CheckoutPageClient.tsx
    ./app/checkout/page.tsx

https://nextjs.org/docs/messages/module-not-found @ http://localhost:3000/_next/static/chunks/node_modules_next_dist_1gdrd03._.js:1945
[ 1856806ms] [ERROR] ./components/checkout/CheckoutPageClient.tsx:14:1
Module not found: Can't resolve '@/components/checkout/payment-flows/VodafoneCashFlow'
  12 | ...mport { CashOnDeliveryFlow } from "@/components/checkout/payment-flows/CashOnDeliveryFl...
  13 | ...mport { PaymentFlowPlaceholder } from "@/components/checkout/payment-flows/PaymentFlowP...
> 14 | ...mport { VodafoneCashFlow } from "@/components/checkout/payment-flows/VodafoneCashFlow";
     |    ^^^^^^^^^^^^^^^^^^^^^^^^^^^^^^^^^^^^^^^^^^^^^^^^^^^^^^^^^^^^^^^^^^^^^^^^^^^^^^^^^^^^^^^^
  15 | ...mport {
  16 | ... checkoutReducer,
  17 | ... createInitialCheckoutState,

Import map: aliased to relative './components/checkout/payment-flows/VodafoneCashFlow' inside of [project]/

Import trace:
  Server Component:
    ./components/checkout/CheckoutPageClient.tsx
    ./app/checkout/page.tsx

https://nextjs.org/docs/messages/module-not-found @ http://localhost:3000/_next/static/chunks/node_modules_next_dist_1gdrd03._.js:1945
[ 1856869ms] [ERROR] ./components/checkout/CheckoutPageClient.tsx:14:1
Module not found: Can't resolve '@/components/checkout/payment-flows/VodafoneCashFlow'
  12 | ...mport { CashOnDeliveryFlow } from "@/components/checkout/payment-flows/CashOnDeliveryFl...
  13 | ...mport { PaymentFlowPlaceholder } from "@/components/checkout/payment-flows/PaymentFlowP...
> 14 | ...mport { VodafoneCashFlow } from "@/components/checkout/payment-flows/VodafoneCashFlow";
     |    ^^^^^^^^^^^^^^^^^^^^^^^^^^^^^^^^^^^^^^^^^^^^^^^^^^^^^^^^^^^^^^^^^^^^^^^^^^^^^^^^^^^^^^^^
  15 | ...mport {
  16 | ... checkoutReducer,
  17 | ... createInitialCheckoutState,

Import map: aliased to relative './components/checkout/payment-flows/VodafoneCashFlow' inside of [project]/

Import trace:
  Server Component:
    ./components/checkout/CheckoutPageClient.tsx
    ./app/checkout/page.tsx

https://nextjs.org/docs/messages/module-not-found @ http://localhost:3000/_next/static/chunks/node_modules_next_dist_1gdrd03._.js:1945
[ 1856933ms] [ERROR] ./components/checkout/CheckoutPageClient.tsx:14:1
Module not found: Can't resolve '@/components/checkout/payment-flows/VodafoneCashFlow'
  12 | ...mport { CashOnDeliveryFlow } from "@/components/checkout/payment-flows/CashOnDeliveryFl...
  13 | ...mport { PaymentFlowPlaceholder } from "@/components/checkout/payment-flows/PaymentFlowP...
> 14 | ...mport { VodafoneCashFlow } from "@/components/checkout/payment-flows/VodafoneCashFlow";
     |    ^^^^^^^^^^^^^^^^^^^^^^^^^^^^^^^^^^^^^^^^^^^^^^^^^^^^^^^^^^^^^^^^^^^^^^^^^^^^^^^^^^^^^^^^
  15 | ...mport {
  16 | ... checkoutReducer,
  17 | ... createInitialCheckoutState,

Import map: aliased to relative './components/checkout/payment-flows/VodafoneCashFlow' inside of [project]/

Import trace:
  Server Component:
    ./components/checkout/CheckoutPageClient.tsx
    ./app/checkout/page.tsx

https://nextjs.org/docs/messages/module-not-found @ http://localhost:3000/_next/static/chunks/node_modules_next_dist_1gdrd03._.js:1945
[ 1856996ms] [ERROR] ./components/checkout/CheckoutPageClient.tsx:14:1
Module not found: Can't resolve '@/components/checkout/payment-flows/VodafoneCashFlow'
  12 | ...mport { CashOnDeliveryFlow } from "@/components/checkout/payment-flows/CashOnDeliveryFl...
  13 | ...mport { PaymentFlowPlaceholder } from "@/components/checkout/payment-flows/PaymentFlowP...
> 14 | ...mport { VodafoneCashFlow } from "@/components/checkout/payment-flows/VodafoneCashFlow";
     |    ^^^^^^^^^^^^^^^^^^^^^^^^^^^^^^^^^^^^^^^^^^^^^^^^^^^^^^^^^^^^^^^^^^^^^^^^^^^^^^^^^^^^^^^^
  15 | ...mport {
  16 | ... checkoutReducer,
  17 | ... createInitialCheckoutState,

Import map: aliased to relative './components/checkout/payment-flows/VodafoneCashFlow' inside of [project]/

Import trace:
  Server Component:
    ./components/checkout/CheckoutPageClient.tsx
    ./app/checkout/page.tsx

https://nextjs.org/docs/messages/module-not-found @ http://localhost:3000/_next/static/chunks/node_modules_next_dist_1gdrd03._.js:1945
[ 1857059ms] [ERROR] ./components/checkout/CheckoutPageClient.tsx:14:1
Module not found: Can't resolve '@/components/checkout/payment-flows/VodafoneCashFlow'
  12 | ...mport { CashOnDeliveryFlow } from "@/components/checkout/payment-flows/CashOnDeliveryFl...
  13 | ...mport { PaymentFlowPlaceholder } from "@/components/checkout/payment-flows/PaymentFlowP...
> 14 | ...mport { VodafoneCashFlow } from "@/components/checkout/payment-flows/VodafoneCashFlow";
     |    ^^^^^^^^^^^^^^^^^^^^^^^^^^^^^^^^^^^^^^^^^^^^^^^^^^^^^^^^^^^^^^^^^^^^^^^^^^^^^^^^^^^^^^^^
  15 | ...mport {
  16 | ... checkoutReducer,
  17 | ... createInitialCheckoutState,

Import map: aliased to relative './components/checkout/payment-flows/VodafoneCashFlow' inside of [project]/

Import trace:
  Server Component:
    ./components/checkout/CheckoutPageClient.tsx
    ./app/checkout/page.tsx

https://nextjs.org/docs/messages/module-not-found @ http://localhost:3000/_next/static/chunks/node_modules_next_dist_1gdrd03._.js:1945
[ 1857120ms] [ERROR] ./components/checkout/CheckoutPageClient.tsx:14:1
Module not found: Can't resolve '@/components/checkout/payment-flows/VodafoneCashFlow'
  12 | ...mport { CashOnDeliveryFlow } from "@/components/checkout/payment-flows/CashOnDeliveryFl...
  13 | ...mport { PaymentFlowPlaceholder } from "@/components/checkout/payment-flows/PaymentFlowP...
> 14 | ...mport { VodafoneCashFlow } from "@/components/checkout/payment-flows/VodafoneCashFlow";
     |    ^^^^^^^^^^^^^^^^^^^^^^^^^^^^^^^^^^^^^^^^^^^^^^^^^^^^^^^^^^^^^^^^^^^^^^^^^^^^^^^^^^^^^^^^
  15 | ...mport {
  16 | ... checkoutReducer,
  17 | ... createInitialCheckoutState,

Import map: aliased to relative './components/checkout/payment-flows/VodafoneCashFlow' inside of [project]/

Import trace:
  Server Component:
    ./components/checkout/CheckoutPageClient.tsx
    ./app/checkout/page.tsx

https://nextjs.org/docs/messages/module-not-found @ http://localhost:3000/_next/static/chunks/node_modules_next_dist_1gdrd03._.js:1945
[ 1857182ms] [ERROR] ./components/checkout/CheckoutPageClient.tsx:14:1
Module not found: Can't resolve '@/components/checkout/payment-flows/VodafoneCashFlow'
  12 | ...mport { CashOnDeliveryFlow } from "@/components/checkout/payment-flows/CashOnDeliveryFl...
  13 | ...mport { PaymentFlowPlaceholder } from "@/components/checkout/payment-flows/PaymentFlowP...
> 14 | ...mport { VodafoneCashFlow } from "@/components/checkout/payment-flows/VodafoneCashFlow";
     |    ^^^^^^^^^^^^^^^^^^^^^^^^^^^^^^^^^^^^^^^^^^^^^^^^^^^^^^^^^^^^^^^^^^^^^^^^^^^^^^^^^^^^^^^^
  15 | ...mport {
  16 | ... checkoutReducer,
  17 | ... createInitialCheckoutState,

Import map: aliased to relative './components/checkout/payment-flows/VodafoneCashFlow' inside of [project]/

Import trace:
  Server Component:
    ./components/checkout/CheckoutPageClient.tsx
    ./app/checkout/page.tsx

https://nextjs.org/docs/messages/module-not-found @ http://localhost:3000/_next/static/chunks/node_modules_next_dist_1gdrd03._.js:1945
[ 1857245ms] [ERROR] ./components/checkout/CheckoutPageClient.tsx:14:1
Module not found: Can't resolve '@/components/checkout/payment-flows/VodafoneCashFlow'
  12 | ...mport { CashOnDeliveryFlow } from "@/components/checkout/payment-flows/CashOnDeliveryFl...
  13 | ...mport { PaymentFlowPlaceholder } from "@/components/checkout/payment-flows/PaymentFlowP...
> 14 | ...mport { VodafoneCashFlow } from "@/components/checkout/payment-flows/VodafoneCashFlow";
     |    ^^^^^^^^^^^^^^^^^^^^^^^^^^^^^^^^^^^^^^^^^^^^^^^^^^^^^^^^^^^^^^^^^^^^^^^^^^^^^^^^^^^^^^^^
  15 | ...mport {
  16 | ... checkoutReducer,
  17 | ... createInitialCheckoutState,

Import map: aliased to relative './components/checkout/payment-flows/VodafoneCashFlow' inside of [project]/

Import trace:
  Server Component:
    ./components/checkout/CheckoutPageClient.tsx
    ./app/checkout/page.tsx

https://nextjs.org/docs/messages/module-not-found @ http://localhost:3000/_next/static/chunks/node_modules_next_dist_1gdrd03._.js:1945
[ 1857308ms] [ERROR] ./components/checkout/CheckoutPageClient.tsx:14:1
Module not found: Can't resolve '@/components/checkout/payment-flows/VodafoneCashFlow'
  12 | ...mport { CashOnDeliveryFlow } from "@/components/checkout/payment-flows/CashOnDeliveryFl...
  13 | ...mport { PaymentFlowPlaceholder } from "@/components/checkout/payment-flows/PaymentFlowP...
> 14 | ...mport { VodafoneCashFlow } from "@/components/checkout/payment-flows/VodafoneCashFlow";
     |    ^^^^^^^^^^^^^^^^^^^^^^^^^^^^^^^^^^^^^^^^^^^^^^^^^^^^^^^^^^^^^^^^^^^^^^^^^^^^^^^^^^^^^^^^
  15 | ...mport {
  16 | ... checkoutReducer,
  17 | ... createInitialCheckoutState,

Import map: aliased to relative './components/checkout/payment-flows/VodafoneCashFlow' inside of [project]/

Import trace:
  Server Component:
    ./components/checkout/CheckoutPageClient.tsx
    ./app/checkout/page.tsx

https://nextjs.org/docs/messages/module-not-found @ http://localhost:3000/_next/static/chunks/node_modules_next_dist_1gdrd03._.js:1945
[ 1857370ms] [ERROR] ./components/checkout/CheckoutPageClient.tsx:14:1
Module not found: Can't resolve '@/components/checkout/payment-flows/VodafoneCashFlow'
  12 | ...mport { CashOnDeliveryFlow } from "@/components/checkout/payment-flows/CashOnDeliveryFl...
  13 | ...mport { PaymentFlowPlaceholder } from "@/components/checkout/payment-flows/PaymentFlowP...
> 14 | ...mport { VodafoneCashFlow } from "@/components/checkout/payment-flows/VodafoneCashFlow";
     |    ^^^^^^^^^^^^^^^^^^^^^^^^^^^^^^^^^^^^^^^^^^^^^^^^^^^^^^^^^^^^^^^^^^^^^^^^^^^^^^^^^^^^^^^^
  15 | ...mport {
  16 | ... checkoutReducer,
  17 | ... createInitialCheckoutState,

Import map: aliased to relative './components/checkout/payment-flows/VodafoneCashFlow' inside of [project]/

Import trace:
  Server Component:
    ./components/checkout/CheckoutPageClient.tsx
    ./app/checkout/page.tsx

https://nextjs.org/docs/messages/module-not-found @ http://localhost:3000/_next/static/chunks/node_modules_next_dist_1gdrd03._.js:1945
[ 1857433ms] [ERROR] ./components/checkout/CheckoutPageClient.tsx:14:1
Module not found: Can't resolve '@/components/checkout/payment-flows/VodafoneCashFlow'
  12 | ...mport { CashOnDeliveryFlow } from "@/components/checkout/payment-flows/CashOnDeliveryFl...
  13 | ...mport { PaymentFlowPlaceholder } from "@/components/checkout/payment-flows/PaymentFlowP...
> 14 | ...mport { VodafoneCashFlow } from "@/components/checkout/payment-flows/VodafoneCashFlow";
     |    ^^^^^^^^^^^^^^^^^^^^^^^^^^^^^^^^^^^^^^^^^^^^^^^^^^^^^^^^^^^^^^^^^^^^^^^^^^^^^^^^^^^^^^^^
  15 | ...mport {
  16 | ... checkoutReducer,
  17 | ... createInitialCheckoutState,

Import map: aliased to relative './components/checkout/payment-flows/VodafoneCashFlow' inside of [project]/

Import trace:
  Server Component:
    ./components/checkout/CheckoutPageClient.tsx
    ./app/checkout/page.tsx

https://nextjs.org/docs/messages/module-not-found @ http://localhost:3000/_next/static/chunks/node_modules_next_dist_1gdrd03._.js:1945
[ 1857495ms] [ERROR] ./components/checkout/CheckoutPageClient.tsx:14:1
Module not found: Can't resolve '@/components/checkout/payment-flows/VodafoneCashFlow'
  12 | ...mport { CashOnDeliveryFlow } from "@/components/checkout/payment-flows/CashOnDeliveryFl...
  13 | ...mport { PaymentFlowPlaceholder } from "@/components/checkout/payment-flows/PaymentFlowP...
> 14 | ...mport { VodafoneCashFlow } from "@/components/checkout/payment-flows/VodafoneCashFlow";
     |    ^^^^^^^^^^^^^^^^^^^^^^^^^^^^^^^^^^^^^^^^^^^^^^^^^^^^^^^^^^^^^^^^^^^^^^^^^^^^^^^^^^^^^^^^
  15 | ...mport {
  16 | ... checkoutReducer,
  17 | ... createInitialCheckoutState,

Import map: aliased to relative './components/checkout/payment-flows/VodafoneCashFlow' inside of [project]/

Import trace:
  Server Component:
    ./components/checkout/CheckoutPageClient.tsx
    ./app/checkout/page.tsx

https://nextjs.org/docs/messages/module-not-found @ http://localhost:3000/_next/static/chunks/node_modules_next_dist_1gdrd03._.js:1945
[ 1857557ms] [ERROR] ./components/checkout/CheckoutPageClient.tsx:14:1
Module not found: Can't resolve '@/components/checkout/payment-flows/VodafoneCashFlow'
  12 | ...mport { CashOnDeliveryFlow } from "@/components/checkout/payment-flows/CashOnDeliveryFl...
  13 | ...mport { PaymentFlowPlaceholder } from "@/components/checkout/payment-flows/PaymentFlowP...
> 14 | ...mport { VodafoneCashFlow } from "@/components/checkout/payment-flows/VodafoneCashFlow";
     |    ^^^^^^^^^^^^^^^^^^^^^^^^^^^^^^^^^^^^^^^^^^^^^^^^^^^^^^^^^^^^^^^^^^^^^^^^^^^^^^^^^^^^^^^^
  15 | ...mport {
  16 | ... checkoutReducer,
  17 | ... createInitialCheckoutState,

Import map: aliased to relative './components/checkout/payment-flows/VodafoneCashFlow' inside of [project]/

Import trace:
  Server Component:
    ./components/checkout/CheckoutPageClient.tsx
    ./app/checkout/page.tsx

https://nextjs.org/docs/messages/module-not-found @ http://localhost:3000/_next/static/chunks/node_modules_next_dist_1gdrd03._.js:1945
[ 1857619ms] [ERROR] ./components/checkout/CheckoutPageClient.tsx:14:1
Module not found: Can't resolve '@/components/checkout/payment-flows/VodafoneCashFlow'
  12 | ...mport { CashOnDeliveryFlow } from "@/components/checkout/payment-flows/CashOnDeliveryFl...
  13 | ...mport { PaymentFlowPlaceholder } from "@/components/checkout/payment-flows/PaymentFlowP...
> 14 | ...mport { VodafoneCashFlow } from "@/components/checkout/payment-flows/VodafoneCashFlow";
     |    ^^^^^^^^^^^^^^^^^^^^^^^^^^^^^^^^^^^^^^^^^^^^^^^^^^^^^^^^^^^^^^^^^^^^^^^^^^^^^^^^^^^^^^^^
  15 | ...mport {
  16 | ... checkoutReducer,
  17 | ... createInitialCheckoutState,

Import map: aliased to relative './components/checkout/payment-flows/VodafoneCashFlow' inside of [project]/

Import trace:
  Server Component:
    ./components/checkout/CheckoutPageClient.tsx
    ./app/checkout/page.tsx

https://nextjs.org/docs/messages/module-not-found @ http://localhost:3000/_next/static/chunks/node_modules_next_dist_1gdrd03._.js:1945
[ 1857681ms] [ERROR] ./components/checkout/CheckoutPageClient.tsx:14:1
Module not found: Can't resolve '@/components/checkout/payment-flows/VodafoneCashFlow'
  12 | ...mport { CashOnDeliveryFlow } from "@/components/checkout/payment-flows/CashOnDeliveryFl...
  13 | ...mport { PaymentFlowPlaceholder } from "@/components/checkout/payment-flows/PaymentFlowP...
> 14 | ...mport { VodafoneCashFlow } from "@/components/checkout/payment-flows/VodafoneCashFlow";
     |    ^^^^^^^^^^^^^^^^^^^^^^^^^^^^^^^^^^^^^^^^^^^^^^^^^^^^^^^^^^^^^^^^^^^^^^^^^^^^^^^^^^^^^^^^
  15 | ...mport {
  16 | ... checkoutReducer,
  17 | ... createInitialCheckoutState,

Import map: aliased to relative './components/checkout/payment-flows/VodafoneCashFlow' inside of [project]/

Import trace:
  Server Component:
    ./components/checkout/CheckoutPageClient.tsx
    ./app/checkout/page.tsx

https://nextjs.org/docs/messages/module-not-found @ http://localhost:3000/_next/static/chunks/node_modules_next_dist_1gdrd03._.js:1945
[ 1857744ms] [ERROR] ./components/checkout/CheckoutPageClient.tsx:14:1
Module not found: Can't resolve '@/components/checkout/payment-flows/VodafoneCashFlow'
  12 | ...mport { CashOnDeliveryFlow } from "@/components/checkout/payment-flows/CashOnDeliveryFl...
  13 | ...mport { PaymentFlowPlaceholder } from "@/components/checkout/payment-flows/PaymentFlowP...
> 14 | ...mport { VodafoneCashFlow } from "@/components/checkout/payment-flows/VodafoneCashFlow";
     |    ^^^^^^^^^^^^^^^^^^^^^^^^^^^^^^^^^^^^^^^^^^^^^^^^^^^^^^^^^^^^^^^^^^^^^^^^^^^^^^^^^^^^^^^^
  15 | ...mport {
  16 | ... checkoutReducer,
  17 | ... createInitialCheckoutState,

Import map: aliased to relative './components/checkout/payment-flows/VodafoneCashFlow' inside of [project]/

Import trace:
  Server Component:
    ./components/checkout/CheckoutPageClient.tsx
    ./app/checkout/page.tsx

https://nextjs.org/docs/messages/module-not-found @ http://localhost:3000/_next/static/chunks/node_modules_next_dist_1gdrd03._.js:1945
[ 1857805ms] [ERROR] ./components/checkout/CheckoutPageClient.tsx:14:1
Module not found: Can't resolve '@/components/checkout/payment-flows/VodafoneCashFlow'
  12 | ...mport { CashOnDeliveryFlow } from "@/components/checkout/payment-flows/CashOnDeliveryFl...
  13 | ...mport { PaymentFlowPlaceholder } from "@/components/checkout/payment-flows/PaymentFlowP...
> 14 | ...mport { VodafoneCashFlow } from "@/components/checkout/payment-flows/VodafoneCashFlow";
     |    ^^^^^^^^^^^^^^^^^^^^^^^^^^^^^^^^^^^^^^^^^^^^^^^^^^^^^^^^^^^^^^^^^^^^^^^^^^^^^^^^^^^^^^^^
  15 | ...mport {
  16 | ... checkoutReducer,
  17 | ... createInitialCheckoutState,

Import map: aliased to relative './components/checkout/payment-flows/VodafoneCashFlow' inside of [project]/

Import trace:
  Server Component:
    ./components/checkout/CheckoutPageClient.tsx
    ./app/checkout/page.tsx

https://nextjs.org/docs/messages/module-not-found @ http://localhost:3000/_next/static/chunks/node_modules_next_dist_1gdrd03._.js:1945
[ 1857868ms] [ERROR] ./components/checkout/CheckoutPageClient.tsx:14:1
Module not found: Can't resolve '@/components/checkout/payment-flows/VodafoneCashFlow'
  12 | ...mport { CashOnDeliveryFlow } from "@/components/checkout/payment-flows/CashOnDeliveryFl...
  13 | ...mport { PaymentFlowPlaceholder } from "@/components/checkout/payment-flows/PaymentFlowP...
> 14 | ...mport { VodafoneCashFlow } from "@/components/checkout/payment-flows/VodafoneCashFlow";
     |    ^^^^^^^^^^^^^^^^^^^^^^^^^^^^^^^^^^^^^^^^^^^^^^^^^^^^^^^^^^^^^^^^^^^^^^^^^^^^^^^^^^^^^^^^
  15 | ...mport {
  16 | ... checkoutReducer,
  17 | ... createInitialCheckoutState,

Import map: aliased to relative './components/checkout/payment-flows/VodafoneCashFlow' inside of [project]/

Import trace:
  Server Component:
    ./components/checkout/CheckoutPageClient.tsx
    ./app/checkout/page.tsx

https://nextjs.org/docs/messages/module-not-found @ http://localhost:3000/_next/static/chunks/node_modules_next_dist_1gdrd03._.js:1945
[ 1857930ms] [ERROR] ./components/checkout/CheckoutPageClient.tsx:14:1
Module not found: Can't resolve '@/components/checkout/payment-flows/VodafoneCashFlow'
  12 | ...mport { CashOnDeliveryFlow } from "@/components/checkout/payment-flows/CashOnDeliveryFl...
  13 | ...mport { PaymentFlowPlaceholder } from "@/components/checkout/payment-flows/PaymentFlowP...
> 14 | ...mport { VodafoneCashFlow } from "@/components/checkout/payment-flows/VodafoneCashFlow";
     |    ^^^^^^^^^^^^^^^^^^^^^^^^^^^^^^^^^^^^^^^^^^^^^^^^^^^^^^^^^^^^^^^^^^^^^^^^^^^^^^^^^^^^^^^^
  15 | ...mport {
  16 | ... checkoutReducer,
  17 | ... createInitialCheckoutState,

Import map: aliased to relative './components/checkout/payment-flows/VodafoneCashFlow' inside of [project]/

Import trace:
  Server Component:
    ./components/checkout/CheckoutPageClient.tsx
    ./app/checkout/page.tsx

https://nextjs.org/docs/messages/module-not-found @ http://localhost:3000/_next/static/chunks/node_modules_next_dist_1gdrd03._.js:1945
[ 1857992ms] [ERROR] ./components/checkout/CheckoutPageClient.tsx:14:1
Module not found: Can't resolve '@/components/checkout/payment-flows/VodafoneCashFlow'
  12 | ...mport { CashOnDeliveryFlow } from "@/components/checkout/payment-flows/CashOnDeliveryFl...
  13 | ...mport { PaymentFlowPlaceholder } from "@/components/checkout/payment-flows/PaymentFlowP...
> 14 | ...mport { VodafoneCashFlow } from "@/components/checkout/payment-flows/VodafoneCashFlow";
     |    ^^^^^^^^^^^^^^^^^^^^^^^^^^^^^^^^^^^^^^^^^^^^^^^^^^^^^^^^^^^^^^^^^^^^^^^^^^^^^^^^^^^^^^^^
  15 | ...mport {
  16 | ... checkoutReducer,
  17 | ... createInitialCheckoutState,

Import map: aliased to relative './components/checkout/payment-flows/VodafoneCashFlow' inside of [project]/

Import trace:
  Server Component:
    ./components/checkout/CheckoutPageClient.tsx
    ./app/checkout/page.tsx

https://nextjs.org/docs/messages/module-not-found @ http://localhost:3000/_next/static/chunks/node_modules_next_dist_1gdrd03._.js:1945
[ 1858054ms] [ERROR] ./components/checkout/CheckoutPageClient.tsx:14:1
Module not found: Can't resolve '@/components/checkout/payment-flows/VodafoneCashFlow'
  12 | ...mport { CashOnDeliveryFlow } from "@/components/checkout/payment-flows/CashOnDeliveryFl...
  13 | ...mport { PaymentFlowPlaceholder } from "@/components/checkout/payment-flows/PaymentFlowP...
> 14 | ...mport { VodafoneCashFlow } from "@/components/checkout/payment-flows/VodafoneCashFlow";
     |    ^^^^^^^^^^^^^^^^^^^^^^^^^^^^^^^^^^^^^^^^^^^^^^^^^^^^^^^^^^^^^^^^^^^^^^^^^^^^^^^^^^^^^^^^
  15 | ...mport {
  16 | ... checkoutReducer,
  17 | ... createInitialCheckoutState,

Import map: aliased to relative './components/checkout/payment-flows/VodafoneCashFlow' inside of [project]/

Import trace:
  Server Component:
    ./components/checkout/CheckoutPageClient.tsx
    ./app/checkout/page.tsx

https://nextjs.org/docs/messages/module-not-found @ http://localhost:3000/_next/static/chunks/node_modules_next_dist_1gdrd03._.js:1945
[ 1858117ms] [ERROR] ./components/checkout/CheckoutPageClient.tsx:14:1
Module not found: Can't resolve '@/components/checkout/payment-flows/VodafoneCashFlow'
  12 | ...mport { CashOnDeliveryFlow } from "@/components/checkout/payment-flows/CashOnDeliveryFl...
  13 | ...mport { PaymentFlowPlaceholder } from "@/components/checkout/payment-flows/PaymentFlowP...
> 14 | ...mport { VodafoneCashFlow } from "@/components/checkout/payment-flows/VodafoneCashFlow";
     |    ^^^^^^^^^^^^^^^^^^^^^^^^^^^^^^^^^^^^^^^^^^^^^^^^^^^^^^^^^^^^^^^^^^^^^^^^^^^^^^^^^^^^^^^^
  15 | ...mport {
  16 | ... checkoutReducer,
  17 | ... createInitialCheckoutState,

Import map: aliased to relative './components/checkout/payment-flows/VodafoneCashFlow' inside of [project]/

Import trace:
  Server Component:
    ./components/checkout/CheckoutPageClient.tsx
    ./app/checkout/page.tsx

https://nextjs.org/docs/messages/module-not-found @ http://localhost:3000/_next/static/chunks/node_modules_next_dist_1gdrd03._.js:1945
[ 1858181ms] [ERROR] ./components/checkout/CheckoutPageClient.tsx:14:1
Module not found: Can't resolve '@/components/checkout/payment-flows/VodafoneCashFlow'
  12 | ...mport { CashOnDeliveryFlow } from "@/components/checkout/payment-flows/CashOnDeliveryFl...
  13 | ...mport { PaymentFlowPlaceholder } from "@/components/checkout/payment-flows/PaymentFlowP...
> 14 | ...mport { VodafoneCashFlow } from "@/components/checkout/payment-flows/VodafoneCashFlow";
     |    ^^^^^^^^^^^^^^^^^^^^^^^^^^^^^^^^^^^^^^^^^^^^^^^^^^^^^^^^^^^^^^^^^^^^^^^^^^^^^^^^^^^^^^^^
  15 | ...mport {
  16 | ... checkoutReducer,
  17 | ... createInitialCheckoutState,

Import map: aliased to relative './components/checkout/payment-flows/VodafoneCashFlow' inside of [project]/

Import trace:
  Server Component:
    ./components/checkout/CheckoutPageClient.tsx
    ./app/checkout/page.tsx

https://nextjs.org/docs/messages/module-not-found @ http://localhost:3000/_next/static/chunks/node_modules_next_dist_1gdrd03._.js:1945
[ 1858243ms] [ERROR] ./components/checkout/CheckoutPageClient.tsx:14:1
Module not found: Can't resolve '@/components/checkout/payment-flows/VodafoneCashFlow'
  12 | ...mport { CashOnDeliveryFlow } from "@/components/checkout/payment-flows/CashOnDeliveryFl...
  13 | ...mport { PaymentFlowPlaceholder } from "@/components/checkout/payment-flows/PaymentFlowP...
> 14 | ...mport { VodafoneCashFlow } from "@/components/checkout/payment-flows/VodafoneCashFlow";
     |    ^^^^^^^^^^^^^^^^^^^^^^^^^^^^^^^^^^^^^^^^^^^^^^^^^^^^^^^^^^^^^^^^^^^^^^^^^^^^^^^^^^^^^^^^
  15 | ...mport {
  16 | ... checkoutReducer,
  17 | ... createInitialCheckoutState,

Import map: aliased to relative './components/checkout/payment-flows/VodafoneCashFlow' inside of [project]/

Import trace:
  Server Component:
    ./components/checkout/CheckoutPageClient.tsx
    ./app/checkout/page.tsx

https://nextjs.org/docs/messages/module-not-found @ http://localhost:3000/_next/static/chunks/node_modules_next_dist_1gdrd03._.js:1945
[ 1858306ms] [ERROR] ./components/checkout/CheckoutPageClient.tsx:14:1
Module not found: Can't resolve '@/components/checkout/payment-flows/VodafoneCashFlow'
  12 | ...mport { CashOnDeliveryFlow } from "@/components/checkout/payment-flows/CashOnDeliveryFl...
  13 | ...mport { PaymentFlowPlaceholder } from "@/components/checkout/payment-flows/PaymentFlowP...
> 14 | ...mport { VodafoneCashFlow } from "@/components/checkout/payment-flows/VodafoneCashFlow";
     |    ^^^^^^^^^^^^^^^^^^^^^^^^^^^^^^^^^^^^^^^^^^^^^^^^^^^^^^^^^^^^^^^^^^^^^^^^^^^^^^^^^^^^^^^^
  15 | ...mport {
  16 | ... checkoutReducer,
  17 | ... createInitialCheckoutState,

Import map: aliased to relative './components/checkout/payment-flows/VodafoneCashFlow' inside of [project]/

Import trace:
  Server Component:
    ./components/checkout/CheckoutPageClient.tsx
    ./app/checkout/page.tsx

https://nextjs.org/docs/messages/module-not-found @ http://localhost:3000/_next/static/chunks/node_modules_next_dist_1gdrd03._.js:1945
[ 1858369ms] [ERROR] ./components/checkout/CheckoutPageClient.tsx:14:1
Module not found: Can't resolve '@/components/checkout/payment-flows/VodafoneCashFlow'
  12 | ...mport { CashOnDeliveryFlow } from "@/components/checkout/payment-flows/CashOnDeliveryFl...
  13 | ...mport { PaymentFlowPlaceholder } from "@/components/checkout/payment-flows/PaymentFlowP...
> 14 | ...mport { VodafoneCashFlow } from "@/components/checkout/payment-flows/VodafoneCashFlow";
     |    ^^^^^^^^^^^^^^^^^^^^^^^^^^^^^^^^^^^^^^^^^^^^^^^^^^^^^^^^^^^^^^^^^^^^^^^^^^^^^^^^^^^^^^^^
  15 | ...mport {
  16 | ... checkoutReducer,
  17 | ... createInitialCheckoutState,

Import map: aliased to relative './components/checkout/payment-flows/VodafoneCashFlow' inside of [project]/

Import trace:
  Server Component:
    ./components/checkout/CheckoutPageClient.tsx
    ./app/checkout/page.tsx

https://nextjs.org/docs/messages/module-not-found @ http://localhost:3000/_next/static/chunks/node_modules_next_dist_1gdrd03._.js:1945
[ 1858430ms] [ERROR] ./components/checkout/CheckoutPageClient.tsx:14:1
Module not found: Can't resolve '@/components/checkout/payment-flows/VodafoneCashFlow'
  12 | ...mport { CashOnDeliveryFlow } from "@/components/checkout/payment-flows/CashOnDeliveryFl...
  13 | ...mport { PaymentFlowPlaceholder } from "@/components/checkout/payment-flows/PaymentFlowP...
> 14 | ...mport { VodafoneCashFlow } from "@/components/checkout/payment-flows/VodafoneCashFlow";
     |    ^^^^^^^^^^^^^^^^^^^^^^^^^^^^^^^^^^^^^^^^^^^^^^^^^^^^^^^^^^^^^^^^^^^^^^^^^^^^^^^^^^^^^^^^
  15 | ...mport {
  16 | ... checkoutReducer,
  17 | ... createInitialCheckoutState,

Import map: aliased to relative './components/checkout/payment-flows/VodafoneCashFlow' inside of [project]/

Import trace:
  Server Component:
    ./components/checkout/CheckoutPageClient.tsx
    ./app/checkout/page.tsx

https://nextjs.org/docs/messages/module-not-found @ http://localhost:3000/_next/static/chunks/node_modules_next_dist_1gdrd03._.js:1945
[ 1858493ms] [ERROR] ./components/checkout/CheckoutPageClient.tsx:14:1
Module not found: Can't resolve '@/components/checkout/payment-flows/VodafoneCashFlow'
  12 | ...mport { CashOnDeliveryFlow } from "@/components/checkout/payment-flows/CashOnDeliveryFl...
  13 | ...mport { PaymentFlowPlaceholder } from "@/components/checkout/payment-flows/PaymentFlowP...
> 14 | ...mport { VodafoneCashFlow } from "@/components/checkout/payment-flows/VodafoneCashFlow";
     |    ^^^^^^^^^^^^^^^^^^^^^^^^^^^^^^^^^^^^^^^^^^^^^^^^^^^^^^^^^^^^^^^^^^^^^^^^^^^^^^^^^^^^^^^^
  15 | ...mport {
  16 | ... checkoutReducer,
  17 | ... createInitialCheckoutState,

Import map: aliased to relative './components/checkout/payment-flows/VodafoneCashFlow' inside of [project]/

Import trace:
  Server Component:
    ./components/checkout/CheckoutPageClient.tsx
    ./app/checkout/page.tsx

https://nextjs.org/docs/messages/module-not-found @ http://localhost:3000/_next/static/chunks/node_modules_next_dist_1gdrd03._.js:1945
[ 1858556ms] [ERROR] ./components/checkout/CheckoutPageClient.tsx:14:1
Module not found: Can't resolve '@/components/checkout/payment-flows/VodafoneCashFlow'
  12 | ...mport { CashOnDeliveryFlow } from "@/components/checkout/payment-flows/CashOnDeliveryFl...
  13 | ...mport { PaymentFlowPlaceholder } from "@/components/checkout/payment-flows/PaymentFlowP...
> 14 | ...mport { VodafoneCashFlow } from "@/components/checkout/payment-flows/VodafoneCashFlow";
     |    ^^^^^^^^^^^^^^^^^^^^^^^^^^^^^^^^^^^^^^^^^^^^^^^^^^^^^^^^^^^^^^^^^^^^^^^^^^^^^^^^^^^^^^^^
  15 | ...mport {
  16 | ... checkoutReducer,
  17 | ... createInitialCheckoutState,

Import map: aliased to relative './components/checkout/payment-flows/VodafoneCashFlow' inside of [project]/

Import trace:
  Server Component:
    ./components/checkout/CheckoutPageClient.tsx
    ./app/checkout/page.tsx

https://nextjs.org/docs/messages/module-not-found @ http://localhost:3000/_next/static/chunks/node_modules_next_dist_1gdrd03._.js:1945
[ 1858618ms] [ERROR] ./components/checkout/CheckoutPageClient.tsx:14:1
Module not found: Can't resolve '@/components/checkout/payment-flows/VodafoneCashFlow'
  12 | ...mport { CashOnDeliveryFlow } from "@/components/checkout/payment-flows/CashOnDeliveryFl...
  13 | ...mport { PaymentFlowPlaceholder } from "@/components/checkout/payment-flows/PaymentFlowP...
> 14 | ...mport { VodafoneCashFlow } from "@/components/checkout/payment-flows/VodafoneCashFlow";
     |    ^^^^^^^^^^^^^^^^^^^^^^^^^^^^^^^^^^^^^^^^^^^^^^^^^^^^^^^^^^^^^^^^^^^^^^^^^^^^^^^^^^^^^^^^
  15 | ...mport {
  16 | ... checkoutReducer,
  17 | ... createInitialCheckoutState,

Import map: aliased to relative './components/checkout/payment-flows/VodafoneCashFlow' inside of [project]/

Import trace:
  Server Component:
    ./components/checkout/CheckoutPageClient.tsx
    ./app/checkout/page.tsx

https://nextjs.org/docs/messages/module-not-found @ http://localhost:3000/_next/static/chunks/node_modules_next_dist_1gdrd03._.js:1945
[ 1858682ms] [ERROR] ./components/checkout/CheckoutPageClient.tsx:14:1
Module not found: Can't resolve '@/components/checkout/payment-flows/VodafoneCashFlow'
  12 | ...mport { CashOnDeliveryFlow } from "@/components/checkout/payment-flows/CashOnDeliveryFl...
  13 | ...mport { PaymentFlowPlaceholder } from "@/components/checkout/payment-flows/PaymentFlowP...
> 14 | ...mport { VodafoneCashFlow } from "@/components/checkout/payment-flows/VodafoneCashFlow";
     |    ^^^^^^^^^^^^^^^^^^^^^^^^^^^^^^^^^^^^^^^^^^^^^^^^^^^^^^^^^^^^^^^^^^^^^^^^^^^^^^^^^^^^^^^^
  15 | ...mport {
  16 | ... checkoutReducer,
  17 | ... createInitialCheckoutState,

Import map: aliased to relative './components/checkout/payment-flows/VodafoneCashFlow' inside of [project]/

Import trace:
  Server Component:
    ./components/checkout/CheckoutPageClient.tsx
    ./app/checkout/page.tsx

https://nextjs.org/docs/messages/module-not-found @ http://localhost:3000/_next/static/chunks/node_modules_next_dist_1gdrd03._.js:1945
[ 1858744ms] [ERROR] ./components/checkout/CheckoutPageClient.tsx:14:1
Module not found: Can't resolve '@/components/checkout/payment-flows/VodafoneCashFlow'
  12 | ...mport { CashOnDeliveryFlow } from "@/components/checkout/payment-flows/CashOnDeliveryFl...
  13 | ...mport { PaymentFlowPlaceholder } from "@/components/checkout/payment-flows/PaymentFlowP...
> 14 | ...mport { VodafoneCashFlow } from "@/components/checkout/payment-flows/VodafoneCashFlow";
     |    ^^^^^^^^^^^^^^^^^^^^^^^^^^^^^^^^^^^^^^^^^^^^^^^^^^^^^^^^^^^^^^^^^^^^^^^^^^^^^^^^^^^^^^^^
  15 | ...mport {
  16 | ... checkoutReducer,
  17 | ... createInitialCheckoutState,

Import map: aliased to relative './components/checkout/payment-flows/VodafoneCashFlow' inside of [project]/

Import trace:
  Server Component:
    ./components/checkout/CheckoutPageClient.tsx
    ./app/checkout/page.tsx

https://nextjs.org/docs/messages/module-not-found @ http://localhost:3000/_next/static/chunks/node_modules_next_dist_1gdrd03._.js:1945
[ 1858805ms] [ERROR] ./components/checkout/CheckoutPageClient.tsx:14:1
Module not found: Can't resolve '@/components/checkout/payment-flows/VodafoneCashFlow'
  12 | ...mport { CashOnDeliveryFlow } from "@/components/checkout/payment-flows/CashOnDeliveryFl...
  13 | ...mport { PaymentFlowPlaceholder } from "@/components/checkout/payment-flows/PaymentFlowP...
> 14 | ...mport { VodafoneCashFlow } from "@/components/checkout/payment-flows/VodafoneCashFlow";
     |    ^^^^^^^^^^^^^^^^^^^^^^^^^^^^^^^^^^^^^^^^^^^^^^^^^^^^^^^^^^^^^^^^^^^^^^^^^^^^^^^^^^^^^^^^
  15 | ...mport {
  16 | ... checkoutReducer,
  17 | ... createInitialCheckoutState,

Import map: aliased to relative './components/checkout/payment-flows/VodafoneCashFlow' inside of [project]/

Import trace:
  Server Component:
    ./components/checkout/CheckoutPageClient.tsx
    ./app/checkout/page.tsx

https://nextjs.org/docs/messages/module-not-found @ http://localhost:3000/_next/static/chunks/node_modules_next_dist_1gdrd03._.js:1945
[ 1858867ms] [ERROR] ./components/checkout/CheckoutPageClient.tsx:14:1
Module not found: Can't resolve '@/components/checkout/payment-flows/VodafoneCashFlow'
  12 | ...mport { CashOnDeliveryFlow } from "@/components/checkout/payment-flows/CashOnDeliveryFl...
  13 | ...mport { PaymentFlowPlaceholder } from "@/components/checkout/payment-flows/PaymentFlowP...
> 14 | ...mport { VodafoneCashFlow } from "@/components/checkout/payment-flows/VodafoneCashFlow";
     |    ^^^^^^^^^^^^^^^^^^^^^^^^^^^^^^^^^^^^^^^^^^^^^^^^^^^^^^^^^^^^^^^^^^^^^^^^^^^^^^^^^^^^^^^^
  15 | ...mport {
  16 | ... checkoutReducer,
  17 | ... createInitialCheckoutState,

Import map: aliased to relative './components/checkout/payment-flows/VodafoneCashFlow' inside of [project]/

Import trace:
  Server Component:
    ./components/checkout/CheckoutPageClient.tsx
    ./app/checkout/page.tsx

https://nextjs.org/docs/messages/module-not-found @ http://localhost:3000/_next/static/chunks/node_modules_next_dist_1gdrd03._.js:1945
[ 1858930ms] [ERROR] ./components/checkout/CheckoutPageClient.tsx:14:1
Module not found: Can't resolve '@/components/checkout/payment-flows/VodafoneCashFlow'
  12 | ...mport { CashOnDeliveryFlow } from "@/components/checkout/payment-flows/CashOnDeliveryFl...
  13 | ...mport { PaymentFlowPlaceholder } from "@/components/checkout/payment-flows/PaymentFlowP...
> 14 | ...mport { VodafoneCashFlow } from "@/components/checkout/payment-flows/VodafoneCashFlow";
     |    ^^^^^^^^^^^^^^^^^^^^^^^^^^^^^^^^^^^^^^^^^^^^^^^^^^^^^^^^^^^^^^^^^^^^^^^^^^^^^^^^^^^^^^^^
  15 | ...mport {
  16 | ... checkoutReducer,
  17 | ... createInitialCheckoutState,

Import map: aliased to relative './components/checkout/payment-flows/VodafoneCashFlow' inside of [project]/

Import trace:
  Server Component:
    ./components/checkout/CheckoutPageClient.tsx
    ./app/checkout/page.tsx

https://nextjs.org/docs/messages/module-not-found @ http://localhost:3000/_next/static/chunks/node_modules_next_dist_1gdrd03._.js:1945
[ 1858992ms] [ERROR] ./components/checkout/CheckoutPageClient.tsx:14:1
Module not found: Can't resolve '@/components/checkout/payment-flows/VodafoneCashFlow'
  12 | ...mport { CashOnDeliveryFlow } from "@/components/checkout/payment-flows/CashOnDeliveryFl...
  13 | ...mport { PaymentFlowPlaceholder } from "@/components/checkout/payment-flows/PaymentFlowP...
> 14 | ...mport { VodafoneCashFlow } from "@/components/checkout/payment-flows/VodafoneCashFlow";
     |    ^^^^^^^^^^^^^^^^^^^^^^^^^^^^^^^^^^^^^^^^^^^^^^^^^^^^^^^^^^^^^^^^^^^^^^^^^^^^^^^^^^^^^^^^
  15 | ...mport {
  16 | ... checkoutReducer,
  17 | ... createInitialCheckoutState,

Import map: aliased to relative './components/checkout/payment-flows/VodafoneCashFlow' inside of [project]/

Import trace:
  Server Component:
    ./components/checkout/CheckoutPageClient.tsx
    ./app/checkout/page.tsx

https://nextjs.org/docs/messages/module-not-found @ http://localhost:3000/_next/static/chunks/node_modules_next_dist_1gdrd03._.js:1945
[ 1859055ms] [ERROR] ./components/checkout/CheckoutPageClient.tsx:14:1
Module not found: Can't resolve '@/components/checkout/payment-flows/VodafoneCashFlow'
  12 | ...mport { CashOnDeliveryFlow } from "@/components/checkout/payment-flows/CashOnDeliveryFl...
  13 | ...mport { PaymentFlowPlaceholder } from "@/components/checkout/payment-flows/PaymentFlowP...
> 14 | ...mport { VodafoneCashFlow } from "@/components/checkout/payment-flows/VodafoneCashFlow";
     |    ^^^^^^^^^^^^^^^^^^^^^^^^^^^^^^^^^^^^^^^^^^^^^^^^^^^^^^^^^^^^^^^^^^^^^^^^^^^^^^^^^^^^^^^^
  15 | ...mport {
  16 | ... checkoutReducer,
  17 | ... createInitialCheckoutState,

Import map: aliased to relative './components/checkout/payment-flows/VodafoneCashFlow' inside of [project]/

Import trace:
  Server Component:
    ./components/checkout/CheckoutPageClient.tsx
    ./app/checkout/page.tsx

https://nextjs.org/docs/messages/module-not-found @ http://localhost:3000/_next/static/chunks/node_modules_next_dist_1gdrd03._.js:1945
[ 1859116ms] [ERROR] ./components/checkout/CheckoutPageClient.tsx:14:1
Module not found: Can't resolve '@/components/checkout/payment-flows/VodafoneCashFlow'
  12 | ...mport { CashOnDeliveryFlow } from "@/components/checkout/payment-flows/CashOnDeliveryFl...
  13 | ...mport { PaymentFlowPlaceholder } from "@/components/checkout/payment-flows/PaymentFlowP...
> 14 | ...mport { VodafoneCashFlow } from "@/components/checkout/payment-flows/VodafoneCashFlow";
     |    ^^^^^^^^^^^^^^^^^^^^^^^^^^^^^^^^^^^^^^^^^^^^^^^^^^^^^^^^^^^^^^^^^^^^^^^^^^^^^^^^^^^^^^^^
  15 | ...mport {
  16 | ... checkoutReducer,
  17 | ... createInitialCheckoutState,

Import map: aliased to relative './components/checkout/payment-flows/VodafoneCashFlow' inside of [project]/

Import trace:
  Server Component:
    ./components/checkout/CheckoutPageClient.tsx
    ./app/checkout/page.tsx

https://nextjs.org/docs/messages/module-not-found @ http://localhost:3000/_next/static/chunks/node_modules_next_dist_1gdrd03._.js:1945
[ 1859179ms] [ERROR] ./components/checkout/CheckoutPageClient.tsx:14:1
Module not found: Can't resolve '@/components/checkout/payment-flows/VodafoneCashFlow'
  12 | ...mport { CashOnDeliveryFlow } from "@/components/checkout/payment-flows/CashOnDeliveryFl...
  13 | ...mport { PaymentFlowPlaceholder } from "@/components/checkout/payment-flows/PaymentFlowP...
> 14 | ...mport { VodafoneCashFlow } from "@/components/checkout/payment-flows/VodafoneCashFlow";
     |    ^^^^^^^^^^^^^^^^^^^^^^^^^^^^^^^^^^^^^^^^^^^^^^^^^^^^^^^^^^^^^^^^^^^^^^^^^^^^^^^^^^^^^^^^
  15 | ...mport {
  16 | ... checkoutReducer,
  17 | ... createInitialCheckoutState,

Import map: aliased to relative './components/checkout/payment-flows/VodafoneCashFlow' inside of [project]/

Import trace:
  Server Component:
    ./components/checkout/CheckoutPageClient.tsx
    ./app/checkout/page.tsx

https://nextjs.org/docs/messages/module-not-found @ http://localhost:3000/_next/static/chunks/node_modules_next_dist_1gdrd03._.js:1945
[ 1859240ms] [ERROR] ./components/checkout/CheckoutPageClient.tsx:14:1
Module not found: Can't resolve '@/components/checkout/payment-flows/VodafoneCashFlow'
  12 | ...mport { CashOnDeliveryFlow } from "@/components/checkout/payment-flows/CashOnDeliveryFl...
  13 | ...mport { PaymentFlowPlaceholder } from "@/components/checkout/payment-flows/PaymentFlowP...
> 14 | ...mport { VodafoneCashFlow } from "@/components/checkout/payment-flows/VodafoneCashFlow";
     |    ^^^^^^^^^^^^^^^^^^^^^^^^^^^^^^^^^^^^^^^^^^^^^^^^^^^^^^^^^^^^^^^^^^^^^^^^^^^^^^^^^^^^^^^^
  15 | ...mport {
  16 | ... checkoutReducer,
  17 | ... createInitialCheckoutState,

Import map: aliased to relative './components/checkout/payment-flows/VodafoneCashFlow' inside of [project]/

Import trace:
  Server Component:
    ./components/checkout/CheckoutPageClient.tsx
    ./app/checkout/page.tsx

https://nextjs.org/docs/messages/module-not-found @ http://localhost:3000/_next/static/chunks/node_modules_next_dist_1gdrd03._.js:1945
[ 1859303ms] [ERROR] ./components/checkout/CheckoutPageClient.tsx:14:1
Module not found: Can't resolve '@/components/checkout/payment-flows/VodafoneCashFlow'
  12 | ...mport { CashOnDeliveryFlow } from "@/components/checkout/payment-flows/CashOnDeliveryFl...
  13 | ...mport { PaymentFlowPlaceholder } from "@/components/checkout/payment-flows/PaymentFlowP...
> 14 | ...mport { VodafoneCashFlow } from "@/components/checkout/payment-flows/VodafoneCashFlow";
     |    ^^^^^^^^^^^^^^^^^^^^^^^^^^^^^^^^^^^^^^^^^^^^^^^^^^^^^^^^^^^^^^^^^^^^^^^^^^^^^^^^^^^^^^^^
  15 | ...mport {
  16 | ... checkoutReducer,
  17 | ... createInitialCheckoutState,

Import map: aliased to relative './components/checkout/payment-flows/VodafoneCashFlow' inside of [project]/

Import trace:
  Server Component:
    ./components/checkout/CheckoutPageClient.tsx
    ./app/checkout/page.tsx

https://nextjs.org/docs/messages/module-not-found @ http://localhost:3000/_next/static/chunks/node_modules_next_dist_1gdrd03._.js:1945
[ 1859366ms] [ERROR] ./components/checkout/CheckoutPageClient.tsx:14:1
Module not found: Can't resolve '@/components/checkout/payment-flows/VodafoneCashFlow'
  12 | ...mport { CashOnDeliveryFlow } from "@/components/checkout/payment-flows/CashOnDeliveryFl...
  13 | ...mport { PaymentFlowPlaceholder } from "@/components/checkout/payment-flows/PaymentFlowP...
> 14 | ...mport { VodafoneCashFlow } from "@/components/checkout/payment-flows/VodafoneCashFlow";
     |    ^^^^^^^^^^^^^^^^^^^^^^^^^^^^^^^^^^^^^^^^^^^^^^^^^^^^^^^^^^^^^^^^^^^^^^^^^^^^^^^^^^^^^^^^
  15 | ...mport {
  16 | ... checkoutReducer,
  17 | ... createInitialCheckoutState,

Import map: aliased to relative './components/checkout/payment-flows/VodafoneCashFlow' inside of [project]/

Import trace:
  Server Component:
    ./components/checkout/CheckoutPageClient.tsx
    ./app/checkout/page.tsx

https://nextjs.org/docs/messages/module-not-found @ http://localhost:3000/_next/static/chunks/node_modules_next_dist_1gdrd03._.js:1945
[ 1859428ms] [ERROR] ./components/checkout/CheckoutPageClient.tsx:14:1
Module not found: Can't resolve '@/components/checkout/payment-flows/VodafoneCashFlow'
  12 | ...mport { CashOnDeliveryFlow } from "@/components/checkout/payment-flows/CashOnDeliveryFl...
  13 | ...mport { PaymentFlowPlaceholder } from "@/components/checkout/payment-flows/PaymentFlowP...
> 14 | ...mport { VodafoneCashFlow } from "@/components/checkout/payment-flows/VodafoneCashFlow";
     |    ^^^^^^^^^^^^^^^^^^^^^^^^^^^^^^^^^^^^^^^^^^^^^^^^^^^^^^^^^^^^^^^^^^^^^^^^^^^^^^^^^^^^^^^^
  15 | ...mport {
  16 | ... checkoutReducer,
  17 | ... createInitialCheckoutState,

Import map: aliased to relative './components/checkout/payment-flows/VodafoneCashFlow' inside of [project]/

Import trace:
  Server Component:
    ./components/checkout/CheckoutPageClient.tsx
    ./app/checkout/page.tsx

https://nextjs.org/docs/messages/module-not-found @ http://localhost:3000/_next/static/chunks/node_modules_next_dist_1gdrd03._.js:1945
[ 1859491ms] [ERROR] ./components/checkout/CheckoutPageClient.tsx:14:1
Module not found: Can't resolve '@/components/checkout/payment-flows/VodafoneCashFlow'
  12 | ...mport { CashOnDeliveryFlow } from "@/components/checkout/payment-flows/CashOnDeliveryFl...
  13 | ...mport { PaymentFlowPlaceholder } from "@/components/checkout/payment-flows/PaymentFlowP...
> 14 | ...mport { VodafoneCashFlow } from "@/components/checkout/payment-flows/VodafoneCashFlow";
     |    ^^^^^^^^^^^^^^^^^^^^^^^^^^^^^^^^^^^^^^^^^^^^^^^^^^^^^^^^^^^^^^^^^^^^^^^^^^^^^^^^^^^^^^^^
  15 | ...mport {
  16 | ... checkoutReducer,
  17 | ... createInitialCheckoutState,

Import map: aliased to relative './components/checkout/payment-flows/VodafoneCashFlow' inside of [project]/

Import trace:
  Server Component:
    ./components/checkout/CheckoutPageClient.tsx
    ./app/checkout/page.tsx

https://nextjs.org/docs/messages/module-not-found @ http://localhost:3000/_next/static/chunks/node_modules_next_dist_1gdrd03._.js:1945
[ 1859553ms] [ERROR] ./components/checkout/CheckoutPageClient.tsx:14:1
Module not found: Can't resolve '@/components/checkout/payment-flows/VodafoneCashFlow'
  12 | ...mport { CashOnDeliveryFlow } from "@/components/checkout/payment-flows/CashOnDeliveryFl...
  13 | ...mport { PaymentFlowPlaceholder } from "@/components/checkout/payment-flows/PaymentFlowP...
> 14 | ...mport { VodafoneCashFlow } from "@/components/checkout/payment-flows/VodafoneCashFlow";
     |    ^^^^^^^^^^^^^^^^^^^^^^^^^^^^^^^^^^^^^^^^^^^^^^^^^^^^^^^^^^^^^^^^^^^^^^^^^^^^^^^^^^^^^^^^
  15 | ...mport {
  16 | ... checkoutReducer,
  17 | ... createInitialCheckoutState,

Import map: aliased to relative './components/checkout/payment-flows/VodafoneCashFlow' inside of [project]/

Import trace:
  Server Component:
    ./components/checkout/CheckoutPageClient.tsx
    ./app/checkout/page.tsx

https://nextjs.org/docs/messages/module-not-found @ http://localhost:3000/_next/static/chunks/node_modules_next_dist_1gdrd03._.js:1945
[ 1859616ms] [ERROR] ./components/checkout/CheckoutPageClient.tsx:14:1
Module not found: Can't resolve '@/components/checkout/payment-flows/VodafoneCashFlow'
  12 | ...mport { CashOnDeliveryFlow } from "@/components/checkout/payment-flows/CashOnDeliveryFl...
  13 | ...mport { PaymentFlowPlaceholder } from "@/components/checkout/payment-flows/PaymentFlowP...
> 14 | ...mport { VodafoneCashFlow } from "@/components/checkout/payment-flows/VodafoneCashFlow";
     |    ^^^^^^^^^^^^^^^^^^^^^^^^^^^^^^^^^^^^^^^^^^^^^^^^^^^^^^^^^^^^^^^^^^^^^^^^^^^^^^^^^^^^^^^^
  15 | ...mport {
  16 | ... checkoutReducer,
  17 | ... createInitialCheckoutState,

Import map: aliased to relative './components/checkout/payment-flows/VodafoneCashFlow' inside of [project]/

Import trace:
  Server Component:
    ./components/checkout/CheckoutPageClient.tsx
    ./app/checkout/page.tsx

https://nextjs.org/docs/messages/module-not-found @ http://localhost:3000/_next/static/chunks/node_modules_next_dist_1gdrd03._.js:1945
[ 1859678ms] [ERROR] ./components/checkout/CheckoutPageClient.tsx:14:1
Module not found: Can't resolve '@/components/checkout/payment-flows/VodafoneCashFlow'
  12 | ...mport { CashOnDeliveryFlow } from "@/components/checkout/payment-flows/CashOnDeliveryFl...
  13 | ...mport { PaymentFlowPlaceholder } from "@/components/checkout/payment-flows/PaymentFlowP...
> 14 | ...mport { VodafoneCashFlow } from "@/components/checkout/payment-flows/VodafoneCashFlow";
     |    ^^^^^^^^^^^^^^^^^^^^^^^^^^^^^^^^^^^^^^^^^^^^^^^^^^^^^^^^^^^^^^^^^^^^^^^^^^^^^^^^^^^^^^^^
  15 | ...mport {
  16 | ... checkoutReducer,
  17 | ... createInitialCheckoutState,

Import map: aliased to relative './components/checkout/payment-flows/VodafoneCashFlow' inside of [project]/

Import trace:
  Server Component:
    ./components/checkout/CheckoutPageClient.tsx
    ./app/checkout/page.tsx

https://nextjs.org/docs/messages/module-not-found @ http://localhost:3000/_next/static/chunks/node_modules_next_dist_1gdrd03._.js:1945
[ 1859740ms] [ERROR] ./components/checkout/CheckoutPageClient.tsx:14:1
Module not found: Can't resolve '@/components/checkout/payment-flows/VodafoneCashFlow'
  12 | ...mport { CashOnDeliveryFlow } from "@/components/checkout/payment-flows/CashOnDeliveryFl...
  13 | ...mport { PaymentFlowPlaceholder } from "@/components/checkout/payment-flows/PaymentFlowP...
> 14 | ...mport { VodafoneCashFlow } from "@/components/checkout/payment-flows/VodafoneCashFlow";
     |    ^^^^^^^^^^^^^^^^^^^^^^^^^^^^^^^^^^^^^^^^^^^^^^^^^^^^^^^^^^^^^^^^^^^^^^^^^^^^^^^^^^^^^^^^
  15 | ...mport {
  16 | ... checkoutReducer,
  17 | ... createInitialCheckoutState,

Import map: aliased to relative './components/checkout/payment-flows/VodafoneCashFlow' inside of [project]/

Import trace:
  Server Component:
    ./components/checkout/CheckoutPageClient.tsx
    ./app/checkout/page.tsx

https://nextjs.org/docs/messages/module-not-found @ http://localhost:3000/_next/static/chunks/node_modules_next_dist_1gdrd03._.js:1945
[ 1859803ms] [ERROR] ./components/checkout/CheckoutPageClient.tsx:14:1
Module not found: Can't resolve '@/components/checkout/payment-flows/VodafoneCashFlow'
  12 | ...mport { CashOnDeliveryFlow } from "@/components/checkout/payment-flows/CashOnDeliveryFl...
  13 | ...mport { PaymentFlowPlaceholder } from "@/components/checkout/payment-flows/PaymentFlowP...
> 14 | ...mport { VodafoneCashFlow } from "@/components/checkout/payment-flows/VodafoneCashFlow";
     |    ^^^^^^^^^^^^^^^^^^^^^^^^^^^^^^^^^^^^^^^^^^^^^^^^^^^^^^^^^^^^^^^^^^^^^^^^^^^^^^^^^^^^^^^^
  15 | ...mport {
  16 | ... checkoutReducer,
  17 | ... createInitialCheckoutState,

Import map: aliased to relative './components/checkout/payment-flows/VodafoneCashFlow' inside of [project]/

Import trace:
  Server Component:
    ./components/checkout/CheckoutPageClient.tsx
    ./app/checkout/page.tsx

https://nextjs.org/docs/messages/module-not-found @ http://localhost:3000/_next/static/chunks/node_modules_next_dist_1gdrd03._.js:1945
[ 1859866ms] [ERROR] ./components/checkout/CheckoutPageClient.tsx:14:1
Module not found: Can't resolve '@/components/checkout/payment-flows/VodafoneCashFlow'
  12 | ...mport { CashOnDeliveryFlow } from "@/components/checkout/payment-flows/CashOnDeliveryFl...
  13 | ...mport { PaymentFlowPlaceholder } from "@/components/checkout/payment-flows/PaymentFlowP...
> 14 | ...mport { VodafoneCashFlow } from "@/components/checkout/payment-flows/VodafoneCashFlow";
     |    ^^^^^^^^^^^^^^^^^^^^^^^^^^^^^^^^^^^^^^^^^^^^^^^^^^^^^^^^^^^^^^^^^^^^^^^^^^^^^^^^^^^^^^^^
  15 | ...mport {
  16 | ... checkoutReducer,
  17 | ... createInitialCheckoutState,

Import map: aliased to relative './components/checkout/payment-flows/VodafoneCashFlow' inside of [project]/

Import trace:
  Server Component:
    ./components/checkout/CheckoutPageClient.tsx
    ./app/checkout/page.tsx

https://nextjs.org/docs/messages/module-not-found @ http://localhost:3000/_next/static/chunks/node_modules_next_dist_1gdrd03._.js:1945
[ 1859929ms] [ERROR] ./components/checkout/CheckoutPageClient.tsx:14:1
Module not found: Can't resolve '@/components/checkout/payment-flows/VodafoneCashFlow'
  12 | ...mport { CashOnDeliveryFlow } from "@/components/checkout/payment-flows/CashOnDeliveryFl...
  13 | ...mport { PaymentFlowPlaceholder } from "@/components/checkout/payment-flows/PaymentFlowP...
> 14 | ...mport { VodafoneCashFlow } from "@/components/checkout/payment-flows/VodafoneCashFlow";
     |    ^^^^^^^^^^^^^^^^^^^^^^^^^^^^^^^^^^^^^^^^^^^^^^^^^^^^^^^^^^^^^^^^^^^^^^^^^^^^^^^^^^^^^^^^
  15 | ...mport {
  16 | ... checkoutReducer,
  17 | ... createInitialCheckoutState,

Import map: aliased to relative './components/checkout/payment-flows/VodafoneCashFlow' inside of [project]/

Import trace:
  Server Component:
    ./components/checkout/CheckoutPageClient.tsx
    ./app/checkout/page.tsx

https://nextjs.org/docs/messages/module-not-found @ http://localhost:3000/_next/static/chunks/node_modules_next_dist_1gdrd03._.js:1945
[ 1859991ms] [ERROR] ./components/checkout/CheckoutPageClient.tsx:14:1
Module not found: Can't resolve '@/components/checkout/payment-flows/VodafoneCashFlow'
  12 | ...mport { CashOnDeliveryFlow } from "@/components/checkout/payment-flows/CashOnDeliveryFl...
  13 | ...mport { PaymentFlowPlaceholder } from "@/components/checkout/payment-flows/PaymentFlowP...
> 14 | ...mport { VodafoneCashFlow } from "@/components/checkout/payment-flows/VodafoneCashFlow";
     |    ^^^^^^^^^^^^^^^^^^^^^^^^^^^^^^^^^^^^^^^^^^^^^^^^^^^^^^^^^^^^^^^^^^^^^^^^^^^^^^^^^^^^^^^^
  15 | ...mport {
  16 | ... checkoutReducer,
  17 | ... createInitialCheckoutState,

Import map: aliased to relative './components/checkout/payment-flows/VodafoneCashFlow' inside of [project]/

Import trace:
  Server Component:
    ./components/checkout/CheckoutPageClient.tsx
    ./app/checkout/page.tsx

https://nextjs.org/docs/messages/module-not-found @ http://localhost:3000/_next/static/chunks/node_modules_next_dist_1gdrd03._.js:1945
[ 1860054ms] [ERROR] ./components/checkout/CheckoutPageClient.tsx:14:1
Module not found: Can't resolve '@/components/checkout/payment-flows/VodafoneCashFlow'
  12 | ...mport { CashOnDeliveryFlow } from "@/components/checkout/payment-flows/CashOnDeliveryFl...
  13 | ...mport { PaymentFlowPlaceholder } from "@/components/checkout/payment-flows/PaymentFlowP...
> 14 | ...mport { VodafoneCashFlow } from "@/components/checkout/payment-flows/VodafoneCashFlow";
     |    ^^^^^^^^^^^^^^^^^^^^^^^^^^^^^^^^^^^^^^^^^^^^^^^^^^^^^^^^^^^^^^^^^^^^^^^^^^^^^^^^^^^^^^^^
  15 | ...mport {
  16 | ... checkoutReducer,
  17 | ... createInitialCheckoutState,

Import map: aliased to relative './components/checkout/payment-flows/VodafoneCashFlow' inside of [project]/

Import trace:
  Server Component:
    ./components/checkout/CheckoutPageClient.tsx
    ./app/checkout/page.tsx

https://nextjs.org/docs/messages/module-not-found @ http://localhost:3000/_next/static/chunks/node_modules_next_dist_1gdrd03._.js:1945
[ 1860116ms] [ERROR] ./components/checkout/CheckoutPageClient.tsx:14:1
Module not found: Can't resolve '@/components/checkout/payment-flows/VodafoneCashFlow'
  12 | ...mport { CashOnDeliveryFlow } from "@/components/checkout/payment-flows/CashOnDeliveryFl...
  13 | ...mport { PaymentFlowPlaceholder } from "@/components/checkout/payment-flows/PaymentFlowP...
> 14 | ...mport { VodafoneCashFlow } from "@/components/checkout/payment-flows/VodafoneCashFlow";
     |    ^^^^^^^^^^^^^^^^^^^^^^^^^^^^^^^^^^^^^^^^^^^^^^^^^^^^^^^^^^^^^^^^^^^^^^^^^^^^^^^^^^^^^^^^
  15 | ...mport {
  16 | ... checkoutReducer,
  17 | ... createInitialCheckoutState,

Import map: aliased to relative './components/checkout/payment-flows/VodafoneCashFlow' inside of [project]/

Import trace:
  Server Component:
    ./components/checkout/CheckoutPageClient.tsx
    ./app/checkout/page.tsx

https://nextjs.org/docs/messages/module-not-found @ http://localhost:3000/_next/static/chunks/node_modules_next_dist_1gdrd03._.js:1945
[ 1860178ms] [ERROR] ./components/checkout/CheckoutPageClient.tsx:14:1
Module not found: Can't resolve '@/components/checkout/payment-flows/VodafoneCashFlow'
  12 | ...mport { CashOnDeliveryFlow } from "@/components/checkout/payment-flows/CashOnDeliveryFl...
  13 | ...mport { PaymentFlowPlaceholder } from "@/components/checkout/payment-flows/PaymentFlowP...
> 14 | ...mport { VodafoneCashFlow } from "@/components/checkout/payment-flows/VodafoneCashFlow";
     |    ^^^^^^^^^^^^^^^^^^^^^^^^^^^^^^^^^^^^^^^^^^^^^^^^^^^^^^^^^^^^^^^^^^^^^^^^^^^^^^^^^^^^^^^^
  15 | ...mport {
  16 | ... checkoutReducer,
  17 | ... createInitialCheckoutState,

Import map: aliased to relative './components/checkout/payment-flows/VodafoneCashFlow' inside of [project]/

Import trace:
  Server Component:
    ./components/checkout/CheckoutPageClient.tsx
    ./app/checkout/page.tsx

https://nextjs.org/docs/messages/module-not-found @ http://localhost:3000/_next/static/chunks/node_modules_next_dist_1gdrd03._.js:1945
[ 1860242ms] [ERROR] ./components/checkout/CheckoutPageClient.tsx:14:1
Module not found: Can't resolve '@/components/checkout/payment-flows/VodafoneCashFlow'
  12 | ...mport { CashOnDeliveryFlow } from "@/components/checkout/payment-flows/CashOnDeliveryFl...
  13 | ...mport { PaymentFlowPlaceholder } from "@/components/checkout/payment-flows/PaymentFlowP...
> 14 | ...mport { VodafoneCashFlow } from "@/components/checkout/payment-flows/VodafoneCashFlow";
     |    ^^^^^^^^^^^^^^^^^^^^^^^^^^^^^^^^^^^^^^^^^^^^^^^^^^^^^^^^^^^^^^^^^^^^^^^^^^^^^^^^^^^^^^^^
  15 | ...mport {
  16 | ... checkoutReducer,
  17 | ... createInitialCheckoutState,

Import map: aliased to relative './components/checkout/payment-flows/VodafoneCashFlow' inside of [project]/

Import trace:
  Server Component:
    ./components/checkout/CheckoutPageClient.tsx
    ./app/checkout/page.tsx

https://nextjs.org/docs/messages/module-not-found @ http://localhost:3000/_next/static/chunks/node_modules_next_dist_1gdrd03._.js:1945
[ 1860305ms] [ERROR] ./components/checkout/CheckoutPageClient.tsx:14:1
Module not found: Can't resolve '@/components/checkout/payment-flows/VodafoneCashFlow'
  12 | ...mport { CashOnDeliveryFlow } from "@/components/checkout/payment-flows/CashOnDeliveryFl...
  13 | ...mport { PaymentFlowPlaceholder } from "@/components/checkout/payment-flows/PaymentFlowP...
> 14 | ...mport { VodafoneCashFlow } from "@/components/checkout/payment-flows/VodafoneCashFlow";
     |    ^^^^^^^^^^^^^^^^^^^^^^^^^^^^^^^^^^^^^^^^^^^^^^^^^^^^^^^^^^^^^^^^^^^^^^^^^^^^^^^^^^^^^^^^
  15 | ...mport {
  16 | ... checkoutReducer,
  17 | ... createInitialCheckoutState,

Import map: aliased to relative './components/checkout/payment-flows/VodafoneCashFlow' inside of [project]/

Import trace:
  Server Component:
    ./components/checkout/CheckoutPageClient.tsx
    ./app/checkout/page.tsx

https://nextjs.org/docs/messages/module-not-found @ http://localhost:3000/_next/static/chunks/node_modules_next_dist_1gdrd03._.js:1945
[ 1860368ms] [ERROR] ./components/checkout/CheckoutPageClient.tsx:14:1
Module not found: Can't resolve '@/components/checkout/payment-flows/VodafoneCashFlow'
  12 | ...mport { CashOnDeliveryFlow } from "@/components/checkout/payment-flows/CashOnDeliveryFl...
  13 | ...mport { PaymentFlowPlaceholder } from "@/components/checkout/payment-flows/PaymentFlowP...
> 14 | ...mport { VodafoneCashFlow } from "@/components/checkout/payment-flows/VodafoneCashFlow";
     |    ^^^^^^^^^^^^^^^^^^^^^^^^^^^^^^^^^^^^^^^^^^^^^^^^^^^^^^^^^^^^^^^^^^^^^^^^^^^^^^^^^^^^^^^^
  15 | ...mport {
  16 | ... checkoutReducer,
  17 | ... createInitialCheckoutState,

Import map: aliased to relative './components/checkout/payment-flows/VodafoneCashFlow' inside of [project]/

Import trace:
  Server Component:
    ./components/checkout/CheckoutPageClient.tsx
    ./app/checkout/page.tsx

https://nextjs.org/docs/messages/module-not-found @ http://localhost:3000/_next/static/chunks/node_modules_next_dist_1gdrd03._.js:1945
[ 1860429ms] [ERROR] ./components/checkout/CheckoutPageClient.tsx:14:1
Module not found: Can't resolve '@/components/checkout/payment-flows/VodafoneCashFlow'
  12 | ...mport { CashOnDeliveryFlow } from "@/components/checkout/payment-flows/CashOnDeliveryFl...
  13 | ...mport { PaymentFlowPlaceholder } from "@/components/checkout/payment-flows/PaymentFlowP...
> 14 | ...mport { VodafoneCashFlow } from "@/components/checkout/payment-flows/VodafoneCashFlow";
     |    ^^^^^^^^^^^^^^^^^^^^^^^^^^^^^^^^^^^^^^^^^^^^^^^^^^^^^^^^^^^^^^^^^^^^^^^^^^^^^^^^^^^^^^^^
  15 | ...mport {
  16 | ... checkoutReducer,
  17 | ... createInitialCheckoutState,

Import map: aliased to relative './components/checkout/payment-flows/VodafoneCashFlow' inside of [project]/

Import trace:
  Server Component:
    ./components/checkout/CheckoutPageClient.tsx
    ./app/checkout/page.tsx

https://nextjs.org/docs/messages/module-not-found @ http://localhost:3000/_next/static/chunks/node_modules_next_dist_1gdrd03._.js:1945
[ 1860492ms] [ERROR] ./components/checkout/CheckoutPageClient.tsx:14:1
Module not found: Can't resolve '@/components/checkout/payment-flows/VodafoneCashFlow'
  12 | ...mport { CashOnDeliveryFlow } from "@/components/checkout/payment-flows/CashOnDeliveryFl...
  13 | ...mport { PaymentFlowPlaceholder } from "@/components/checkout/payment-flows/PaymentFlowP...
> 14 | ...mport { VodafoneCashFlow } from "@/components/checkout/payment-flows/VodafoneCashFlow";
     |    ^^^^^^^^^^^^^^^^^^^^^^^^^^^^^^^^^^^^^^^^^^^^^^^^^^^^^^^^^^^^^^^^^^^^^^^^^^^^^^^^^^^^^^^^
  15 | ...mport {
  16 | ... checkoutReducer,
  17 | ... createInitialCheckoutState,

Import map: aliased to relative './components/checkout/payment-flows/VodafoneCashFlow' inside of [project]/

Import trace:
  Server Component:
    ./components/checkout/CheckoutPageClient.tsx
    ./app/checkout/page.tsx

https://nextjs.org/docs/messages/module-not-found @ http://localhost:3000/_next/static/chunks/node_modules_next_dist_1gdrd03._.js:1945
[ 1860554ms] [ERROR] ./components/checkout/CheckoutPageClient.tsx:14:1
Module not found: Can't resolve '@/components/checkout/payment-flows/VodafoneCashFlow'
  12 | ...mport { CashOnDeliveryFlow } from "@/components/checkout/payment-flows/CashOnDeliveryFl...
  13 | ...mport { PaymentFlowPlaceholder } from "@/components/checkout/payment-flows/PaymentFlowP...
> 14 | ...mport { VodafoneCashFlow } from "@/components/checkout/payment-flows/VodafoneCashFlow";
     |    ^^^^^^^^^^^^^^^^^^^^^^^^^^^^^^^^^^^^^^^^^^^^^^^^^^^^^^^^^^^^^^^^^^^^^^^^^^^^^^^^^^^^^^^^
  15 | ...mport {
  16 | ... checkoutReducer,
  17 | ... createInitialCheckoutState,

Import map: aliased to relative './components/checkout/payment-flows/VodafoneCashFlow' inside of [project]/

Import trace:
  Server Component:
    ./components/checkout/CheckoutPageClient.tsx
    ./app/checkout/page.tsx

https://nextjs.org/docs/messages/module-not-found @ http://localhost:3000/_next/static/chunks/node_modules_next_dist_1gdrd03._.js:1945
[ 1860616ms] [ERROR] ./components/checkout/CheckoutPageClient.tsx:14:1
Module not found: Can't resolve '@/components/checkout/payment-flows/VodafoneCashFlow'
  12 | ...mport { CashOnDeliveryFlow } from "@/components/checkout/payment-flows/CashOnDeliveryFl...
  13 | ...mport { PaymentFlowPlaceholder } from "@/components/checkout/payment-flows/PaymentFlowP...
> 14 | ...mport { VodafoneCashFlow } from "@/components/checkout/payment-flows/VodafoneCashFlow";
     |    ^^^^^^^^^^^^^^^^^^^^^^^^^^^^^^^^^^^^^^^^^^^^^^^^^^^^^^^^^^^^^^^^^^^^^^^^^^^^^^^^^^^^^^^^
  15 | ...mport {
  16 | ... checkoutReducer,
  17 | ... createInitialCheckoutState,

Import map: aliased to relative './components/checkout/payment-flows/VodafoneCashFlow' inside of [project]/

Import trace:
  Server Component:
    ./components/checkout/CheckoutPageClient.tsx
    ./app/checkout/page.tsx

https://nextjs.org/docs/messages/module-not-found @ http://localhost:3000/_next/static/chunks/node_modules_next_dist_1gdrd03._.js:1945
[ 1860680ms] [ERROR] ./components/checkout/CheckoutPageClient.tsx:14:1
Module not found: Can't resolve '@/components/checkout/payment-flows/VodafoneCashFlow'
  12 | ...mport { CashOnDeliveryFlow } from "@/components/checkout/payment-flows/CashOnDeliveryFl...
  13 | ...mport { PaymentFlowPlaceholder } from "@/components/checkout/payment-flows/PaymentFlowP...
> 14 | ...mport { VodafoneCashFlow } from "@/components/checkout/payment-flows/VodafoneCashFlow";
     |    ^^^^^^^^^^^^^^^^^^^^^^^^^^^^^^^^^^^^^^^^^^^^^^^^^^^^^^^^^^^^^^^^^^^^^^^^^^^^^^^^^^^^^^^^
  15 | ...mport {
  16 | ... checkoutReducer,
  17 | ... createInitialCheckoutState,

Import map: aliased to relative './components/checkout/payment-flows/VodafoneCashFlow' inside of [project]/

Import trace:
  Server Component:
    ./components/checkout/CheckoutPageClient.tsx
    ./app/checkout/page.tsx

https://nextjs.org/docs/messages/module-not-found @ http://localhost:3000/_next/static/chunks/node_modules_next_dist_1gdrd03._.js:1945
[ 1860741ms] [ERROR] ./components/checkout/CheckoutPageClient.tsx:14:1
Module not found: Can't resolve '@/components/checkout/payment-flows/VodafoneCashFlow'
  12 | ...mport { CashOnDeliveryFlow } from "@/components/checkout/payment-flows/CashOnDeliveryFl...
  13 | ...mport { PaymentFlowPlaceholder } from "@/components/checkout/payment-flows/PaymentFlowP...
> 14 | ...mport { VodafoneCashFlow } from "@/components/checkout/payment-flows/VodafoneCashFlow";
     |    ^^^^^^^^^^^^^^^^^^^^^^^^^^^^^^^^^^^^^^^^^^^^^^^^^^^^^^^^^^^^^^^^^^^^^^^^^^^^^^^^^^^^^^^^
  15 | ...mport {
  16 | ... checkoutReducer,
  17 | ... createInitialCheckoutState,

Import map: aliased to relative './components/checkout/payment-flows/VodafoneCashFlow' inside of [project]/

Import trace:
  Server Component:
    ./components/checkout/CheckoutPageClient.tsx
    ./app/checkout/page.tsx

https://nextjs.org/docs/messages/module-not-found @ http://localhost:3000/_next/static/chunks/node_modules_next_dist_1gdrd03._.js:1945
[ 1860804ms] [ERROR] ./components/checkout/CheckoutPageClient.tsx:14:1
Module not found: Can't resolve '@/components/checkout/payment-flows/VodafoneCashFlow'
  12 | ...mport { CashOnDeliveryFlow } from "@/components/checkout/payment-flows/CashOnDeliveryFl...
  13 | ...mport { PaymentFlowPlaceholder } from "@/components/checkout/payment-flows/PaymentFlowP...
> 14 | ...mport { VodafoneCashFlow } from "@/components/checkout/payment-flows/VodafoneCashFlow";
     |    ^^^^^^^^^^^^^^^^^^^^^^^^^^^^^^^^^^^^^^^^^^^^^^^^^^^^^^^^^^^^^^^^^^^^^^^^^^^^^^^^^^^^^^^^
  15 | ...mport {
  16 | ... checkoutReducer,
  17 | ... createInitialCheckoutState,

Import map: aliased to relative './components/checkout/payment-flows/VodafoneCashFlow' inside of [project]/

Import trace:
  Server Component:
    ./components/checkout/CheckoutPageClient.tsx
    ./app/checkout/page.tsx

https://nextjs.org/docs/messages/module-not-found @ http://localhost:3000/_next/static/chunks/node_modules_next_dist_1gdrd03._.js:1945
[ 1860867ms] [ERROR] ./components/checkout/CheckoutPageClient.tsx:14:1
Module not found: Can't resolve '@/components/checkout/payment-flows/VodafoneCashFlow'
  12 | ...mport { CashOnDeliveryFlow } from "@/components/checkout/payment-flows/CashOnDeliveryFl...
  13 | ...mport { PaymentFlowPlaceholder } from "@/components/checkout/payment-flows/PaymentFlowP...
> 14 | ...mport { VodafoneCashFlow } from "@/components/checkout/payment-flows/VodafoneCashFlow";
     |    ^^^^^^^^^^^^^^^^^^^^^^^^^^^^^^^^^^^^^^^^^^^^^^^^^^^^^^^^^^^^^^^^^^^^^^^^^^^^^^^^^^^^^^^^
  15 | ...mport {
  16 | ... checkoutReducer,
  17 | ... createInitialCheckoutState,

Import map: aliased to relative './components/checkout/payment-flows/VodafoneCashFlow' inside of [project]/

Import trace:
  Server Component:
    ./components/checkout/CheckoutPageClient.tsx
    ./app/checkout/page.tsx

https://nextjs.org/docs/messages/module-not-found @ http://localhost:3000/_next/static/chunks/node_modules_next_dist_1gdrd03._.js:1945
[ 1860930ms] [ERROR] ./components/checkout/CheckoutPageClient.tsx:14:1
Module not found: Can't resolve '@/components/checkout/payment-flows/VodafoneCashFlow'
  12 | ...mport { CashOnDeliveryFlow } from "@/components/checkout/payment-flows/CashOnDeliveryFl...
  13 | ...mport { PaymentFlowPlaceholder } from "@/components/checkout/payment-flows/PaymentFlowP...
> 14 | ...mport { VodafoneCashFlow } from "@/components/checkout/payment-flows/VodafoneCashFlow";
     |    ^^^^^^^^^^^^^^^^^^^^^^^^^^^^^^^^^^^^^^^^^^^^^^^^^^^^^^^^^^^^^^^^^^^^^^^^^^^^^^^^^^^^^^^^
  15 | ...mport {
  16 | ... checkoutReducer,
  17 | ... createInitialCheckoutState,

Import map: aliased to relative './components/checkout/payment-flows/VodafoneCashFlow' inside of [project]/

Import trace:
  Server Component:
    ./components/checkout/CheckoutPageClient.tsx
    ./app/checkout/page.tsx

https://nextjs.org/docs/messages/module-not-found @ http://localhost:3000/_next/static/chunks/node_modules_next_dist_1gdrd03._.js:1945
[ 1860992ms] [ERROR] ./components/checkout/CheckoutPageClient.tsx:14:1
Module not found: Can't resolve '@/components/checkout/payment-flows/VodafoneCashFlow'
  12 | ...mport { CashOnDeliveryFlow } from "@/components/checkout/payment-flows/CashOnDeliveryFl...
  13 | ...mport { PaymentFlowPlaceholder } from "@/components/checkout/payment-flows/PaymentFlowP...
> 14 | ...mport { VodafoneCashFlow } from "@/components/checkout/payment-flows/VodafoneCashFlow";
     |    ^^^^^^^^^^^^^^^^^^^^^^^^^^^^^^^^^^^^^^^^^^^^^^^^^^^^^^^^^^^^^^^^^^^^^^^^^^^^^^^^^^^^^^^^
  15 | ...mport {
  16 | ... checkoutReducer,
  17 | ... createInitialCheckoutState,

Import map: aliased to relative './components/checkout/payment-flows/VodafoneCashFlow' inside of [project]/

Import trace:
  Server Component:
    ./components/checkout/CheckoutPageClient.tsx
    ./app/checkout/page.tsx

https://nextjs.org/docs/messages/module-not-found @ http://localhost:3000/_next/static/chunks/node_modules_next_dist_1gdrd03._.js:1945
[ 1861054ms] [ERROR] ./components/checkout/CheckoutPageClient.tsx:14:1
Module not found: Can't resolve '@/components/checkout/payment-flows/VodafoneCashFlow'
  12 | ...mport { CashOnDeliveryFlow } from "@/components/checkout/payment-flows/CashOnDeliveryFl...
  13 | ...mport { PaymentFlowPlaceholder } from "@/components/checkout/payment-flows/PaymentFlowP...
> 14 | ...mport { VodafoneCashFlow } from "@/components/checkout/payment-flows/VodafoneCashFlow";
     |    ^^^^^^^^^^^^^^^^^^^^^^^^^^^^^^^^^^^^^^^^^^^^^^^^^^^^^^^^^^^^^^^^^^^^^^^^^^^^^^^^^^^^^^^^
  15 | ...mport {
  16 | ... checkoutReducer,
  17 | ... createInitialCheckoutState,

Import map: aliased to relative './components/checkout/payment-flows/VodafoneCashFlow' inside of [project]/

Import trace:
  Server Component:
    ./components/checkout/CheckoutPageClient.tsx
    ./app/checkout/page.tsx

https://nextjs.org/docs/messages/module-not-found @ http://localhost:3000/_next/static/chunks/node_modules_next_dist_1gdrd03._.js:1945
[ 1861117ms] [ERROR] ./components/checkout/CheckoutPageClient.tsx:14:1
Module not found: Can't resolve '@/components/checkout/payment-flows/VodafoneCashFlow'
  12 | ...mport { CashOnDeliveryFlow } from "@/components/checkout/payment-flows/CashOnDeliveryFl...
  13 | ...mport { PaymentFlowPlaceholder } from "@/components/checkout/payment-flows/PaymentFlowP...
> 14 | ...mport { VodafoneCashFlow } from "@/components/checkout/payment-flows/VodafoneCashFlow";
     |    ^^^^^^^^^^^^^^^^^^^^^^^^^^^^^^^^^^^^^^^^^^^^^^^^^^^^^^^^^^^^^^^^^^^^^^^^^^^^^^^^^^^^^^^^
  15 | ...mport {
  16 | ... checkoutReducer,
  17 | ... createInitialCheckoutState,

Import map: aliased to relative './components/checkout/payment-flows/VodafoneCashFlow' inside of [project]/

Import trace:
  Server Component:
    ./components/checkout/CheckoutPageClient.tsx
    ./app/checkout/page.tsx

https://nextjs.org/docs/messages/module-not-found @ http://localhost:3000/_next/static/chunks/node_modules_next_dist_1gdrd03._.js:1945
[ 1861182ms] [ERROR] ./components/checkout/CheckoutPageClient.tsx:14:1
Module not found: Can't resolve '@/components/checkout/payment-flows/VodafoneCashFlow'
  12 | ...mport { CashOnDeliveryFlow } from "@/components/checkout/payment-flows/CashOnDeliveryFl...
  13 | ...mport { PaymentFlowPlaceholder } from "@/components/checkout/payment-flows/PaymentFlowP...
> 14 | ...mport { VodafoneCashFlow } from "@/components/checkout/payment-flows/VodafoneCashFlow";
     |    ^^^^^^^^^^^^^^^^^^^^^^^^^^^^^^^^^^^^^^^^^^^^^^^^^^^^^^^^^^^^^^^^^^^^^^^^^^^^^^^^^^^^^^^^
  15 | ...mport {
  16 | ... checkoutReducer,
  17 | ... createInitialCheckoutState,

Import map: aliased to relative './components/checkout/payment-flows/VodafoneCashFlow' inside of [project]/

Import trace:
  Server Component:
    ./components/checkout/CheckoutPageClient.tsx
    ./app/checkout/page.tsx

https://nextjs.org/docs/messages/module-not-found @ http://localhost:3000/_next/static/chunks/node_modules_next_dist_1gdrd03._.js:1945
[ 1861245ms] [ERROR] ./components/checkout/CheckoutPageClient.tsx:14:1
Module not found: Can't resolve '@/components/checkout/payment-flows/VodafoneCashFlow'
  12 | ...mport { CashOnDeliveryFlow } from "@/components/checkout/payment-flows/CashOnDeliveryFl...
  13 | ...mport { PaymentFlowPlaceholder } from "@/components/checkout/payment-flows/PaymentFlowP...
> 14 | ...mport { VodafoneCashFlow } from "@/components/checkout/payment-flows/VodafoneCashFlow";
     |    ^^^^^^^^^^^^^^^^^^^^^^^^^^^^^^^^^^^^^^^^^^^^^^^^^^^^^^^^^^^^^^^^^^^^^^^^^^^^^^^^^^^^^^^^
  15 | ...mport {
  16 | ... checkoutReducer,
  17 | ... createInitialCheckoutState,

Import map: aliased to relative './components/checkout/payment-flows/VodafoneCashFlow' inside of [project]/

Import trace:
  Server Component:
    ./components/checkout/CheckoutPageClient.tsx
    ./app/checkout/page.tsx

https://nextjs.org/docs/messages/module-not-found @ http://localhost:3000/_next/static/chunks/node_modules_next_dist_1gdrd03._.js:1945
[ 1861307ms] [ERROR] ./components/checkout/CheckoutPageClient.tsx:14:1
Module not found: Can't resolve '@/components/checkout/payment-flows/VodafoneCashFlow'
  12 | ...mport { CashOnDeliveryFlow } from "@/components/checkout/payment-flows/CashOnDeliveryFl...
  13 | ...mport { PaymentFlowPlaceholder } from "@/components/checkout/payment-flows/PaymentFlowP...
> 14 | ...mport { VodafoneCashFlow } from "@/components/checkout/payment-flows/VodafoneCashFlow";
     |    ^^^^^^^^^^^^^^^^^^^^^^^^^^^^^^^^^^^^^^^^^^^^^^^^^^^^^^^^^^^^^^^^^^^^^^^^^^^^^^^^^^^^^^^^
  15 | ...mport {
  16 | ... checkoutReducer,
  17 | ... createInitialCheckoutState,

Import map: aliased to relative './components/checkout/payment-flows/VodafoneCashFlow' inside of [project]/

Import trace:
  Server Component:
    ./components/checkout/CheckoutPageClient.tsx
    ./app/checkout/page.tsx

https://nextjs.org/docs/messages/module-not-found @ http://localhost:3000/_next/static/chunks/node_modules_next_dist_1gdrd03._.js:1945
[ 1861370ms] [ERROR] ./components/checkout/CheckoutPageClient.tsx:14:1
Module not found: Can't resolve '@/components/checkout/payment-flows/VodafoneCashFlow'
  12 | ...mport { CashOnDeliveryFlow } from "@/components/checkout/payment-flows/CashOnDeliveryFl...
  13 | ...mport { PaymentFlowPlaceholder } from "@/components/checkout/payment-flows/PaymentFlowP...
> 14 | ...mport { VodafoneCashFlow } from "@/components/checkout/payment-flows/VodafoneCashFlow";
     |    ^^^^^^^^^^^^^^^^^^^^^^^^^^^^^^^^^^^^^^^^^^^^^^^^^^^^^^^^^^^^^^^^^^^^^^^^^^^^^^^^^^^^^^^^
  15 | ...mport {
  16 | ... checkoutReducer,
  17 | ... createInitialCheckoutState,

Import map: aliased to relative './components/checkout/payment-flows/VodafoneCashFlow' inside of [project]/

Import trace:
  Server Component:
    ./components/checkout/CheckoutPageClient.tsx
    ./app/checkout/page.tsx

https://nextjs.org/docs/messages/module-not-found @ http://localhost:3000/_next/static/chunks/node_modules_next_dist_1gdrd03._.js:1945
[ 1861433ms] [ERROR] ./components/checkout/CheckoutPageClient.tsx:14:1
Module not found: Can't resolve '@/components/checkout/payment-flows/VodafoneCashFlow'
  12 | ...mport { CashOnDeliveryFlow } from "@/components/checkout/payment-flows/CashOnDeliveryFl...
  13 | ...mport { PaymentFlowPlaceholder } from "@/components/checkout/payment-flows/PaymentFlowP...
> 14 | ...mport { VodafoneCashFlow } from "@/components/checkout/payment-flows/VodafoneCashFlow";
     |    ^^^^^^^^^^^^^^^^^^^^^^^^^^^^^^^^^^^^^^^^^^^^^^^^^^^^^^^^^^^^^^^^^^^^^^^^^^^^^^^^^^^^^^^^
  15 | ...mport {
  16 | ... checkoutReducer,
  17 | ... createInitialCheckoutState,

Import map: aliased to relative './components/checkout/payment-flows/VodafoneCashFlow' inside of [project]/

Import trace:
  Server Component:
    ./components/checkout/CheckoutPageClient.tsx
    ./app/checkout/page.tsx

https://nextjs.org/docs/messages/module-not-found @ http://localhost:3000/_next/static/chunks/node_modules_next_dist_1gdrd03._.js:1945
[ 1861495ms] [ERROR] ./components/checkout/CheckoutPageClient.tsx:14:1
Module not found: Can't resolve '@/components/checkout/payment-flows/VodafoneCashFlow'
  12 | ...mport { CashOnDeliveryFlow } from "@/components/checkout/payment-flows/CashOnDeliveryFl...
  13 | ...mport { PaymentFlowPlaceholder } from "@/components/checkout/payment-flows/PaymentFlowP...
> 14 | ...mport { VodafoneCashFlow } from "@/components/checkout/payment-flows/VodafoneCashFlow";
     |    ^^^^^^^^^^^^^^^^^^^^^^^^^^^^^^^^^^^^^^^^^^^^^^^^^^^^^^^^^^^^^^^^^^^^^^^^^^^^^^^^^^^^^^^^
  15 | ...mport {
  16 | ... checkoutReducer,
  17 | ... createInitialCheckoutState,

Import map: aliased to relative './components/checkout/payment-flows/VodafoneCashFlow' inside of [project]/

Import trace:
  Server Component:
    ./components/checkout/CheckoutPageClient.tsx
    ./app/checkout/page.tsx

https://nextjs.org/docs/messages/module-not-found @ http://localhost:3000/_next/static/chunks/node_modules_next_dist_1gdrd03._.js:1945
[ 1861557ms] [ERROR] ./components/checkout/CheckoutPageClient.tsx:14:1
Module not found: Can't resolve '@/components/checkout/payment-flows/VodafoneCashFlow'
  12 | ...mport { CashOnDeliveryFlow } from "@/components/checkout/payment-flows/CashOnDeliveryFl...
  13 | ...mport { PaymentFlowPlaceholder } from "@/components/checkout/payment-flows/PaymentFlowP...
> 14 | ...mport { VodafoneCashFlow } from "@/components/checkout/payment-flows/VodafoneCashFlow";
     |    ^^^^^^^^^^^^^^^^^^^^^^^^^^^^^^^^^^^^^^^^^^^^^^^^^^^^^^^^^^^^^^^^^^^^^^^^^^^^^^^^^^^^^^^^
  15 | ...mport {
  16 | ... checkoutReducer,
  17 | ... createInitialCheckoutState,

Import map: aliased to relative './components/checkout/payment-flows/VodafoneCashFlow' inside of [project]/

Import trace:
  Server Component:
    ./components/checkout/CheckoutPageClient.tsx
    ./app/checkout/page.tsx

https://nextjs.org/docs/messages/module-not-found @ http://localhost:3000/_next/static/chunks/node_modules_next_dist_1gdrd03._.js:1945
[ 1861620ms] [ERROR] ./components/checkout/CheckoutPageClient.tsx:14:1
Module not found: Can't resolve '@/components/checkout/payment-flows/VodafoneCashFlow'
  12 | ...mport { CashOnDeliveryFlow } from "@/components/checkout/payment-flows/CashOnDeliveryFl...
  13 | ...mport { PaymentFlowPlaceholder } from "@/components/checkout/payment-flows/PaymentFlowP...
> 14 | ...mport { VodafoneCashFlow } from "@/components/checkout/payment-flows/VodafoneCashFlow";
     |    ^^^^^^^^^^^^^^^^^^^^^^^^^^^^^^^^^^^^^^^^^^^^^^^^^^^^^^^^^^^^^^^^^^^^^^^^^^^^^^^^^^^^^^^^
  15 | ...mport {
  16 | ... checkoutReducer,
  17 | ... createInitialCheckoutState,

Import map: aliased to relative './components/checkout/payment-flows/VodafoneCashFlow' inside of [project]/

Import trace:
  Server Component:
    ./components/checkout/CheckoutPageClient.tsx
    ./app/checkout/page.tsx

https://nextjs.org/docs/messages/module-not-found @ http://localhost:3000/_next/static/chunks/node_modules_next_dist_1gdrd03._.js:1945
[ 1861684ms] [ERROR] ./components/checkout/CheckoutPageClient.tsx:14:1
Module not found: Can't resolve '@/components/checkout/payment-flows/VodafoneCashFlow'
  12 | ...mport { CashOnDeliveryFlow } from "@/components/checkout/payment-flows/CashOnDeliveryFl...
  13 | ...mport { PaymentFlowPlaceholder } from "@/components/checkout/payment-flows/PaymentFlowP...
> 14 | ...mport { VodafoneCashFlow } from "@/components/checkout/payment-flows/VodafoneCashFlow";
     |    ^^^^^^^^^^^^^^^^^^^^^^^^^^^^^^^^^^^^^^^^^^^^^^^^^^^^^^^^^^^^^^^^^^^^^^^^^^^^^^^^^^^^^^^^
  15 | ...mport {
  16 | ... checkoutReducer,
  17 | ... createInitialCheckoutState,

Import map: aliased to relative './components/checkout/payment-flows/VodafoneCashFlow' inside of [project]/

Import trace:
  Server Component:
    ./components/checkout/CheckoutPageClient.tsx
    ./app/checkout/page.tsx

https://nextjs.org/docs/messages/module-not-found @ http://localhost:3000/_next/static/chunks/node_modules_next_dist_1gdrd03._.js:1945
[ 1861747ms] [ERROR] ./components/checkout/CheckoutPageClient.tsx:14:1
Module not found: Can't resolve '@/components/checkout/payment-flows/VodafoneCashFlow'
  12 | ...mport { CashOnDeliveryFlow } from "@/components/checkout/payment-flows/CashOnDeliveryFl...
  13 | ...mport { PaymentFlowPlaceholder } from "@/components/checkout/payment-flows/PaymentFlowP...
> 14 | ...mport { VodafoneCashFlow } from "@/components/checkout/payment-flows/VodafoneCashFlow";
     |    ^^^^^^^^^^^^^^^^^^^^^^^^^^^^^^^^^^^^^^^^^^^^^^^^^^^^^^^^^^^^^^^^^^^^^^^^^^^^^^^^^^^^^^^^
  15 | ...mport {
  16 | ... checkoutReducer,
  17 | ... createInitialCheckoutState,

Import map: aliased to relative './components/checkout/payment-flows/VodafoneCashFlow' inside of [project]/

Import trace:
  Server Component:
    ./components/checkout/CheckoutPageClient.tsx
    ./app/checkout/page.tsx

https://nextjs.org/docs/messages/module-not-found @ http://localhost:3000/_next/static/chunks/node_modules_next_dist_1gdrd03._.js:1945
[ 1861824ms] [ERROR] ./components/checkout/CheckoutPageClient.tsx:14:1
Module not found: Can't resolve '@/components/checkout/payment-flows/VodafoneCashFlow'
  12 | ...mport { CashOnDeliveryFlow } from "@/components/checkout/payment-flows/CashOnDeliveryFl...
  13 | ...mport { PaymentFlowPlaceholder } from "@/components/checkout/payment-flows/PaymentFlowP...
> 14 | ...mport { VodafoneCashFlow } from "@/components/checkout/payment-flows/VodafoneCashFlow";
     |    ^^^^^^^^^^^^^^^^^^^^^^^^^^^^^^^^^^^^^^^^^^^^^^^^^^^^^^^^^^^^^^^^^^^^^^^^^^^^^^^^^^^^^^^^
  15 | ...mport {
  16 | ... checkoutReducer,
  17 | ... createInitialCheckoutState,

Import map: aliased to relative './components/checkout/payment-flows/VodafoneCashFlow' inside of [project]/

Import trace:
  Server Component:
    ./components/checkout/CheckoutPageClient.tsx
    ./app/checkout/page.tsx

https://nextjs.org/docs/messages/module-not-found @ http://localhost:3000/_next/static/chunks/node_modules_next_dist_1gdrd03._.js:1945
[ 1861886ms] [ERROR] ./components/checkout/CheckoutPageClient.tsx:14:1
Module not found: Can't resolve '@/components/checkout/payment-flows/VodafoneCashFlow'
  12 | ...mport { CashOnDeliveryFlow } from "@/components/checkout/payment-flows/CashOnDeliveryFl...
  13 | ...mport { PaymentFlowPlaceholder } from "@/components/checkout/payment-flows/PaymentFlowP...
> 14 | ...mport { VodafoneCashFlow } from "@/components/checkout/payment-flows/VodafoneCashFlow";
     |    ^^^^^^^^^^^^^^^^^^^^^^^^^^^^^^^^^^^^^^^^^^^^^^^^^^^^^^^^^^^^^^^^^^^^^^^^^^^^^^^^^^^^^^^^
  15 | ...mport {
  16 | ... checkoutReducer,
  17 | ... createInitialCheckoutState,

Import map: aliased to relative './components/checkout/payment-flows/VodafoneCashFlow' inside of [project]/

Import trace:
  Server Component:
    ./components/checkout/CheckoutPageClient.tsx
    ./app/checkout/page.tsx

https://nextjs.org/docs/messages/module-not-found @ http://localhost:3000/_next/static/chunks/node_modules_next_dist_1gdrd03._.js:1945
[ 1861948ms] [ERROR] ./components/checkout/CheckoutPageClient.tsx:14:1
Module not found: Can't resolve '@/components/checkout/payment-flows/VodafoneCashFlow'
  12 | ...mport { CashOnDeliveryFlow } from "@/components/checkout/payment-flows/CashOnDeliveryFl...
  13 | ...mport { PaymentFlowPlaceholder } from "@/components/checkout/payment-flows/PaymentFlowP...
> 14 | ...mport { VodafoneCashFlow } from "@/components/checkout/payment-flows/VodafoneCashFlow";
     |    ^^^^^^^^^^^^^^^^^^^^^^^^^^^^^^^^^^^^^^^^^^^^^^^^^^^^^^^^^^^^^^^^^^^^^^^^^^^^^^^^^^^^^^^^
  15 | ...mport {
  16 | ... checkoutReducer,
  17 | ... createInitialCheckoutState,

Import map: aliased to relative './components/checkout/payment-flows/VodafoneCashFlow' inside of [project]/

Import trace:
  Server Component:
    ./components/checkout/CheckoutPageClient.tsx
    ./app/checkout/page.tsx

https://nextjs.org/docs/messages/module-not-found @ http://localhost:3000/_next/static/chunks/node_modules_next_dist_1gdrd03._.js:1945
[ 1862008ms] [ERROR] ./components/checkout/CheckoutPageClient.tsx:14:1
Module not found: Can't resolve '@/components/checkout/payment-flows/VodafoneCashFlow'
  12 | ...mport { CashOnDeliveryFlow } from "@/components/checkout/payment-flows/CashOnDeliveryFl...
  13 | ...mport { PaymentFlowPlaceholder } from "@/components/checkout/payment-flows/PaymentFlowP...
> 14 | ...mport { VodafoneCashFlow } from "@/components/checkout/payment-flows/VodafoneCashFlow";
     |    ^^^^^^^^^^^^^^^^^^^^^^^^^^^^^^^^^^^^^^^^^^^^^^^^^^^^^^^^^^^^^^^^^^^^^^^^^^^^^^^^^^^^^^^^
  15 | ...mport {
  16 | ... checkoutReducer,
  17 | ... createInitialCheckoutState,

Import map: aliased to relative './components/checkout/payment-flows/VodafoneCashFlow' inside of [project]/

Import trace:
  Server Component:
    ./components/checkout/CheckoutPageClient.tsx
    ./app/checkout/page.tsx

https://nextjs.org/docs/messages/module-not-found @ http://localhost:3000/_next/static/chunks/node_modules_next_dist_1gdrd03._.js:1945
[ 1862069ms] [ERROR] ./components/checkout/CheckoutPageClient.tsx:14:1
Module not found: Can't resolve '@/components/checkout/payment-flows/VodafoneCashFlow'
  12 | ...mport { CashOnDeliveryFlow } from "@/components/checkout/payment-flows/CashOnDeliveryFl...
  13 | ...mport { PaymentFlowPlaceholder } from "@/components/checkout/payment-flows/PaymentFlowP...
> 14 | ...mport { VodafoneCashFlow } from "@/components/checkout/payment-flows/VodafoneCashFlow";
     |    ^^^^^^^^^^^^^^^^^^^^^^^^^^^^^^^^^^^^^^^^^^^^^^^^^^^^^^^^^^^^^^^^^^^^^^^^^^^^^^^^^^^^^^^^
  15 | ...mport {
  16 | ... checkoutReducer,
  17 | ... createInitialCheckoutState,

Import map: aliased to relative './components/checkout/payment-flows/VodafoneCashFlow' inside of [project]/

Import trace:
  Server Component:
    ./components/checkout/CheckoutPageClient.tsx
    ./app/checkout/page.tsx

https://nextjs.org/docs/messages/module-not-found @ http://localhost:3000/_next/static/chunks/node_modules_next_dist_1gdrd03._.js:1945
[ 1862131ms] [ERROR] ./components/checkout/CheckoutPageClient.tsx:14:1
Module not found: Can't resolve '@/components/checkout/payment-flows/VodafoneCashFlow'
  12 | ...mport { CashOnDeliveryFlow } from "@/components/checkout/payment-flows/CashOnDeliveryFl...
  13 | ...mport { PaymentFlowPlaceholder } from "@/components/checkout/payment-flows/PaymentFlowP...
> 14 | ...mport { VodafoneCashFlow } from "@/components/checkout/payment-flows/VodafoneCashFlow";
     |    ^^^^^^^^^^^^^^^^^^^^^^^^^^^^^^^^^^^^^^^^^^^^^^^^^^^^^^^^^^^^^^^^^^^^^^^^^^^^^^^^^^^^^^^^
  15 | ...mport {
  16 | ... checkoutReducer,
  17 | ... createInitialCheckoutState,

Import map: aliased to relative './components/checkout/payment-flows/VodafoneCashFlow' inside of [project]/

Import trace:
  Server Component:
    ./components/checkout/CheckoutPageClient.tsx
    ./app/checkout/page.tsx

https://nextjs.org/docs/messages/module-not-found @ http://localhost:3000/_next/static/chunks/node_modules_next_dist_1gdrd03._.js:1945
[ 1862195ms] [ERROR] ./components/checkout/CheckoutPageClient.tsx:14:1
Module not found: Can't resolve '@/components/checkout/payment-flows/VodafoneCashFlow'
  12 | ...mport { CashOnDeliveryFlow } from "@/components/checkout/payment-flows/CashOnDeliveryFl...
  13 | ...mport { PaymentFlowPlaceholder } from "@/components/checkout/payment-flows/PaymentFlowP...
> 14 | ...mport { VodafoneCashFlow } from "@/components/checkout/payment-flows/VodafoneCashFlow";
     |    ^^^^^^^^^^^^^^^^^^^^^^^^^^^^^^^^^^^^^^^^^^^^^^^^^^^^^^^^^^^^^^^^^^^^^^^^^^^^^^^^^^^^^^^^
  15 | ...mport {
  16 | ... checkoutReducer,
  17 | ... createInitialCheckoutState,

Import map: aliased to relative './components/checkout/payment-flows/VodafoneCashFlow' inside of [project]/

Import trace:
  Server Component:
    ./components/checkout/CheckoutPageClient.tsx
    ./app/checkout/page.tsx

https://nextjs.org/docs/messages/module-not-found @ http://localhost:3000/_next/static/chunks/node_modules_next_dist_1gdrd03._.js:1945
[ 1862258ms] [ERROR] ./components/checkout/CheckoutPageClient.tsx:14:1
Module not found: Can't resolve '@/components/checkout/payment-flows/VodafoneCashFlow'
  12 | ...mport { CashOnDeliveryFlow } from "@/components/checkout/payment-flows/CashOnDeliveryFl...
  13 | ...mport { PaymentFlowPlaceholder } from "@/components/checkout/payment-flows/PaymentFlowP...
> 14 | ...mport { VodafoneCashFlow } from "@/components/checkout/payment-flows/VodafoneCashFlow";
     |    ^^^^^^^^^^^^^^^^^^^^^^^^^^^^^^^^^^^^^^^^^^^^^^^^^^^^^^^^^^^^^^^^^^^^^^^^^^^^^^^^^^^^^^^^
  15 | ...mport {
  16 | ... checkoutReducer,
  17 | ... createInitialCheckoutState,

Import map: aliased to relative './components/checkout/payment-flows/VodafoneCashFlow' inside of [project]/

Import trace:
  Server Component:
    ./components/checkout/CheckoutPageClient.tsx
    ./app/checkout/page.tsx

https://nextjs.org/docs/messages/module-not-found @ http://localhost:3000/_next/static/chunks/node_modules_next_dist_1gdrd03._.js:1945
[ 1862321ms] [ERROR] ./components/checkout/CheckoutPageClient.tsx:14:1
Module not found: Can't resolve '@/components/checkout/payment-flows/VodafoneCashFlow'
  12 | ...mport { CashOnDeliveryFlow } from "@/components/checkout/payment-flows/CashOnDeliveryFl...
  13 | ...mport { PaymentFlowPlaceholder } from "@/components/checkout/payment-flows/PaymentFlowP...
> 14 | ...mport { VodafoneCashFlow } from "@/components/checkout/payment-flows/VodafoneCashFlow";
     |    ^^^^^^^^^^^^^^^^^^^^^^^^^^^^^^^^^^^^^^^^^^^^^^^^^^^^^^^^^^^^^^^^^^^^^^^^^^^^^^^^^^^^^^^^
  15 | ...mport {
  16 | ... checkoutReducer,
  17 | ... createInitialCheckoutState,

Import map: aliased to relative './components/checkout/payment-flows/VodafoneCashFlow' inside of [project]/

Import trace:
  Server Component:
    ./components/checkout/CheckoutPageClient.tsx
    ./app/checkout/page.tsx

https://nextjs.org/docs/messages/module-not-found @ http://localhost:3000/_next/static/chunks/node_modules_next_dist_1gdrd03._.js:1945
[ 1862435ms] [ERROR] ./components/checkout/CheckoutPageClient.tsx:14:1
Module not found: Can't resolve '@/components/checkout/payment-flows/VodafoneCashFlow'
  12 | ...mport { CashOnDeliveryFlow } from "@/components/checkout/payment-flows/CashOnDeliveryFl...
  13 | ...mport { PaymentFlowPlaceholder } from "@/components/checkout/payment-flows/PaymentFlowP...
> 14 | ...mport { VodafoneCashFlow } from "@/components/checkout/payment-flows/VodafoneCashFlow";
     |    ^^^^^^^^^^^^^^^^^^^^^^^^^^^^^^^^^^^^^^^^^^^^^^^^^^^^^^^^^^^^^^^^^^^^^^^^^^^^^^^^^^^^^^^^
  15 | ...mport {
  16 | ... checkoutReducer,
  17 | ... createInitialCheckoutState,

Import map: aliased to relative './components/checkout/payment-flows/VodafoneCashFlow' inside of [project]/

Import trace:
  Server Component:
    ./components/checkout/CheckoutPageClient.tsx
    ./app/checkout/page.tsx

https://nextjs.org/docs/messages/module-not-found @ http://localhost:3000/_next/static/chunks/node_modules_next_dist_1gdrd03._.js:1945
[ 1862495ms] [ERROR] ./components/checkout/CheckoutPageClient.tsx:14:1
Module not found: Can't resolve '@/components/checkout/payment-flows/VodafoneCashFlow'
  12 | ...mport { CashOnDeliveryFlow } from "@/components/checkout/payment-flows/CashOnDeliveryFl...
  13 | ...mport { PaymentFlowPlaceholder } from "@/components/checkout/payment-flows/PaymentFlowP...
> 14 | ...mport { VodafoneCashFlow } from "@/components/checkout/payment-flows/VodafoneCashFlow";
     |    ^^^^^^^^^^^^^^^^^^^^^^^^^^^^^^^^^^^^^^^^^^^^^^^^^^^^^^^^^^^^^^^^^^^^^^^^^^^^^^^^^^^^^^^^
  15 | ...mport {
  16 | ... checkoutReducer,
  17 | ... createInitialCheckoutState,

Import map: aliased to relative './components/checkout/payment-flows/VodafoneCashFlow' inside of [project]/

Import trace:
  Server Component:
    ./components/checkout/CheckoutPageClient.tsx
    ./app/checkout/page.tsx

https://nextjs.org/docs/messages/module-not-found @ http://localhost:3000/_next/static/chunks/node_modules_next_dist_1gdrd03._.js:1945
[ 1862558ms] [ERROR] ./components/checkout/CheckoutPageClient.tsx:14:1
Module not found: Can't resolve '@/components/checkout/payment-flows/VodafoneCashFlow'
  12 | ...mport { CashOnDeliveryFlow } from "@/components/checkout/payment-flows/CashOnDeliveryFl...
  13 | ...mport { PaymentFlowPlaceholder } from "@/components/checkout/payment-flows/PaymentFlowP...
> 14 | ...mport { VodafoneCashFlow } from "@/components/checkout/payment-flows/VodafoneCashFlow";
     |    ^^^^^^^^^^^^^^^^^^^^^^^^^^^^^^^^^^^^^^^^^^^^^^^^^^^^^^^^^^^^^^^^^^^^^^^^^^^^^^^^^^^^^^^^
  15 | ...mport {
  16 | ... checkoutReducer,
  17 | ... createInitialCheckoutState,

Import map: aliased to relative './components/checkout/payment-flows/VodafoneCashFlow' inside of [project]/

Import trace:
  Server Component:
    ./components/checkout/CheckoutPageClient.tsx
    ./app/checkout/page.tsx

https://nextjs.org/docs/messages/module-not-found @ http://localhost:3000/_next/static/chunks/node_modules_next_dist_1gdrd03._.js:1945
[ 1862621ms] [ERROR] ./components/checkout/CheckoutPageClient.tsx:14:1
Module not found: Can't resolve '@/components/checkout/payment-flows/VodafoneCashFlow'
  12 | ...mport { CashOnDeliveryFlow } from "@/components/checkout/payment-flows/CashOnDeliveryFl...
  13 | ...mport { PaymentFlowPlaceholder } from "@/components/checkout/payment-flows/PaymentFlowP...
> 14 | ...mport { VodafoneCashFlow } from "@/components/checkout/payment-flows/VodafoneCashFlow";
     |    ^^^^^^^^^^^^^^^^^^^^^^^^^^^^^^^^^^^^^^^^^^^^^^^^^^^^^^^^^^^^^^^^^^^^^^^^^^^^^^^^^^^^^^^^
  15 | ...mport {
  16 | ... checkoutReducer,
  17 | ... createInitialCheckoutState,

Import map: aliased to relative './components/checkout/payment-flows/VodafoneCashFlow' inside of [project]/

Import trace:
  Server Component:
    ./components/checkout/CheckoutPageClient.tsx
    ./app/checkout/page.tsx

https://nextjs.org/docs/messages/module-not-found @ http://localhost:3000/_next/static/chunks/node_modules_next_dist_1gdrd03._.js:1945
[ 1862683ms] [ERROR] ./components/checkout/CheckoutPageClient.tsx:14:1
Module not found: Can't resolve '@/components/checkout/payment-flows/VodafoneCashFlow'
  12 | ...mport { CashOnDeliveryFlow } from "@/components/checkout/payment-flows/CashOnDeliveryFl...
  13 | ...mport { PaymentFlowPlaceholder } from "@/components/checkout/payment-flows/PaymentFlowP...
> 14 | ...mport { VodafoneCashFlow } from "@/components/checkout/payment-flows/VodafoneCashFlow";
     |    ^^^^^^^^^^^^^^^^^^^^^^^^^^^^^^^^^^^^^^^^^^^^^^^^^^^^^^^^^^^^^^^^^^^^^^^^^^^^^^^^^^^^^^^^
  15 | ...mport {
  16 | ... checkoutReducer,
  17 | ... createInitialCheckoutState,

Import map: aliased to relative './components/checkout/payment-flows/VodafoneCashFlow' inside of [project]/

Import trace:
  Server Component:
    ./components/checkout/CheckoutPageClient.tsx
    ./app/checkout/page.tsx

https://nextjs.org/docs/messages/module-not-found @ http://localhost:3000/_next/static/chunks/node_modules_next_dist_1gdrd03._.js:1945
[ 1862746ms] [ERROR] ./components/checkout/CheckoutPageClient.tsx:14:1
Module not found: Can't resolve '@/components/checkout/payment-flows/VodafoneCashFlow'
  12 | ...mport { CashOnDeliveryFlow } from "@/components/checkout/payment-flows/CashOnDeliveryFl...
  13 | ...mport { PaymentFlowPlaceholder } from "@/components/checkout/payment-flows/PaymentFlowP...
> 14 | ...mport { VodafoneCashFlow } from "@/components/checkout/payment-flows/VodafoneCashFlow";
     |    ^^^^^^^^^^^^^^^^^^^^^^^^^^^^^^^^^^^^^^^^^^^^^^^^^^^^^^^^^^^^^^^^^^^^^^^^^^^^^^^^^^^^^^^^
  15 | ...mport {
  16 | ... checkoutReducer,
  17 | ... createInitialCheckoutState,

Import map: aliased to relative './components/checkout/payment-flows/VodafoneCashFlow' inside of [project]/

Import trace:
  Server Component:
    ./components/checkout/CheckoutPageClient.tsx
    ./app/checkout/page.tsx

https://nextjs.org/docs/messages/module-not-found @ http://localhost:3000/_next/static/chunks/node_modules_next_dist_1gdrd03._.js:1945
[ 1862808ms] [ERROR] ./components/checkout/CheckoutPageClient.tsx:14:1
Module not found: Can't resolve '@/components/checkout/payment-flows/VodafoneCashFlow'
  12 | ...mport { CashOnDeliveryFlow } from "@/components/checkout/payment-flows/CashOnDeliveryFl...
  13 | ...mport { PaymentFlowPlaceholder } from "@/components/checkout/payment-flows/PaymentFlowP...
> 14 | ...mport { VodafoneCashFlow } from "@/components/checkout/payment-flows/VodafoneCashFlow";
     |    ^^^^^^^^^^^^^^^^^^^^^^^^^^^^^^^^^^^^^^^^^^^^^^^^^^^^^^^^^^^^^^^^^^^^^^^^^^^^^^^^^^^^^^^^
  15 | ...mport {
  16 | ... checkoutReducer,
  17 | ... createInitialCheckoutState,

Import map: aliased to relative './components/checkout/payment-flows/VodafoneCashFlow' inside of [project]/

Import trace:
  Server Component:
    ./components/checkout/CheckoutPageClient.tsx
    ./app/checkout/page.tsx

https://nextjs.org/docs/messages/module-not-found @ http://localhost:3000/_next/static/chunks/node_modules_next_dist_1gdrd03._.js:1945
[ 1862871ms] [ERROR] ./components/checkout/CheckoutPageClient.tsx:14:1
Module not found: Can't resolve '@/components/checkout/payment-flows/VodafoneCashFlow'
  12 | ...mport { CashOnDeliveryFlow } from "@/components/checkout/payment-flows/CashOnDeliveryFl...
  13 | ...mport { PaymentFlowPlaceholder } from "@/components/checkout/payment-flows/PaymentFlowP...
> 14 | ...mport { VodafoneCashFlow } from "@/components/checkout/payment-flows/VodafoneCashFlow";
     |    ^^^^^^^^^^^^^^^^^^^^^^^^^^^^^^^^^^^^^^^^^^^^^^^^^^^^^^^^^^^^^^^^^^^^^^^^^^^^^^^^^^^^^^^^
  15 | ...mport {
  16 | ... checkoutReducer,
  17 | ... createInitialCheckoutState,

Import map: aliased to relative './components/checkout/payment-flows/VodafoneCashFlow' inside of [project]/

Import trace:
  Server Component:
    ./components/checkout/CheckoutPageClient.tsx
    ./app/checkout/page.tsx

https://nextjs.org/docs/messages/module-not-found @ http://localhost:3000/_next/static/chunks/node_modules_next_dist_1gdrd03._.js:1945
[ 1862934ms] [ERROR] ./components/checkout/CheckoutPageClient.tsx:14:1
Module not found: Can't resolve '@/components/checkout/payment-flows/VodafoneCashFlow'
  12 | ...mport { CashOnDeliveryFlow } from "@/components/checkout/payment-flows/CashOnDeliveryFl...
  13 | ...mport { PaymentFlowPlaceholder } from "@/components/checkout/payment-flows/PaymentFlowP...
> 14 | ...mport { VodafoneCashFlow } from "@/components/checkout/payment-flows/VodafoneCashFlow";
     |    ^^^^^^^^^^^^^^^^^^^^^^^^^^^^^^^^^^^^^^^^^^^^^^^^^^^^^^^^^^^^^^^^^^^^^^^^^^^^^^^^^^^^^^^^
  15 | ...mport {
  16 | ... checkoutReducer,
  17 | ... createInitialCheckoutState,

Import map: aliased to relative './components/checkout/payment-flows/VodafoneCashFlow' inside of [project]/

Import trace:
  Server Component:
    ./components/checkout/CheckoutPageClient.tsx
    ./app/checkout/page.tsx

https://nextjs.org/docs/messages/module-not-found @ http://localhost:3000/_next/static/chunks/node_modules_next_dist_1gdrd03._.js:1945
[ 1862995ms] [ERROR] ./components/checkout/CheckoutPageClient.tsx:14:1
Module not found: Can't resolve '@/components/checkout/payment-flows/VodafoneCashFlow'
  12 | ...mport { CashOnDeliveryFlow } from "@/components/checkout/payment-flows/CashOnDeliveryFl...
  13 | ...mport { PaymentFlowPlaceholder } from "@/components/checkout/payment-flows/PaymentFlowP...
> 14 | ...mport { VodafoneCashFlow } from "@/components/checkout/payment-flows/VodafoneCashFlow";
     |    ^^^^^^^^^^^^^^^^^^^^^^^^^^^^^^^^^^^^^^^^^^^^^^^^^^^^^^^^^^^^^^^^^^^^^^^^^^^^^^^^^^^^^^^^
  15 | ...mport {
  16 | ... checkoutReducer,
  17 | ... createInitialCheckoutState,

Import map: aliased to relative './components/checkout/payment-flows/VodafoneCashFlow' inside of [project]/

Import trace:
  Server Component:
    ./components/checkout/CheckoutPageClient.tsx
    ./app/checkout/page.tsx

https://nextjs.org/docs/messages/module-not-found @ http://localhost:3000/_next/static/chunks/node_modules_next_dist_1gdrd03._.js:1945
[ 1863060ms] [ERROR] ./components/checkout/CheckoutPageClient.tsx:14:1
Module not found: Can't resolve '@/components/checkout/payment-flows/VodafoneCashFlow'
  12 | ...mport { CashOnDeliveryFlow } from "@/components/checkout/payment-flows/CashOnDeliveryFl...
  13 | ...mport { PaymentFlowPlaceholder } from "@/components/checkout/payment-flows/PaymentFlowP...
> 14 | ...mport { VodafoneCashFlow } from "@/components/checkout/payment-flows/VodafoneCashFlow";
     |    ^^^^^^^^^^^^^^^^^^^^^^^^^^^^^^^^^^^^^^^^^^^^^^^^^^^^^^^^^^^^^^^^^^^^^^^^^^^^^^^^^^^^^^^^
  15 | ...mport {
  16 | ... checkoutReducer,
  17 | ... createInitialCheckoutState,

Import map: aliased to relative './components/checkout/payment-flows/VodafoneCashFlow' inside of [project]/

Import trace:
  Server Component:
    ./components/checkout/CheckoutPageClient.tsx
    ./app/checkout/page.tsx

https://nextjs.org/docs/messages/module-not-found @ http://localhost:3000/_next/static/chunks/node_modules_next_dist_1gdrd03._.js:1945
[ 1863120ms] [ERROR] ./components/checkout/CheckoutPageClient.tsx:14:1
Module not found: Can't resolve '@/components/checkout/payment-flows/VodafoneCashFlow'
  12 | ...mport { CashOnDeliveryFlow } from "@/components/checkout/payment-flows/CashOnDeliveryFl...
  13 | ...mport { PaymentFlowPlaceholder } from "@/components/checkout/payment-flows/PaymentFlowP...
> 14 | ...mport { VodafoneCashFlow } from "@/components/checkout/payment-flows/VodafoneCashFlow";
     |    ^^^^^^^^^^^^^^^^^^^^^^^^^^^^^^^^^^^^^^^^^^^^^^^^^^^^^^^^^^^^^^^^^^^^^^^^^^^^^^^^^^^^^^^^
  15 | ...mport {
  16 | ... checkoutReducer,
  17 | ... createInitialCheckoutState,

Import map: aliased to relative './components/checkout/payment-flows/VodafoneCashFlow' inside of [project]/

Import trace:
  Server Component:
    ./components/checkout/CheckoutPageClient.tsx
    ./app/checkout/page.tsx

https://nextjs.org/docs/messages/module-not-found @ http://localhost:3000/_next/static/chunks/node_modules_next_dist_1gdrd03._.js:1945
[ 1863182ms] [ERROR] ./components/checkout/CheckoutPageClient.tsx:14:1
Module not found: Can't resolve '@/components/checkout/payment-flows/VodafoneCashFlow'
  12 | ...mport { CashOnDeliveryFlow } from "@/components/checkout/payment-flows/CashOnDeliveryFl...
  13 | ...mport { PaymentFlowPlaceholder } from "@/components/checkout/payment-flows/PaymentFlowP...
> 14 | ...mport { VodafoneCashFlow } from "@/components/checkout/payment-flows/VodafoneCashFlow";
     |    ^^^^^^^^^^^^^^^^^^^^^^^^^^^^^^^^^^^^^^^^^^^^^^^^^^^^^^^^^^^^^^^^^^^^^^^^^^^^^^^^^^^^^^^^
  15 | ...mport {
  16 | ... checkoutReducer,
  17 | ... createInitialCheckoutState,

Import map: aliased to relative './components/checkout/payment-flows/VodafoneCashFlow' inside of [project]/

Import trace:
  Server Component:
    ./components/checkout/CheckoutPageClient.tsx
    ./app/checkout/page.tsx

https://nextjs.org/docs/messages/module-not-found @ http://localhost:3000/_next/static/chunks/node_modules_next_dist_1gdrd03._.js:1945
[ 1863245ms] [ERROR] ./components/checkout/CheckoutPageClient.tsx:14:1
Module not found: Can't resolve '@/components/checkout/payment-flows/VodafoneCashFlow'
  12 | ...mport { CashOnDeliveryFlow } from "@/components/checkout/payment-flows/CashOnDeliveryFl...
  13 | ...mport { PaymentFlowPlaceholder } from "@/components/checkout/payment-flows/PaymentFlowP...
> 14 | ...mport { VodafoneCashFlow } from "@/components/checkout/payment-flows/VodafoneCashFlow";
     |    ^^^^^^^^^^^^^^^^^^^^^^^^^^^^^^^^^^^^^^^^^^^^^^^^^^^^^^^^^^^^^^^^^^^^^^^^^^^^^^^^^^^^^^^^
  15 | ...mport {
  16 | ... checkoutReducer,
  17 | ... createInitialCheckoutState,

Import map: aliased to relative './components/checkout/payment-flows/VodafoneCashFlow' inside of [project]/

Import trace:
  Server Component:
    ./components/checkout/CheckoutPageClient.tsx
    ./app/checkout/page.tsx

https://nextjs.org/docs/messages/module-not-found @ http://localhost:3000/_next/static/chunks/node_modules_next_dist_1gdrd03._.js:1945
[ 1863307ms] [ERROR] ./components/checkout/CheckoutPageClient.tsx:14:1
Module not found: Can't resolve '@/components/checkout/payment-flows/VodafoneCashFlow'
  12 | ...mport { CashOnDeliveryFlow } from "@/components/checkout/payment-flows/CashOnDeliveryFl...
  13 | ...mport { PaymentFlowPlaceholder } from "@/components/checkout/payment-flows/PaymentFlowP...
> 14 | ...mport { VodafoneCashFlow } from "@/components/checkout/payment-flows/VodafoneCashFlow";
     |    ^^^^^^^^^^^^^^^^^^^^^^^^^^^^^^^^^^^^^^^^^^^^^^^^^^^^^^^^^^^^^^^^^^^^^^^^^^^^^^^^^^^^^^^^
  15 | ...mport {
  16 | ... checkoutReducer,
  17 | ... createInitialCheckoutState,

Import map: aliased to relative './components/checkout/payment-flows/VodafoneCashFlow' inside of [project]/

Import trace:
  Server Component:
    ./components/checkout/CheckoutPageClient.tsx
    ./app/checkout/page.tsx

https://nextjs.org/docs/messages/module-not-found @ http://localhost:3000/_next/static/chunks/node_modules_next_dist_1gdrd03._.js:1945
[ 1863369ms] [ERROR] ./components/checkout/CheckoutPageClient.tsx:14:1
Module not found: Can't resolve '@/components/checkout/payment-flows/VodafoneCashFlow'
  12 | ...mport { CashOnDeliveryFlow } from "@/components/checkout/payment-flows/CashOnDeliveryFl...
  13 | ...mport { PaymentFlowPlaceholder } from "@/components/checkout/payment-flows/PaymentFlowP...
> 14 | ...mport { VodafoneCashFlow } from "@/components/checkout/payment-flows/VodafoneCashFlow";
     |    ^^^^^^^^^^^^^^^^^^^^^^^^^^^^^^^^^^^^^^^^^^^^^^^^^^^^^^^^^^^^^^^^^^^^^^^^^^^^^^^^^^^^^^^^
  15 | ...mport {
  16 | ... checkoutReducer,
  17 | ... createInitialCheckoutState,

Import map: aliased to relative './components/checkout/payment-flows/VodafoneCashFlow' inside of [project]/

Import trace:
  Server Component:
    ./components/checkout/CheckoutPageClient.tsx
    ./app/checkout/page.tsx

https://nextjs.org/docs/messages/module-not-found @ http://localhost:3000/_next/static/chunks/node_modules_next_dist_1gdrd03._.js:1945
[ 1863431ms] [ERROR] ./components/checkout/CheckoutPageClient.tsx:14:1
Module not found: Can't resolve '@/components/checkout/payment-flows/VodafoneCashFlow'
  12 | ...mport { CashOnDeliveryFlow } from "@/components/checkout/payment-flows/CashOnDeliveryFl...
  13 | ...mport { PaymentFlowPlaceholder } from "@/components/checkout/payment-flows/PaymentFlowP...
> 14 | ...mport { VodafoneCashFlow } from "@/components/checkout/payment-flows/VodafoneCashFlow";
     |    ^^^^^^^^^^^^^^^^^^^^^^^^^^^^^^^^^^^^^^^^^^^^^^^^^^^^^^^^^^^^^^^^^^^^^^^^^^^^^^^^^^^^^^^^
  15 | ...mport {
  16 | ... checkoutReducer,
  17 | ... createInitialCheckoutState,

Import map: aliased to relative './components/checkout/payment-flows/VodafoneCashFlow' inside of [project]/

Import trace:
  Server Component:
    ./components/checkout/CheckoutPageClient.tsx
    ./app/checkout/page.tsx

https://nextjs.org/docs/messages/module-not-found @ http://localhost:3000/_next/static/chunks/node_modules_next_dist_1gdrd03._.js:1945
[ 1863496ms] [ERROR] ./components/checkout/CheckoutPageClient.tsx:14:1
Module not found: Can't resolve '@/components/checkout/payment-flows/VodafoneCashFlow'
  12 | ...mport { CashOnDeliveryFlow } from "@/components/checkout/payment-flows/CashOnDeliveryFl...
  13 | ...mport { PaymentFlowPlaceholder } from "@/components/checkout/payment-flows/PaymentFlowP...
> 14 | ...mport { VodafoneCashFlow } from "@/components/checkout/payment-flows/VodafoneCashFlow";
     |    ^^^^^^^^^^^^^^^^^^^^^^^^^^^^^^^^^^^^^^^^^^^^^^^^^^^^^^^^^^^^^^^^^^^^^^^^^^^^^^^^^^^^^^^^
  15 | ...mport {
  16 | ... checkoutReducer,
  17 | ... createInitialCheckoutState,

Import map: aliased to relative './components/checkout/payment-flows/VodafoneCashFlow' inside of [project]/

Import trace:
  Server Component:
    ./components/checkout/CheckoutPageClient.tsx
    ./app/checkout/page.tsx

https://nextjs.org/docs/messages/module-not-found @ http://localhost:3000/_next/static/chunks/node_modules_next_dist_1gdrd03._.js:1945
[ 1863558ms] [ERROR] ./components/checkout/CheckoutPageClient.tsx:14:1
Module not found: Can't resolve '@/components/checkout/payment-flows/VodafoneCashFlow'
  12 | ...mport { CashOnDeliveryFlow } from "@/components/checkout/payment-flows/CashOnDeliveryFl...
  13 | ...mport { PaymentFlowPlaceholder } from "@/components/checkout/payment-flows/PaymentFlowP...
> 14 | ...mport { VodafoneCashFlow } from "@/components/checkout/payment-flows/VodafoneCashFlow";
     |    ^^^^^^^^^^^^^^^^^^^^^^^^^^^^^^^^^^^^^^^^^^^^^^^^^^^^^^^^^^^^^^^^^^^^^^^^^^^^^^^^^^^^^^^^
  15 | ...mport {
  16 | ... checkoutReducer,
  17 | ... createInitialCheckoutState,

Import map: aliased to relative './components/checkout/payment-flows/VodafoneCashFlow' inside of [project]/

Import trace:
  Server Component:
    ./components/checkout/CheckoutPageClient.tsx
    ./app/checkout/page.tsx

https://nextjs.org/docs/messages/module-not-found @ http://localhost:3000/_next/static/chunks/node_modules_next_dist_1gdrd03._.js:1945
[ 1863622ms] [ERROR] ./components/checkout/CheckoutPageClient.tsx:14:1
Module not found: Can't resolve '@/components/checkout/payment-flows/VodafoneCashFlow'
  12 | ...mport { CashOnDeliveryFlow } from "@/components/checkout/payment-flows/CashOnDeliveryFl...
  13 | ...mport { PaymentFlowPlaceholder } from "@/components/checkout/payment-flows/PaymentFlowP...
> 14 | ...mport { VodafoneCashFlow } from "@/components/checkout/payment-flows/VodafoneCashFlow";
     |    ^^^^^^^^^^^^^^^^^^^^^^^^^^^^^^^^^^^^^^^^^^^^^^^^^^^^^^^^^^^^^^^^^^^^^^^^^^^^^^^^^^^^^^^^
  15 | ...mport {
  16 | ... checkoutReducer,
  17 | ... createInitialCheckoutState,

Import map: aliased to relative './components/checkout/payment-flows/VodafoneCashFlow' inside of [project]/

Import trace:
  Server Component:
    ./components/checkout/CheckoutPageClient.tsx
    ./app/checkout/page.tsx

https://nextjs.org/docs/messages/module-not-found @ http://localhost:3000/_next/static/chunks/node_modules_next_dist_1gdrd03._.js:1945
[ 1863686ms] [ERROR] ./components/checkout/CheckoutPageClient.tsx:14:1
Module not found: Can't resolve '@/components/checkout/payment-flows/VodafoneCashFlow'
  12 | ...mport { CashOnDeliveryFlow } from "@/components/checkout/payment-flows/CashOnDeliveryFl...
  13 | ...mport { PaymentFlowPlaceholder } from "@/components/checkout/payment-flows/PaymentFlowP...
> 14 | ...mport { VodafoneCashFlow } from "@/components/checkout/payment-flows/VodafoneCashFlow";
     |    ^^^^^^^^^^^^^^^^^^^^^^^^^^^^^^^^^^^^^^^^^^^^^^^^^^^^^^^^^^^^^^^^^^^^^^^^^^^^^^^^^^^^^^^^
  15 | ...mport {
  16 | ... checkoutReducer,
  17 | ... createInitialCheckoutState,

Import map: aliased to relative './components/checkout/payment-flows/VodafoneCashFlow' inside of [project]/

Import trace:
  Server Component:
    ./components/checkout/CheckoutPageClient.tsx
    ./app/checkout/page.tsx

https://nextjs.org/docs/messages/module-not-found @ http://localhost:3000/_next/static/chunks/node_modules_next_dist_1gdrd03._.js:1945
[ 1863748ms] [ERROR] ./components/checkout/CheckoutPageClient.tsx:14:1
Module not found: Can't resolve '@/components/checkout/payment-flows/VodafoneCashFlow'
  12 | ...mport { CashOnDeliveryFlow } from "@/components/checkout/payment-flows/CashOnDeliveryFl...
  13 | ...mport { PaymentFlowPlaceholder } from "@/components/checkout/payment-flows/PaymentFlowP...
> 14 | ...mport { VodafoneCashFlow } from "@/components/checkout/payment-flows/VodafoneCashFlow";
     |    ^^^^^^^^^^^^^^^^^^^^^^^^^^^^^^^^^^^^^^^^^^^^^^^^^^^^^^^^^^^^^^^^^^^^^^^^^^^^^^^^^^^^^^^^
  15 | ...mport {
  16 | ... checkoutReducer,
  17 | ... createInitialCheckoutState,

Import map: aliased to relative './components/checkout/payment-flows/VodafoneCashFlow' inside of [project]/

Import trace:
  Server Component:
    ./components/checkout/CheckoutPageClient.tsx
    ./app/checkout/page.tsx

https://nextjs.org/docs/messages/module-not-found @ http://localhost:3000/_next/static/chunks/node_modules_next_dist_1gdrd03._.js:1945
[ 1863811ms] [ERROR] ./components/checkout/CheckoutPageClient.tsx:14:1
Module not found: Can't resolve '@/components/checkout/payment-flows/VodafoneCashFlow'
  12 | ...mport { CashOnDeliveryFlow } from "@/components/checkout/payment-flows/CashOnDeliveryFl...
  13 | ...mport { PaymentFlowPlaceholder } from "@/components/checkout/payment-flows/PaymentFlowP...
> 14 | ...mport { VodafoneCashFlow } from "@/components/checkout/payment-flows/VodafoneCashFlow";
     |    ^^^^^^^^^^^^^^^^^^^^^^^^^^^^^^^^^^^^^^^^^^^^^^^^^^^^^^^^^^^^^^^^^^^^^^^^^^^^^^^^^^^^^^^^
  15 | ...mport {
  16 | ... checkoutReducer,
  17 | ... createInitialCheckoutState,

Import map: aliased to relative './components/checkout/payment-flows/VodafoneCashFlow' inside of [project]/

Import trace:
  Server Component:
    ./components/checkout/CheckoutPageClient.tsx
    ./app/checkout/page.tsx

https://nextjs.org/docs/messages/module-not-found @ http://localhost:3000/_next/static/chunks/node_modules_next_dist_1gdrd03._.js:1945
[ 1863872ms] [ERROR] ./components/checkout/CheckoutPageClient.tsx:14:1
Module not found: Can't resolve '@/components/checkout/payment-flows/VodafoneCashFlow'
  12 | ...mport { CashOnDeliveryFlow } from "@/components/checkout/payment-flows/CashOnDeliveryFl...
  13 | ...mport { PaymentFlowPlaceholder } from "@/components/checkout/payment-flows/PaymentFlowP...
> 14 | ...mport { VodafoneCashFlow } from "@/components/checkout/payment-flows/VodafoneCashFlow";
     |    ^^^^^^^^^^^^^^^^^^^^^^^^^^^^^^^^^^^^^^^^^^^^^^^^^^^^^^^^^^^^^^^^^^^^^^^^^^^^^^^^^^^^^^^^
  15 | ...mport {
  16 | ... checkoutReducer,
  17 | ... createInitialCheckoutState,

Import map: aliased to relative './components/checkout/payment-flows/VodafoneCashFlow' inside of [project]/

Import trace:
  Server Component:
    ./components/checkout/CheckoutPageClient.tsx
    ./app/checkout/page.tsx

https://nextjs.org/docs/messages/module-not-found @ http://localhost:3000/_next/static/chunks/node_modules_next_dist_1gdrd03._.js:1945
[ 1863933ms] [ERROR] ./components/checkout/CheckoutPageClient.tsx:14:1
Module not found: Can't resolve '@/components/checkout/payment-flows/VodafoneCashFlow'
  12 | ...mport { CashOnDeliveryFlow } from "@/components/checkout/payment-flows/CashOnDeliveryFl...
  13 | ...mport { PaymentFlowPlaceholder } from "@/components/checkout/payment-flows/PaymentFlowP...
> 14 | ...mport { VodafoneCashFlow } from "@/components/checkout/payment-flows/VodafoneCashFlow";
     |    ^^^^^^^^^^^^^^^^^^^^^^^^^^^^^^^^^^^^^^^^^^^^^^^^^^^^^^^^^^^^^^^^^^^^^^^^^^^^^^^^^^^^^^^^
  15 | ...mport {
  16 | ... checkoutReducer,
  17 | ... createInitialCheckoutState,

Import map: aliased to relative './components/checkout/payment-flows/VodafoneCashFlow' inside of [project]/

Import trace:
  Server Component:
    ./components/checkout/CheckoutPageClient.tsx
    ./app/checkout/page.tsx

https://nextjs.org/docs/messages/module-not-found @ http://localhost:3000/_next/static/chunks/node_modules_next_dist_1gdrd03._.js:1945
[ 1863997ms] [ERROR] ./components/checkout/CheckoutPageClient.tsx:14:1
Module not found: Can't resolve '@/components/checkout/payment-flows/VodafoneCashFlow'
  12 | ...mport { CashOnDeliveryFlow } from "@/components/checkout/payment-flows/CashOnDeliveryFl...
  13 | ...mport { PaymentFlowPlaceholder } from "@/components/checkout/payment-flows/PaymentFlowP...
> 14 | ...mport { VodafoneCashFlow } from "@/components/checkout/payment-flows/VodafoneCashFlow";
     |    ^^^^^^^^^^^^^^^^^^^^^^^^^^^^^^^^^^^^^^^^^^^^^^^^^^^^^^^^^^^^^^^^^^^^^^^^^^^^^^^^^^^^^^^^
  15 | ...mport {
  16 | ... checkoutReducer,
  17 | ... createInitialCheckoutState,

Import map: aliased to relative './components/checkout/payment-flows/VodafoneCashFlow' inside of [project]/

Import trace:
  Server Component:
    ./components/checkout/CheckoutPageClient.tsx
    ./app/checkout/page.tsx

https://nextjs.org/docs/messages/module-not-found @ http://localhost:3000/_next/static/chunks/node_modules_next_dist_1gdrd03._.js:1945
[ 1864058ms] [ERROR] ./components/checkout/CheckoutPageClient.tsx:14:1
Module not found: Can't resolve '@/components/checkout/payment-flows/VodafoneCashFlow'
  12 | ...mport { CashOnDeliveryFlow } from "@/components/checkout/payment-flows/CashOnDeliveryFl...
  13 | ...mport { PaymentFlowPlaceholder } from "@/components/checkout/payment-flows/PaymentFlowP...
> 14 | ...mport { VodafoneCashFlow } from "@/components/checkout/payment-flows/VodafoneCashFlow";
     |    ^^^^^^^^^^^^^^^^^^^^^^^^^^^^^^^^^^^^^^^^^^^^^^^^^^^^^^^^^^^^^^^^^^^^^^^^^^^^^^^^^^^^^^^^
  15 | ...mport {
  16 | ... checkoutReducer,
  17 | ... createInitialCheckoutState,

Import map: aliased to relative './components/checkout/payment-flows/VodafoneCashFlow' inside of [project]/

Import trace:
  Server Component:
    ./components/checkout/CheckoutPageClient.tsx
    ./app/checkout/page.tsx

https://nextjs.org/docs/messages/module-not-found @ http://localhost:3000/_next/static/chunks/node_modules_next_dist_1gdrd03._.js:1945
[ 1864119ms] [ERROR] ./components/checkout/CheckoutPageClient.tsx:14:1
Module not found: Can't resolve '@/components/checkout/payment-flows/VodafoneCashFlow'
  12 | ...mport { CashOnDeliveryFlow } from "@/components/checkout/payment-flows/CashOnDeliveryFl...
  13 | ...mport { PaymentFlowPlaceholder } from "@/components/checkout/payment-flows/PaymentFlowP...
> 14 | ...mport { VodafoneCashFlow } from "@/components/checkout/payment-flows/VodafoneCashFlow";
     |    ^^^^^^^^^^^^^^^^^^^^^^^^^^^^^^^^^^^^^^^^^^^^^^^^^^^^^^^^^^^^^^^^^^^^^^^^^^^^^^^^^^^^^^^^
  15 | ...mport {
  16 | ... checkoutReducer,
  17 | ... createInitialCheckoutState,

Import map: aliased to relative './components/checkout/payment-flows/VodafoneCashFlow' inside of [project]/

Import trace:
  Server Component:
    ./components/checkout/CheckoutPageClient.tsx
    ./app/checkout/page.tsx

https://nextjs.org/docs/messages/module-not-found @ http://localhost:3000/_next/static/chunks/node_modules_next_dist_1gdrd03._.js:1945
[ 1864182ms] [ERROR] ./components/checkout/CheckoutPageClient.tsx:14:1
Module not found: Can't resolve '@/components/checkout/payment-flows/VodafoneCashFlow'
  12 | ...mport { CashOnDeliveryFlow } from "@/components/checkout/payment-flows/CashOnDeliveryFl...
  13 | ...mport { PaymentFlowPlaceholder } from "@/components/checkout/payment-flows/PaymentFlowP...
> 14 | ...mport { VodafoneCashFlow } from "@/components/checkout/payment-flows/VodafoneCashFlow";
     |    ^^^^^^^^^^^^^^^^^^^^^^^^^^^^^^^^^^^^^^^^^^^^^^^^^^^^^^^^^^^^^^^^^^^^^^^^^^^^^^^^^^^^^^^^
  15 | ...mport {
  16 | ... checkoutReducer,
  17 | ... createInitialCheckoutState,

Import map: aliased to relative './components/checkout/payment-flows/VodafoneCashFlow' inside of [project]/

Import trace:
  Server Component:
    ./components/checkout/CheckoutPageClient.tsx
    ./app/checkout/page.tsx

https://nextjs.org/docs/messages/module-not-found @ http://localhost:3000/_next/static/chunks/node_modules_next_dist_1gdrd03._.js:1945
[ 1864245ms] [ERROR] ./components/checkout/CheckoutPageClient.tsx:14:1
Module not found: Can't resolve '@/components/checkout/payment-flows/VodafoneCashFlow'
  12 | ...mport { CashOnDeliveryFlow } from "@/components/checkout/payment-flows/CashOnDeliveryFl...
  13 | ...mport { PaymentFlowPlaceholder } from "@/components/checkout/payment-flows/PaymentFlowP...
> 14 | ...mport { VodafoneCashFlow } from "@/components/checkout/payment-flows/VodafoneCashFlow";
     |    ^^^^^^^^^^^^^^^^^^^^^^^^^^^^^^^^^^^^^^^^^^^^^^^^^^^^^^^^^^^^^^^^^^^^^^^^^^^^^^^^^^^^^^^^
  15 | ...mport {
  16 | ... checkoutReducer,
  17 | ... createInitialCheckoutState,

Import map: aliased to relative './components/checkout/payment-flows/VodafoneCashFlow' inside of [project]/

Import trace:
  Server Component:
    ./components/checkout/CheckoutPageClient.tsx
    ./app/checkout/page.tsx

https://nextjs.org/docs/messages/module-not-found @ http://localhost:3000/_next/static/chunks/node_modules_next_dist_1gdrd03._.js:1945
[ 1864308ms] [ERROR] ./components/checkout/CheckoutPageClient.tsx:14:1
Module not found: Can't resolve '@/components/checkout/payment-flows/VodafoneCashFlow'
  12 | ...mport { CashOnDeliveryFlow } from "@/components/checkout/payment-flows/CashOnDeliveryFl...
  13 | ...mport { PaymentFlowPlaceholder } from "@/components/checkout/payment-flows/PaymentFlowP...
> 14 | ...mport { VodafoneCashFlow } from "@/components/checkout/payment-flows/VodafoneCashFlow";
     |    ^^^^^^^^^^^^^^^^^^^^^^^^^^^^^^^^^^^^^^^^^^^^^^^^^^^^^^^^^^^^^^^^^^^^^^^^^^^^^^^^^^^^^^^^
  15 | ...mport {
  16 | ... checkoutReducer,
  17 | ... createInitialCheckoutState,

Import map: aliased to relative './components/checkout/payment-flows/VodafoneCashFlow' inside of [project]/

Import trace:
  Server Component:
    ./components/checkout/CheckoutPageClient.tsx
    ./app/checkout/page.tsx

https://nextjs.org/docs/messages/module-not-found @ http://localhost:3000/_next/static/chunks/node_modules_next_dist_1gdrd03._.js:1945
[ 1864371ms] [ERROR] ./components/checkout/CheckoutPageClient.tsx:14:1
Module not found: Can't resolve '@/components/checkout/payment-flows/VodafoneCashFlow'
  12 | ...mport { CashOnDeliveryFlow } from "@/components/checkout/payment-flows/CashOnDeliveryFl...
  13 | ...mport { PaymentFlowPlaceholder } from "@/components/checkout/payment-flows/PaymentFlowP...
> 14 | ...mport { VodafoneCashFlow } from "@/components/checkout/payment-flows/VodafoneCashFlow";
     |    ^^^^^^^^^^^^^^^^^^^^^^^^^^^^^^^^^^^^^^^^^^^^^^^^^^^^^^^^^^^^^^^^^^^^^^^^^^^^^^^^^^^^^^^^
  15 | ...mport {
  16 | ... checkoutReducer,
  17 | ... createInitialCheckoutState,

Import map: aliased to relative './components/checkout/payment-flows/VodafoneCashFlow' inside of [project]/

Import trace:
  Server Component:
    ./components/checkout/CheckoutPageClient.tsx
    ./app/checkout/page.tsx

https://nextjs.org/docs/messages/module-not-found @ http://localhost:3000/_next/static/chunks/node_modules_next_dist_1gdrd03._.js:1945
[ 1864433ms] [ERROR] ./components/checkout/CheckoutPageClient.tsx:14:1
Module not found: Can't resolve '@/components/checkout/payment-flows/VodafoneCashFlow'
  12 | ...mport { CashOnDeliveryFlow } from "@/components/checkout/payment-flows/CashOnDeliveryFl...
  13 | ...mport { PaymentFlowPlaceholder } from "@/components/checkout/payment-flows/PaymentFlowP...
> 14 | ...mport { VodafoneCashFlow } from "@/components/checkout/payment-flows/VodafoneCashFlow";
     |    ^^^^^^^^^^^^^^^^^^^^^^^^^^^^^^^^^^^^^^^^^^^^^^^^^^^^^^^^^^^^^^^^^^^^^^^^^^^^^^^^^^^^^^^^
  15 | ...mport {
  16 | ... checkoutReducer,
  17 | ... createInitialCheckoutState,

Import map: aliased to relative './components/checkout/payment-flows/VodafoneCashFlow' inside of [project]/

Import trace:
  Server Component:
    ./components/checkout/CheckoutPageClient.tsx
    ./app/checkout/page.tsx

https://nextjs.org/docs/messages/module-not-found @ http://localhost:3000/_next/static/chunks/node_modules_next_dist_1gdrd03._.js:1945
[ 1864496ms] [ERROR] ./components/checkout/CheckoutPageClient.tsx:14:1
Module not found: Can't resolve '@/components/checkout/payment-flows/VodafoneCashFlow'
  12 | ...mport { CashOnDeliveryFlow } from "@/components/checkout/payment-flows/CashOnDeliveryFl...
  13 | ...mport { PaymentFlowPlaceholder } from "@/components/checkout/payment-flows/PaymentFlowP...
> 14 | ...mport { VodafoneCashFlow } from "@/components/checkout/payment-flows/VodafoneCashFlow";
     |    ^^^^^^^^^^^^^^^^^^^^^^^^^^^^^^^^^^^^^^^^^^^^^^^^^^^^^^^^^^^^^^^^^^^^^^^^^^^^^^^^^^^^^^^^
  15 | ...mport {
  16 | ... checkoutReducer,
  17 | ... createInitialCheckoutState,

Import map: aliased to relative './components/checkout/payment-flows/VodafoneCashFlow' inside of [project]/

Import trace:
  Server Component:
    ./components/checkout/CheckoutPageClient.tsx
    ./app/checkout/page.tsx

https://nextjs.org/docs/messages/module-not-found @ http://localhost:3000/_next/static/chunks/node_modules_next_dist_1gdrd03._.js:1945
[ 1864558ms] [ERROR] ./components/checkout/CheckoutPageClient.tsx:14:1
Module not found: Can't resolve '@/components/checkout/payment-flows/VodafoneCashFlow'
  12 | ...mport { CashOnDeliveryFlow } from "@/components/checkout/payment-flows/CashOnDeliveryFl...
  13 | ...mport { PaymentFlowPlaceholder } from "@/components/checkout/payment-flows/PaymentFlowP...
> 14 | ...mport { VodafoneCashFlow } from "@/components/checkout/payment-flows/VodafoneCashFlow";
     |    ^^^^^^^^^^^^^^^^^^^^^^^^^^^^^^^^^^^^^^^^^^^^^^^^^^^^^^^^^^^^^^^^^^^^^^^^^^^^^^^^^^^^^^^^
  15 | ...mport {
  16 | ... checkoutReducer,
  17 | ... createInitialCheckoutState,

Import map: aliased to relative './components/checkout/payment-flows/VodafoneCashFlow' inside of [project]/

Import trace:
  Server Component:
    ./components/checkout/CheckoutPageClient.tsx
    ./app/checkout/page.tsx

https://nextjs.org/docs/messages/module-not-found @ http://localhost:3000/_next/static/chunks/node_modules_next_dist_1gdrd03._.js:1945
[ 1864622ms] [ERROR] ./components/checkout/CheckoutPageClient.tsx:14:1
Module not found: Can't resolve '@/components/checkout/payment-flows/VodafoneCashFlow'
  12 | ...mport { CashOnDeliveryFlow } from "@/components/checkout/payment-flows/CashOnDeliveryFl...
  13 | ...mport { PaymentFlowPlaceholder } from "@/components/checkout/payment-flows/PaymentFlowP...
> 14 | ...mport { VodafoneCashFlow } from "@/components/checkout/payment-flows/VodafoneCashFlow";
     |    ^^^^^^^^^^^^^^^^^^^^^^^^^^^^^^^^^^^^^^^^^^^^^^^^^^^^^^^^^^^^^^^^^^^^^^^^^^^^^^^^^^^^^^^^
  15 | ...mport {
  16 | ... checkoutReducer,
  17 | ... createInitialCheckoutState,

Import map: aliased to relative './components/checkout/payment-flows/VodafoneCashFlow' inside of [project]/

Import trace:
  Server Component:
    ./components/checkout/CheckoutPageClient.tsx
    ./app/checkout/page.tsx

https://nextjs.org/docs/messages/module-not-found @ http://localhost:3000/_next/static/chunks/node_modules_next_dist_1gdrd03._.js:1945
[ 1864683ms] [ERROR] ./components/checkout/CheckoutPageClient.tsx:14:1
Module not found: Can't resolve '@/components/checkout/payment-flows/VodafoneCashFlow'
  12 | ...mport { CashOnDeliveryFlow } from "@/components/checkout/payment-flows/CashOnDeliveryFl...
  13 | ...mport { PaymentFlowPlaceholder } from "@/components/checkout/payment-flows/PaymentFlowP...
> 14 | ...mport { VodafoneCashFlow } from "@/components/checkout/payment-flows/VodafoneCashFlow";
     |    ^^^^^^^^^^^^^^^^^^^^^^^^^^^^^^^^^^^^^^^^^^^^^^^^^^^^^^^^^^^^^^^^^^^^^^^^^^^^^^^^^^^^^^^^
  15 | ...mport {
  16 | ... checkoutReducer,
  17 | ... createInitialCheckoutState,

Import map: aliased to relative './components/checkout/payment-flows/VodafoneCashFlow' inside of [project]/

Import trace:
  Server Component:
    ./components/checkout/CheckoutPageClient.tsx
    ./app/checkout/page.tsx

https://nextjs.org/docs/messages/module-not-found @ http://localhost:3000/_next/static/chunks/node_modules_next_dist_1gdrd03._.js:1945
[ 1864746ms] [ERROR] ./components/checkout/CheckoutPageClient.tsx:14:1
Module not found: Can't resolve '@/components/checkout/payment-flows/VodafoneCashFlow'
  12 | ...mport { CashOnDeliveryFlow } from "@/components/checkout/payment-flows/CashOnDeliveryFl...
  13 | ...mport { PaymentFlowPlaceholder } from "@/components/checkout/payment-flows/PaymentFlowP...
> 14 | ...mport { VodafoneCashFlow } from "@/components/checkout/payment-flows/VodafoneCashFlow";
     |    ^^^^^^^^^^^^^^^^^^^^^^^^^^^^^^^^^^^^^^^^^^^^^^^^^^^^^^^^^^^^^^^^^^^^^^^^^^^^^^^^^^^^^^^^
  15 | ...mport {
  16 | ... checkoutReducer,
  17 | ... createInitialCheckoutState,

Import map: aliased to relative './components/checkout/payment-flows/VodafoneCashFlow' inside of [project]/

Import trace:
  Server Component:
    ./components/checkout/CheckoutPageClient.tsx
    ./app/checkout/page.tsx

https://nextjs.org/docs/messages/module-not-found @ http://localhost:3000/_next/static/chunks/node_modules_next_dist_1gdrd03._.js:1945
[ 1864809ms] [ERROR] ./components/checkout/CheckoutPageClient.tsx:14:1
Module not found: Can't resolve '@/components/checkout/payment-flows/VodafoneCashFlow'
  12 | ...mport { CashOnDeliveryFlow } from "@/components/checkout/payment-flows/CashOnDeliveryFl...
  13 | ...mport { PaymentFlowPlaceholder } from "@/components/checkout/payment-flows/PaymentFlowP...
> 14 | ...mport { VodafoneCashFlow } from "@/components/checkout/payment-flows/VodafoneCashFlow";
     |    ^^^^^^^^^^^^^^^^^^^^^^^^^^^^^^^^^^^^^^^^^^^^^^^^^^^^^^^^^^^^^^^^^^^^^^^^^^^^^^^^^^^^^^^^
  15 | ...mport {
  16 | ... checkoutReducer,
  17 | ... createInitialCheckoutState,

Import map: aliased to relative './components/checkout/payment-flows/VodafoneCashFlow' inside of [project]/

Import trace:
  Server Component:
    ./components/checkout/CheckoutPageClient.tsx
    ./app/checkout/page.tsx

https://nextjs.org/docs/messages/module-not-found @ http://localhost:3000/_next/static/chunks/node_modules_next_dist_1gdrd03._.js:1945
[ 1864871ms] [ERROR] ./components/checkout/CheckoutPageClient.tsx:14:1
Module not found: Can't resolve '@/components/checkout/payment-flows/VodafoneCashFlow'
  12 | ...mport { CashOnDeliveryFlow } from "@/components/checkout/payment-flows/CashOnDeliveryFl...
  13 | ...mport { PaymentFlowPlaceholder } from "@/components/checkout/payment-flows/PaymentFlowP...
> 14 | ...mport { VodafoneCashFlow } from "@/components/checkout/payment-flows/VodafoneCashFlow";
     |    ^^^^^^^^^^^^^^^^^^^^^^^^^^^^^^^^^^^^^^^^^^^^^^^^^^^^^^^^^^^^^^^^^^^^^^^^^^^^^^^^^^^^^^^^
  15 | ...mport {
  16 | ... checkoutReducer,
  17 | ... createInitialCheckoutState,

Import map: aliased to relative './components/checkout/payment-flows/VodafoneCashFlow' inside of [project]/

Import trace:
  Server Component:
    ./components/checkout/CheckoutPageClient.tsx
    ./app/checkout/page.tsx

https://nextjs.org/docs/messages/module-not-found @ http://localhost:3000/_next/static/chunks/node_modules_next_dist_1gdrd03._.js:1945
[ 1864934ms] [ERROR] ./components/checkout/CheckoutPageClient.tsx:14:1
Module not found: Can't resolve '@/components/checkout/payment-flows/VodafoneCashFlow'
  12 | ...mport { CashOnDeliveryFlow } from "@/components/checkout/payment-flows/CashOnDeliveryFl...
  13 | ...mport { PaymentFlowPlaceholder } from "@/components/checkout/payment-flows/PaymentFlowP...
> 14 | ...mport { VodafoneCashFlow } from "@/components/checkout/payment-flows/VodafoneCashFlow";
     |    ^^^^^^^^^^^^^^^^^^^^^^^^^^^^^^^^^^^^^^^^^^^^^^^^^^^^^^^^^^^^^^^^^^^^^^^^^^^^^^^^^^^^^^^^
  15 | ...mport {
  16 | ... checkoutReducer,
  17 | ... createInitialCheckoutState,

Import map: aliased to relative './components/checkout/payment-flows/VodafoneCashFlow' inside of [project]/

Import trace:
  Server Component:
    ./components/checkout/CheckoutPageClient.tsx
    ./app/checkout/page.tsx

https://nextjs.org/docs/messages/module-not-found @ http://localhost:3000/_next/static/chunks/node_modules_next_dist_1gdrd03._.js:1945
[ 1864998ms] [ERROR] ./components/checkout/CheckoutPageClient.tsx:14:1
Module not found: Can't resolve '@/components/checkout/payment-flows/VodafoneCashFlow'
  12 | ...mport { CashOnDeliveryFlow } from "@/components/checkout/payment-flows/CashOnDeliveryFl...
  13 | ...mport { PaymentFlowPlaceholder } from "@/components/checkout/payment-flows/PaymentFlowP...
> 14 | ...mport { VodafoneCashFlow } from "@/components/checkout/payment-flows/VodafoneCashFlow";
     |    ^^^^^^^^^^^^^^^^^^^^^^^^^^^^^^^^^^^^^^^^^^^^^^^^^^^^^^^^^^^^^^^^^^^^^^^^^^^^^^^^^^^^^^^^
  15 | ...mport {
  16 | ... checkoutReducer,
  17 | ... createInitialCheckoutState,

Import map: aliased to relative './components/checkout/payment-flows/VodafoneCashFlow' inside of [project]/

Import trace:
  Server Component:
    ./components/checkout/CheckoutPageClient.tsx
    ./app/checkout/page.tsx

https://nextjs.org/docs/messages/module-not-found @ http://localhost:3000/_next/static/chunks/node_modules_next_dist_1gdrd03._.js:1945
[ 1865059ms] [ERROR] ./components/checkout/CheckoutPageClient.tsx:14:1
Module not found: Can't resolve '@/components/checkout/payment-flows/VodafoneCashFlow'
  12 | ...mport { CashOnDeliveryFlow } from "@/components/checkout/payment-flows/CashOnDeliveryFl...
  13 | ...mport { PaymentFlowPlaceholder } from "@/components/checkout/payment-flows/PaymentFlowP...
> 14 | ...mport { VodafoneCashFlow } from "@/components/checkout/payment-flows/VodafoneCashFlow";
     |    ^^^^^^^^^^^^^^^^^^^^^^^^^^^^^^^^^^^^^^^^^^^^^^^^^^^^^^^^^^^^^^^^^^^^^^^^^^^^^^^^^^^^^^^^
  15 | ...mport {
  16 | ... checkoutReducer,
  17 | ... createInitialCheckoutState,

Import map: aliased to relative './components/checkout/payment-flows/VodafoneCashFlow' inside of [project]/

Import trace:
  Server Component:
    ./components/checkout/CheckoutPageClient.tsx
    ./app/checkout/page.tsx

https://nextjs.org/docs/messages/module-not-found @ http://localhost:3000/_next/static/chunks/node_modules_next_dist_1gdrd03._.js:1945
[ 1865122ms] [ERROR] ./components/checkout/CheckoutPageClient.tsx:14:1
Module not found: Can't resolve '@/components/checkout/payment-flows/VodafoneCashFlow'
  12 | ...mport { CashOnDeliveryFlow } from "@/components/checkout/payment-flows/CashOnDeliveryFl...
  13 | ...mport { PaymentFlowPlaceholder } from "@/components/checkout/payment-flows/PaymentFlowP...
> 14 | ...mport { VodafoneCashFlow } from "@/components/checkout/payment-flows/VodafoneCashFlow";
     |    ^^^^^^^^^^^^^^^^^^^^^^^^^^^^^^^^^^^^^^^^^^^^^^^^^^^^^^^^^^^^^^^^^^^^^^^^^^^^^^^^^^^^^^^^
  15 | ...mport {
  16 | ... checkoutReducer,
  17 | ... createInitialCheckoutState,

Import map: aliased to relative './components/checkout/payment-flows/VodafoneCashFlow' inside of [project]/

Import trace:
  Server Component:
    ./components/checkout/CheckoutPageClient.tsx
    ./app/checkout/page.tsx

https://nextjs.org/docs/messages/module-not-found @ http://localhost:3000/_next/static/chunks/node_modules_next_dist_1gdrd03._.js:1945
[ 1865185ms] [ERROR] ./components/checkout/CheckoutPageClient.tsx:14:1
Module not found: Can't resolve '@/components/checkout/payment-flows/VodafoneCashFlow'
  12 | ...mport { CashOnDeliveryFlow } from "@/components/checkout/payment-flows/CashOnDeliveryFl...
  13 | ...mport { PaymentFlowPlaceholder } from "@/components/checkout/payment-flows/PaymentFlowP...
> 14 | ...mport { VodafoneCashFlow } from "@/components/checkout/payment-flows/VodafoneCashFlow";
     |    ^^^^^^^^^^^^^^^^^^^^^^^^^^^^^^^^^^^^^^^^^^^^^^^^^^^^^^^^^^^^^^^^^^^^^^^^^^^^^^^^^^^^^^^^
  15 | ...mport {
  16 | ... checkoutReducer,
  17 | ... createInitialCheckoutState,

Import map: aliased to relative './components/checkout/payment-flows/VodafoneCashFlow' inside of [project]/

Import trace:
  Server Component:
    ./components/checkout/CheckoutPageClient.tsx
    ./app/checkout/page.tsx

https://nextjs.org/docs/messages/module-not-found @ http://localhost:3000/_next/static/chunks/node_modules_next_dist_1gdrd03._.js:1945
[ 1865247ms] [ERROR] ./components/checkout/CheckoutPageClient.tsx:14:1
Module not found: Can't resolve '@/components/checkout/payment-flows/VodafoneCashFlow'
  12 | ...mport { CashOnDeliveryFlow } from "@/components/checkout/payment-flows/CashOnDeliveryFl...
  13 | ...mport { PaymentFlowPlaceholder } from "@/components/checkout/payment-flows/PaymentFlowP...
> 14 | ...mport { VodafoneCashFlow } from "@/components/checkout/payment-flows/VodafoneCashFlow";
     |    ^^^^^^^^^^^^^^^^^^^^^^^^^^^^^^^^^^^^^^^^^^^^^^^^^^^^^^^^^^^^^^^^^^^^^^^^^^^^^^^^^^^^^^^^
  15 | ...mport {
  16 | ... checkoutReducer,
  17 | ... createInitialCheckoutState,

Import map: aliased to relative './components/checkout/payment-flows/VodafoneCashFlow' inside of [project]/

Import trace:
  Server Component:
    ./components/checkout/CheckoutPageClient.tsx
    ./app/checkout/page.tsx

https://nextjs.org/docs/messages/module-not-found @ http://localhost:3000/_next/static/chunks/node_modules_next_dist_1gdrd03._.js:1945
[ 1865310ms] [ERROR] ./components/checkout/CheckoutPageClient.tsx:14:1
Module not found: Can't resolve '@/components/checkout/payment-flows/VodafoneCashFlow'
  12 | ...mport { CashOnDeliveryFlow } from "@/components/checkout/payment-flows/CashOnDeliveryFl...
  13 | ...mport { PaymentFlowPlaceholder } from "@/components/checkout/payment-flows/PaymentFlowP...
> 14 | ...mport { VodafoneCashFlow } from "@/components/checkout/payment-flows/VodafoneCashFlow";
     |    ^^^^^^^^^^^^^^^^^^^^^^^^^^^^^^^^^^^^^^^^^^^^^^^^^^^^^^^^^^^^^^^^^^^^^^^^^^^^^^^^^^^^^^^^
  15 | ...mport {
  16 | ... checkoutReducer,
  17 | ... createInitialCheckoutState,

Import map: aliased to relative './components/checkout/payment-flows/VodafoneCashFlow' inside of [project]/

Import trace:
  Server Component:
    ./components/checkout/CheckoutPageClient.tsx
    ./app/checkout/page.tsx

https://nextjs.org/docs/messages/module-not-found @ http://localhost:3000/_next/static/chunks/node_modules_next_dist_1gdrd03._.js:1945
[ 1865372ms] [ERROR] ./components/checkout/CheckoutPageClient.tsx:14:1
Module not found: Can't resolve '@/components/checkout/payment-flows/VodafoneCashFlow'
  12 | ...mport { CashOnDeliveryFlow } from "@/components/checkout/payment-flows/CashOnDeliveryFl...
  13 | ...mport { PaymentFlowPlaceholder } from "@/components/checkout/payment-flows/PaymentFlowP...
> 14 | ...mport { VodafoneCashFlow } from "@/components/checkout/payment-flows/VodafoneCashFlow";
     |    ^^^^^^^^^^^^^^^^^^^^^^^^^^^^^^^^^^^^^^^^^^^^^^^^^^^^^^^^^^^^^^^^^^^^^^^^^^^^^^^^^^^^^^^^
  15 | ...mport {
  16 | ... checkoutReducer,
  17 | ... createInitialCheckoutState,

Import map: aliased to relative './components/checkout/payment-flows/VodafoneCashFlow' inside of [project]/

Import trace:
  Server Component:
    ./components/checkout/CheckoutPageClient.tsx
    ./app/checkout/page.tsx

https://nextjs.org/docs/messages/module-not-found @ http://localhost:3000/_next/static/chunks/node_modules_next_dist_1gdrd03._.js:1945
[ 1865432ms] [ERROR] ./components/checkout/CheckoutPageClient.tsx:14:1
Module not found: Can't resolve '@/components/checkout/payment-flows/VodafoneCashFlow'
  12 | ...mport { CashOnDeliveryFlow } from "@/components/checkout/payment-flows/CashOnDeliveryFl...
  13 | ...mport { PaymentFlowPlaceholder } from "@/components/checkout/payment-flows/PaymentFlowP...
> 14 | ...mport { VodafoneCashFlow } from "@/components/checkout/payment-flows/VodafoneCashFlow";
     |    ^^^^^^^^^^^^^^^^^^^^^^^^^^^^^^^^^^^^^^^^^^^^^^^^^^^^^^^^^^^^^^^^^^^^^^^^^^^^^^^^^^^^^^^^
  15 | ...mport {
  16 | ... checkoutReducer,
  17 | ... createInitialCheckoutState,

Import map: aliased to relative './components/checkout/payment-flows/VodafoneCashFlow' inside of [project]/

Import trace:
  Server Component:
    ./components/checkout/CheckoutPageClient.tsx
    ./app/checkout/page.tsx

https://nextjs.org/docs/messages/module-not-found @ http://localhost:3000/_next/static/chunks/node_modules_next_dist_1gdrd03._.js:1945
[ 1865495ms] [ERROR] ./components/checkout/CheckoutPageClient.tsx:14:1
Module not found: Can't resolve '@/components/checkout/payment-flows/VodafoneCashFlow'
  12 | ...mport { CashOnDeliveryFlow } from "@/components/checkout/payment-flows/CashOnDeliveryFl...
  13 | ...mport { PaymentFlowPlaceholder } from "@/components/checkout/payment-flows/PaymentFlowP...
> 14 | ...mport { VodafoneCashFlow } from "@/components/checkout/payment-flows/VodafoneCashFlow";
     |    ^^^^^^^^^^^^^^^^^^^^^^^^^^^^^^^^^^^^^^^^^^^^^^^^^^^^^^^^^^^^^^^^^^^^^^^^^^^^^^^^^^^^^^^^
  15 | ...mport {
  16 | ... checkoutReducer,
  17 | ... createInitialCheckoutState,

Import map: aliased to relative './components/checkout/payment-flows/VodafoneCashFlow' inside of [project]/

Import trace:
  Server Component:
    ./components/checkout/CheckoutPageClient.tsx
    ./app/checkout/page.tsx

https://nextjs.org/docs/messages/module-not-found @ http://localhost:3000/_next/static/chunks/node_modules_next_dist_1gdrd03._.js:1945
[ 1865559ms] [ERROR] ./components/checkout/CheckoutPageClient.tsx:14:1
Module not found: Can't resolve '@/components/checkout/payment-flows/VodafoneCashFlow'
  12 | ...mport { CashOnDeliveryFlow } from "@/components/checkout/payment-flows/CashOnDeliveryFl...
  13 | ...mport { PaymentFlowPlaceholder } from "@/components/checkout/payment-flows/PaymentFlowP...
> 14 | ...mport { VodafoneCashFlow } from "@/components/checkout/payment-flows/VodafoneCashFlow";
     |    ^^^^^^^^^^^^^^^^^^^^^^^^^^^^^^^^^^^^^^^^^^^^^^^^^^^^^^^^^^^^^^^^^^^^^^^^^^^^^^^^^^^^^^^^
  15 | ...mport {
  16 | ... checkoutReducer,
  17 | ... createInitialCheckoutState,

Import map: aliased to relative './components/checkout/payment-flows/VodafoneCashFlow' inside of [project]/

Import trace:
  Server Component:
    ./components/checkout/CheckoutPageClient.tsx
    ./app/checkout/page.tsx

https://nextjs.org/docs/messages/module-not-found @ http://localhost:3000/_next/static/chunks/node_modules_next_dist_1gdrd03._.js:1945
[ 1865622ms] [ERROR] ./components/checkout/CheckoutPageClient.tsx:14:1
Module not found: Can't resolve '@/components/checkout/payment-flows/VodafoneCashFlow'
  12 | ...mport { CashOnDeliveryFlow } from "@/components/checkout/payment-flows/CashOnDeliveryFl...
  13 | ...mport { PaymentFlowPlaceholder } from "@/components/checkout/payment-flows/PaymentFlowP...
> 14 | ...mport { VodafoneCashFlow } from "@/components/checkout/payment-flows/VodafoneCashFlow";
     |    ^^^^^^^^^^^^^^^^^^^^^^^^^^^^^^^^^^^^^^^^^^^^^^^^^^^^^^^^^^^^^^^^^^^^^^^^^^^^^^^^^^^^^^^^
  15 | ...mport {
  16 | ... checkoutReducer,
  17 | ... createInitialCheckoutState,

Import map: aliased to relative './components/checkout/payment-flows/VodafoneCashFlow' inside of [project]/

Import trace:
  Server Component:
    ./components/checkout/CheckoutPageClient.tsx
    ./app/checkout/page.tsx

https://nextjs.org/docs/messages/module-not-found @ http://localhost:3000/_next/static/chunks/node_modules_next_dist_1gdrd03._.js:1945
[ 1865686ms] [ERROR] ./components/checkout/CheckoutPageClient.tsx:14:1
Module not found: Can't resolve '@/components/checkout/payment-flows/VodafoneCashFlow'
  12 | ...mport { CashOnDeliveryFlow } from "@/components/checkout/payment-flows/CashOnDeliveryFl...
  13 | ...mport { PaymentFlowPlaceholder } from "@/components/checkout/payment-flows/PaymentFlowP...
> 14 | ...mport { VodafoneCashFlow } from "@/components/checkout/payment-flows/VodafoneCashFlow";
     |    ^^^^^^^^^^^^^^^^^^^^^^^^^^^^^^^^^^^^^^^^^^^^^^^^^^^^^^^^^^^^^^^^^^^^^^^^^^^^^^^^^^^^^^^^
  15 | ...mport {
  16 | ... checkoutReducer,
  17 | ... createInitialCheckoutState,

Import map: aliased to relative './components/checkout/payment-flows/VodafoneCashFlow' inside of [project]/

Import trace:
  Server Component:
    ./components/checkout/CheckoutPageClient.tsx
    ./app/checkout/page.tsx

https://nextjs.org/docs/messages/module-not-found @ http://localhost:3000/_next/static/chunks/node_modules_next_dist_1gdrd03._.js:1945
[ 1865748ms] [ERROR] ./components/checkout/CheckoutPageClient.tsx:14:1
Module not found: Can't resolve '@/components/checkout/payment-flows/VodafoneCashFlow'
  12 | ...mport { CashOnDeliveryFlow } from "@/components/checkout/payment-flows/CashOnDeliveryFl...
  13 | ...mport { PaymentFlowPlaceholder } from "@/components/checkout/payment-flows/PaymentFlowP...
> 14 | ...mport { VodafoneCashFlow } from "@/components/checkout/payment-flows/VodafoneCashFlow";
     |    ^^^^^^^^^^^^^^^^^^^^^^^^^^^^^^^^^^^^^^^^^^^^^^^^^^^^^^^^^^^^^^^^^^^^^^^^^^^^^^^^^^^^^^^^
  15 | ...mport {
  16 | ... checkoutReducer,
  17 | ... createInitialCheckoutState,

Import map: aliased to relative './components/checkout/payment-flows/VodafoneCashFlow' inside of [project]/

Import trace:
  Server Component:
    ./components/checkout/CheckoutPageClient.tsx
    ./app/checkout/page.tsx

https://nextjs.org/docs/messages/module-not-found @ http://localhost:3000/_next/static/chunks/node_modules_next_dist_1gdrd03._.js:1945
[ 1865810ms] [ERROR] ./components/checkout/CheckoutPageClient.tsx:14:1
Module not found: Can't resolve '@/components/checkout/payment-flows/VodafoneCashFlow'
  12 | ...mport { CashOnDeliveryFlow } from "@/components/checkout/payment-flows/CashOnDeliveryFl...
  13 | ...mport { PaymentFlowPlaceholder } from "@/components/checkout/payment-flows/PaymentFlowP...
> 14 | ...mport { VodafoneCashFlow } from "@/components/checkout/payment-flows/VodafoneCashFlow";
     |    ^^^^^^^^^^^^^^^^^^^^^^^^^^^^^^^^^^^^^^^^^^^^^^^^^^^^^^^^^^^^^^^^^^^^^^^^^^^^^^^^^^^^^^^^
  15 | ...mport {
  16 | ... checkoutReducer,
  17 | ... createInitialCheckoutState,

Import map: aliased to relative './components/checkout/payment-flows/VodafoneCashFlow' inside of [project]/

Import trace:
  Server Component:
    ./components/checkout/CheckoutPageClient.tsx
    ./app/checkout/page.tsx

https://nextjs.org/docs/messages/module-not-found @ http://localhost:3000/_next/static/chunks/node_modules_next_dist_1gdrd03._.js:1945
[ 1865873ms] [ERROR] ./components/checkout/CheckoutPageClient.tsx:14:1
Module not found: Can't resolve '@/components/checkout/payment-flows/VodafoneCashFlow'
  12 | ...mport { CashOnDeliveryFlow } from "@/components/checkout/payment-flows/CashOnDeliveryFl...
  13 | ...mport { PaymentFlowPlaceholder } from "@/components/checkout/payment-flows/PaymentFlowP...
> 14 | ...mport { VodafoneCashFlow } from "@/components/checkout/payment-flows/VodafoneCashFlow";
     |    ^^^^^^^^^^^^^^^^^^^^^^^^^^^^^^^^^^^^^^^^^^^^^^^^^^^^^^^^^^^^^^^^^^^^^^^^^^^^^^^^^^^^^^^^
  15 | ...mport {
  16 | ... checkoutReducer,
  17 | ... createInitialCheckoutState,

Import map: aliased to relative './components/checkout/payment-flows/VodafoneCashFlow' inside of [project]/

Import trace:
  Server Component:
    ./components/checkout/CheckoutPageClient.tsx
    ./app/checkout/page.tsx

https://nextjs.org/docs/messages/module-not-found @ http://localhost:3000/_next/static/chunks/node_modules_next_dist_1gdrd03._.js:1945
[ 1865935ms] [ERROR] ./components/checkout/CheckoutPageClient.tsx:14:1
Module not found: Can't resolve '@/components/checkout/payment-flows/VodafoneCashFlow'
  12 | ...mport { CashOnDeliveryFlow } from "@/components/checkout/payment-flows/CashOnDeliveryFl...
  13 | ...mport { PaymentFlowPlaceholder } from "@/components/checkout/payment-flows/PaymentFlowP...
> 14 | ...mport { VodafoneCashFlow } from "@/components/checkout/payment-flows/VodafoneCashFlow";
     |    ^^^^^^^^^^^^^^^^^^^^^^^^^^^^^^^^^^^^^^^^^^^^^^^^^^^^^^^^^^^^^^^^^^^^^^^^^^^^^^^^^^^^^^^^
  15 | ...mport {
  16 | ... checkoutReducer,
  17 | ... createInitialCheckoutState,

Import map: aliased to relative './components/checkout/payment-flows/VodafoneCashFlow' inside of [project]/

Import trace:
  Server Component:
    ./components/checkout/CheckoutPageClient.tsx
    ./app/checkout/page.tsx

https://nextjs.org/docs/messages/module-not-found @ http://localhost:3000/_next/static/chunks/node_modules_next_dist_1gdrd03._.js:1945
[ 1865998ms] [ERROR] ./components/checkout/CheckoutPageClient.tsx:14:1
Module not found: Can't resolve '@/components/checkout/payment-flows/VodafoneCashFlow'
  12 | ...mport { CashOnDeliveryFlow } from "@/components/checkout/payment-flows/CashOnDeliveryFl...
  13 | ...mport { PaymentFlowPlaceholder } from "@/components/checkout/payment-flows/PaymentFlowP...
> 14 | ...mport { VodafoneCashFlow } from "@/components/checkout/payment-flows/VodafoneCashFlow";
     |    ^^^^^^^^^^^^^^^^^^^^^^^^^^^^^^^^^^^^^^^^^^^^^^^^^^^^^^^^^^^^^^^^^^^^^^^^^^^^^^^^^^^^^^^^
  15 | ...mport {
  16 | ... checkoutReducer,
  17 | ... createInitialCheckoutState,

Import map: aliased to relative './components/checkout/payment-flows/VodafoneCashFlow' inside of [project]/

Import trace:
  Server Component:
    ./components/checkout/CheckoutPageClient.tsx
    ./app/checkout/page.tsx

https://nextjs.org/docs/messages/module-not-found @ http://localhost:3000/_next/static/chunks/node_modules_next_dist_1gdrd03._.js:1945
[ 1866061ms] [ERROR] ./components/checkout/CheckoutPageClient.tsx:14:1
Module not found: Can't resolve '@/components/checkout/payment-flows/VodafoneCashFlow'
  12 | ...mport { CashOnDeliveryFlow } from "@/components/checkout/payment-flows/CashOnDeliveryFl...
  13 | ...mport { PaymentFlowPlaceholder } from "@/components/checkout/payment-flows/PaymentFlowP...
> 14 | ...mport { VodafoneCashFlow } from "@/components/checkout/payment-flows/VodafoneCashFlow";
     |    ^^^^^^^^^^^^^^^^^^^^^^^^^^^^^^^^^^^^^^^^^^^^^^^^^^^^^^^^^^^^^^^^^^^^^^^^^^^^^^^^^^^^^^^^
  15 | ...mport {
  16 | ... checkoutReducer,
  17 | ... createInitialCheckoutState,

Import map: aliased to relative './components/checkout/payment-flows/VodafoneCashFlow' inside of [project]/

Import trace:
  Server Component:
    ./components/checkout/CheckoutPageClient.tsx
    ./app/checkout/page.tsx

https://nextjs.org/docs/messages/module-not-found @ http://localhost:3000/_next/static/chunks/node_modules_next_dist_1gdrd03._.js:1945
[ 1866123ms] [ERROR] ./components/checkout/CheckoutPageClient.tsx:14:1
Module not found: Can't resolve '@/components/checkout/payment-flows/VodafoneCashFlow'
  12 | ...mport { CashOnDeliveryFlow } from "@/components/checkout/payment-flows/CashOnDeliveryFl...
  13 | ...mport { PaymentFlowPlaceholder } from "@/components/checkout/payment-flows/PaymentFlowP...
> 14 | ...mport { VodafoneCashFlow } from "@/components/checkout/payment-flows/VodafoneCashFlow";
     |    ^^^^^^^^^^^^^^^^^^^^^^^^^^^^^^^^^^^^^^^^^^^^^^^^^^^^^^^^^^^^^^^^^^^^^^^^^^^^^^^^^^^^^^^^
  15 | ...mport {
  16 | ... checkoutReducer,
  17 | ... createInitialCheckoutState,

Import map: aliased to relative './components/checkout/payment-flows/VodafoneCashFlow' inside of [project]/

Import trace:
  Server Component:
    ./components/checkout/CheckoutPageClient.tsx
    ./app/checkout/page.tsx

https://nextjs.org/docs/messages/module-not-found @ http://localhost:3000/_next/static/chunks/node_modules_next_dist_1gdrd03._.js:1945
[ 1866186ms] [ERROR] ./components/checkout/CheckoutPageClient.tsx:14:1
Module not found: Can't resolve '@/components/checkout/payment-flows/VodafoneCashFlow'
  12 | ...mport { CashOnDeliveryFlow } from "@/components/checkout/payment-flows/CashOnDeliveryFl...
  13 | ...mport { PaymentFlowPlaceholder } from "@/components/checkout/payment-flows/PaymentFlowP...
> 14 | ...mport { VodafoneCashFlow } from "@/components/checkout/payment-flows/VodafoneCashFlow";
     |    ^^^^^^^^^^^^^^^^^^^^^^^^^^^^^^^^^^^^^^^^^^^^^^^^^^^^^^^^^^^^^^^^^^^^^^^^^^^^^^^^^^^^^^^^
  15 | ...mport {
  16 | ... checkoutReducer,
  17 | ... createInitialCheckoutState,

Import map: aliased to relative './components/checkout/payment-flows/VodafoneCashFlow' inside of [project]/

Import trace:
  Server Component:
    ./components/checkout/CheckoutPageClient.tsx
    ./app/checkout/page.tsx

https://nextjs.org/docs/messages/module-not-found @ http://localhost:3000/_next/static/chunks/node_modules_next_dist_1gdrd03._.js:1945
[ 1866249ms] [ERROR] ./components/checkout/CheckoutPageClient.tsx:14:1
Module not found: Can't resolve '@/components/checkout/payment-flows/VodafoneCashFlow'
  12 | ...mport { CashOnDeliveryFlow } from "@/components/checkout/payment-flows/CashOnDeliveryFl...
  13 | ...mport { PaymentFlowPlaceholder } from "@/components/checkout/payment-flows/PaymentFlowP...
> 14 | ...mport { VodafoneCashFlow } from "@/components/checkout/payment-flows/VodafoneCashFlow";
     |    ^^^^^^^^^^^^^^^^^^^^^^^^^^^^^^^^^^^^^^^^^^^^^^^^^^^^^^^^^^^^^^^^^^^^^^^^^^^^^^^^^^^^^^^^
  15 | ...mport {
  16 | ... checkoutReducer,
  17 | ... createInitialCheckoutState,

Import map: aliased to relative './components/checkout/payment-flows/VodafoneCashFlow' inside of [project]/

Import trace:
  Server Component:
    ./components/checkout/CheckoutPageClient.tsx
    ./app/checkout/page.tsx

https://nextjs.org/docs/messages/module-not-found @ http://localhost:3000/_next/static/chunks/node_modules_next_dist_1gdrd03._.js:1945
[ 1866341ms] [LOG] [Fast Refresh] rebuilding @ http://localhost:3000/_next/static/chunks/node_modules_next_dist_1gdrd03._.js:1226
[ 1866409ms] [LOG] [Fast Refresh] done in 124ms @ http://localhost:3000/_next/static/chunks/node_modules_next_dist_1gdrd03._.js:1226
[ 1866559ms] [LOG] [Fast Refresh] rebuilding @ http://localhost:3000/_next/static/chunks/node_modules_next_dist_1gdrd03._.js:1226
[ 1866989ms] [LOG] [Fast Refresh] done in 531ms @ http://localhost:3000/_next/static/chunks/node_modules_next_dist_1gdrd03._.js:1226
[ 1867209ms] [INFO] %cDownload the React DevTools for a better development experience: https://react.dev/link/react-devtools font-weight:bold @ http://localhost:3000/_next/static/chunks/node_modules_next_dist_1ybzpk2._.js:2477
[ 1867256ms] [LOG] [HMR] connected @ http://localhost:3000/_next/static/chunks/node_modules_next_dist_1ybzpk2._.js:2477
[ 1871481ms] [LOG] [Fast Refresh] rebuilding @ http://localhost:3000/_next/static/chunks/node_modules_next_dist_1ybzpk2._.js:2477
[ 1871666ms] [LOG] [Fast Refresh] done in 161ms @ http://localhost:3000/_next/static/chunks/node_modules_next_dist_1ybzpk2._.js:2477
[ 1897270ms] [LOG] [Fast Refresh] rebuilding @ http://localhost:3000/_next/static/chunks/node_modules_next_dist_1ybzpk2._.js:2477
[ 1897423ms] [LOG] [Fast Refresh] done in 108ms @ http://localhost:3000/_next/static/chunks/node_modules_next_dist_1ybzpk2._.js:2477
[ 1902789ms] [LOG] [Fast Refresh] rebuilding @ http://localhost:3000/_next/static/chunks/node_modules_next_dist_1ybzpk2._.js:2477
[ 1902869ms] [ERROR] The final argument passed to %s changed size between renders. The order and size of this array must remain constant.

Previous: %s
Incoming: %s useEffect [[object Object], [object Object], [object Object], cash_on_delivery, delivery, [object Object]] [[object Object], [object Object], [object Object], [object Object], cash_on_delivery, delivery, [object Object]] @ http://localhost:3000/_next/static/chunks/node_modules_next_dist_1ybzpk2._.js:3318
[ 1903162ms] [LOG] [Fast Refresh] done in 186ms @ http://localhost:3000/_next/static/chunks/node_modules_next_dist_1ybzpk2._.js:2477
[ 1903270ms] [LOG] [Fast Refresh] rebuilding @ http://localhost:3000/_next/static/chunks/node_modules_next_dist_1ybzpk2._.js:2477
[ 1903350ms] [LOG] [Fast Refresh] done in 182ms @ http://localhost:3000/_next/static/chunks/node_modules_next_dist_1ybzpk2._.js:2477
[ 1919497ms] [LOG] [Fast Refresh] rebuilding @ http://localhost:3000/_next/static/chunks/node_modules_next_dist_1ybzpk2._.js:2477
[ 1919702ms] [LOG] [Fast Refresh] done in 88ms @ http://localhost:3000/_next/static/chunks/node_modules_next_dist_1ybzpk2._.js:2477
[ 1961529ms] [LOG] [Fast Refresh] rebuilding @ http://localhost:3000/_next/static/chunks/node_modules_next_dist_1ybzpk2._.js:2477
[ 1961939ms] [LOG] [Fast Refresh] done in 312ms @ http://localhost:3000/_next/static/chunks/node_modules_next_dist_1ybzpk2._.js:2477
[ 1967424ms] [LOG] [Fast Refresh] rebuilding @ http://localhost:3000/_next/static/chunks/node_modules_next_dist_1ybzpk2._.js:2477
[ 1967609ms] [LOG] [Fast Refresh] done in 97ms @ http://localhost:3000/_next/static/chunks/node_modules_next_dist_1ybzpk2._.js:2477
[ 1967896ms] [LOG] [Fast Refresh] rebuilding @ http://localhost:3000/_next/static/chunks/node_modules_next_dist_1ybzpk2._.js:2477
[ 1967897ms] [LOG] [Fast Refresh] done in 114ms @ http://localhost:3000/_next/static/chunks/node_modules_next_dist_1ybzpk2._.js:2477
[ 2002885ms] [LOG] [Fast Refresh] rebuilding @ http://localhost:3000/_next/static/chunks/node_modules_next_dist_1ybzpk2._.js:2477
[ 2002913ms] [LOG] [Fast Refresh] done in 111ms @ http://localhost:3000/_next/static/chunks/node_modules_next_dist_1ybzpk2._.js:2477
[ 2003020ms] [LOG] [Fast Refresh] rebuilding @ http://localhost:3000/_next/static/chunks/node_modules_next_dist_1ybzpk2._.js:2477
[ 2003100ms] [LOG] [Fast Refresh] done in 187ms @ http://localhost:3000/_next/static/chunks/node_modules_next_dist_1ybzpk2._.js:2477
[ 2003885ms] [LOG] [Fast Refresh] rebuilding @ http://localhost:3000/_next/static/chunks/node_modules_next_dist_1ybzpk2._.js:2477
[ 2004053ms] [LOG] [Fast Refresh] done in 76ms @ http://localhost:3000/_next/static/chunks/node_modules_next_dist_1ybzpk2._.js:2477
[ 2058790ms] [LOG] [Fast Refresh] rebuilding @ http://localhost:3000/_next/static/chunks/node_modules_next_dist_1ybzpk2._.js:2477
[ 2058920ms] [LOG] [Fast Refresh] done in 69ms @ http://localhost:3000/_next/static/chunks/node_modules_next_dist_1ybzpk2._.js:2477
[ 2059719ms] [LOG] [Fast Refresh] rebuilding @ http://localhost:3000/_next/static/chunks/node_modules_next_dist_1ybzpk2._.js:2477
[ 2059728ms] [LOG] [Fast Refresh] done in 105ms @ http://localhost:3000/_next/static/chunks/node_modules_next_dist_1ybzpk2._.js:2477
[ 2059847ms] [LOG] [Fast Refresh] rebuilding @ http://localhost:3000/_next/static/chunks/node_modules_next_dist_1ybzpk2._.js:2477
[ 2059896ms] [LOG] [Fast Refresh] done in 164ms @ http://localhost:3000/_next/static/chunks/node_modules_next_dist_1ybzpk2._.js:2477
[ 2079788ms] [LOG] [Fast Refresh] rebuilding @ http://localhost:3000/_next/static/chunks/node_modules_next_dist_1ybzpk2._.js:2477
[ 2079805ms] [LOG] [Fast Refresh] done in 120ms @ http://localhost:3000/_next/static/chunks/node_modules_next_dist_1ybzpk2._.js:2477
[ 2087870ms] [LOG] [Fast Refresh] rebuilding @ http://localhost:3000/_next/static/chunks/node_modules_next_dist_1ybzpk2._.js:2477
[ 2088036ms] [LOG] [Fast Refresh] done in 277ms @ http://localhost:3000/_next/static/chunks/node_modules_next_dist_1ybzpk2._.js:2477
