[     122ms] [LOG] [Fast Refresh] rebuilding @ http://localhost:3000/_next/static/chunks/node_modules_next_dist_1ybzpk2._.js:2477
[     203ms] [LOG] [Fast Refresh] done in 185ms @ http://localhost:3000/_next/static/chunks/node_modules_next_dist_1ybzpk2._.js:2477
[     269ms] [INFO] %cDownload the React DevTools for a better development experience: https://react.dev/link/react-devtools font-weight:bold @ http://localhost:3000/_next/static/chunks/node_modules_next_dist_1ybzpk2._.js:2477
[     304ms] [LOG] [HMR] connected @ http://localhost:3000/_next/static/chunks/node_modules_next_dist_1ybzpk2._.js:2477
[     473ms] [LOG] [Fast Refresh] rebuilding @ http://localhost:3000/_next/static/chunks/node_modules_next_dist_1ybzpk2._.js:2477
[     527ms] [LOG] [Fast Refresh] done in 156ms @ http://localhost:3000/_next/static/chunks/node_modules_next_dist_1ybzpk2._.js:2477
[   42414ms] [LOG] [Fast Refresh] rebuilding @ http://localhost:3000/_next/static/chunks/node_modules_next_dist_1ybzpk2._.js:2477
[   42853ms] [LOG] [Fast Refresh] done in 342ms @ http://localhost:3000/_next/static/chunks/node_modules_next_dist_1ybzpk2._.js:2477
[   87434ms] [LOG] [Fast Refresh] rebuilding @ http://localhost:3000/_next/static/chunks/node_modules_next_dist_1ybzpk2._.js:2477
[   87497ms] [LOG] [Fast Refresh] done in 175ms @ http://localhost:3000/_next/static/chunks/node_modules_next_dist_1ybzpk2._.js:2477
[   87616ms] [LOG] [Fast Refresh] rebuilding @ http://localhost:3000/_next/static/chunks/node_modules_next_dist_1ybzpk2._.js:2477
[   87638ms] [LOG] [Fast Refresh] done in 136ms @ http://localhost:3000/_next/static/chunks/node_modules_next_dist_1ybzpk2._.js:2477
[   87742ms] [LOG] [Fast Refresh] rebuilding @ http://localhost:3000/_next/static/chunks/node_modules_next_dist_1ybzpk2._.js:2477
[   87796ms] [LOG] [Fast Refresh] done in 157ms @ http://localhost:3000/_next/static/chunks/node_modules_next_dist_1ybzpk2._.js:2477
[   87944ms] [LOG] [Fast Refresh] rebuilding @ http://localhost:3000/_next/static/chunks/node_modules_next_dist_1ybzpk2._.js:2477
[   87949ms] [LOG] [Fast Refresh] done in 116ms @ http://localhost:3000/_next/static/chunks/node_modules_next_dist_1ybzpk2._.js:2477
[   88526ms] [LOG] [Fast Refresh] rebuilding @ http://localhost:3000/_next/static/chunks/node_modules_next_dist_1ybzpk2._.js:2477
[   88674ms] [LOG] [Fast Refresh] done in 99ms @ http://localhost:3000/_next/static/chunks/node_modules_next_dist_1ybzpk2._.js:2477
[   88792ms] [LOG] [Fast Refresh] rebuilding @ http://localhost:3000/_next/static/chunks/node_modules_next_dist_1ybzpk2._.js:2477
[   88813ms] [LOG] [Fast Refresh] done in 126ms @ http://localhost:3000/_next/static/chunks/node_modules_next_dist_1ybzpk2._.js:2477
[   89590ms] [LOG] [Fast Refresh] rebuilding @ http://localhost:3000/_next/static/chunks/node_modules_next_dist_1ybzpk2._.js:2477
[   89720ms] [LOG] [Fast Refresh] done in 118ms @ http://localhost:3000/_next/static/chunks/node_modules_next_dist_1ybzpk2._.js:2477
[   99576ms] [LOG] [Fast Refresh] rebuilding @ http://localhost:3000/_next/static/chunks/node_modules_next_dist_1ybzpk2._.js:2477
[   99819ms] [LOG] [Fast Refresh] done in 346ms @ http://localhost:3000/_next/static/chunks/node_modules_next_dist_1ybzpk2._.js:2477
[   99893ms] [INFO] %cDownload the React DevTools for a better development experience: https://react.dev/link/react-devtools font-weight:bold @ http://localhost:3000/_next/static/chunks/node_modules_next_dist_1ybzpk2._.js:2477
[   99925ms] [LOG] [HMR] connected @ http://localhost:3000/_next/static/chunks/node_modules_next_dist_1ybzpk2._.js:2477
[  148644ms] [LOG] [Fast Refresh] rebuilding @ http://localhost:3000/_next/static/chunks/node_modules_next_dist_1ybzpk2._.js:2477
[  149090ms] [LOG] [Fast Refresh] done in 553ms @ http://localhost:3000/_next/static/chunks/node_modules_next_dist_1ybzpk2._.js:2477
[  149248ms] [INFO] %cDownload the React DevTools for a better development experience: https://react.dev/link/react-devtools font-weight:bold @ http://localhost:3000/_next/static/chunks/node_modules_next_dist_1ybzpk2._.js:2477
[  149316ms] [LOG] [HMR] connected @ http://localhost:3000/_next/static/chunks/node_modules_next_dist_1ybzpk2._.js:2477
[  258673ms] [INFO] %cDownload the React DevTools for a better development experience: https://react.dev/link/react-devtools font-weight:bold @ http://localhost:3000/_next/static/chunks/node_modules_next_dist_1ybzpk2._.js:2477
[  258698ms] [LOG] [HMR] connected @ http://localhost:3000/_next/static/chunks/node_modules_next_dist_1ybzpk2._.js:2477
[  283995ms] [INFO] %cDownload the React DevTools for a better development experience: https://react.dev/link/react-devtools font-weight:bold @ http://localhost:3000/_next/static/chunks/node_modules_next_dist_1ybzpk2._.js:2477
[  284021ms] [LOG] [HMR] connected @ http://localhost:3000/_next/static/chunks/node_modules_next_dist_1ybzpk2._.js:2477
[  284847ms] [INFO] %cDownload the React DevTools for a better development experience: https://react.dev/link/react-devtools font-weight:bold @ http://localhost:3000/_next/static/chunks/node_modules_next_dist_1ybzpk2._.js:2477
[  284869ms] [LOG] [HMR] connected @ http://localhost:3000/_next/static/chunks/node_modules_next_dist_1ybzpk2._.js:2477
[  284911ms] [WARNING] Image with src "/assets/images/productdetails/7619c2f80e29ffb555d5039986c861eda904c083.jpg" was detected as the Largest Contentful Paint (LCP). Please add the `loading="eager"` property if this image is above the fold.
Read more: https://nextjs.org/docs/app/api-reference/components/image#loading @ http://localhost:3000/_next/static/chunks/node_modules_next_dist_1ybzpk2._.js:2477
[  285736ms] [INFO] %cDownload the React DevTools for a better development experience: https://react.dev/link/react-devtools font-weight:bold @ http://localhost:3000/_next/static/chunks/node_modules_next_dist_1ybzpk2._.js:2477
[  285770ms] [LOG] [HMR] connected @ http://localhost:3000/_next/static/chunks/node_modules_next_dist_1ybzpk2._.js:2477
[  285834ms] [WARNING] Image with src "/assets/images/productdetails/7619c2f80e29ffb555d5039986c861eda904c083.jpg" was detected as the Largest Contentful Paint (LCP). Please add the `loading="eager"` property if this image is above the fold.
Read more: https://nextjs.org/docs/app/api-reference/components/image#loading @ http://localhost:3000/_next/static/chunks/node_modules_next_dist_1ybzpk2._.js:2477
[  286655ms] [INFO] %cDownload the React DevTools for a better development experience: https://react.dev/link/react-devtools font-weight:bold @ http://localhost:3000/_next/static/chunks/node_modules_next_dist_1ybzpk2._.js:2477
[  286694ms] [LOG] [HMR] connected @ http://localhost:3000/_next/static/chunks/node_modules_next_dist_1ybzpk2._.js:2477
[  287558ms] [INFO] %cDownload the React DevTools for a better development experience: https://react.dev/link/react-devtools font-weight:bold @ http://localhost:3000/_next/static/chunks/node_modules_next_dist_1ybzpk2._.js:2477
[  287598ms] [LOG] [HMR] connected @ http://localhost:3000/_next/static/chunks/node_modules_next_dist_1ybzpk2._.js:2477
[  287689ms] [WARNING] Image with src "/assets/images/productdetails/7619c2f80e29ffb555d5039986c861eda904c083.jpg" was detected as the Largest Contentful Paint (LCP). Please add the `loading="eager"` property if this image is above the fold.
Read more: https://nextjs.org/docs/app/api-reference/components/image#loading @ http://localhost:3000/_next/static/chunks/node_modules_next_dist_1ybzpk2._.js:2477
[  310054ms] [INFO] %cDownload the React DevTools for a better development experience: https://react.dev/link/react-devtools font-weight:bold @ http://localhost:3000/_next/static/chunks/node_modules_next_dist_1ybzpk2._.js:2477
[  310082ms] [LOG] [HMR] connected @ http://localhost:3000/_next/static/chunks/node_modules_next_dist_1ybzpk2._.js:2477
[  312638ms] [INFO] %cDownload the React DevTools for a better development experience: https://react.dev/link/react-devtools font-weight:bold @ http://localhost:3000/_next/static/chunks/node_modules_next_dist_1ybzpk2._.js:2477
[  312663ms] [LOG] [HMR] connected @ http://localhost:3000/_next/static/chunks/node_modules_next_dist_1ybzpk2._.js:2477
[  312732ms] [WARNING] Image with src "/assets/images/productdetails/7619c2f80e29ffb555d5039986c861eda904c083.jpg" was detected as the Largest Contentful Paint (LCP). Please add the `loading="eager"` property if this image is above the fold.
Read more: https://nextjs.org/docs/app/api-reference/components/image#loading @ http://localhost:3000/_next/static/chunks/node_modules_next_dist_1ybzpk2._.js:2477
[  315148ms] [INFO] %cDownload the React DevTools for a better development experience: https://react.dev/link/react-devtools font-weight:bold @ http://localhost:3000/_next/static/chunks/node_modules_next_dist_1ybzpk2._.js:2477
[  315177ms] [LOG] [HMR] connected @ http://localhost:3000/_next/static/chunks/node_modules_next_dist_1ybzpk2._.js:2477
[  315245ms] [WARNING] Image with src "/assets/images/productdetails/7619c2f80e29ffb555d5039986c861eda904c083.jpg" was detected as the Largest Contentful Paint (LCP). Please add the `loading="eager"` property if this image is above the fold.
Read more: https://nextjs.org/docs/app/api-reference/components/image#loading @ http://localhost:3000/_next/static/chunks/node_modules_next_dist_1ybzpk2._.js:2477
[  317669ms] [INFO] %cDownload the React DevTools for a better development experience: https://react.dev/link/react-devtools font-weight:bold @ http://localhost:3000/_next/static/chunks/node_modules_next_dist_1ybzpk2._.js:2477
[  317693ms] [LOG] [HMR] connected @ http://localhost:3000/_next/static/chunks/node_modules_next_dist_1ybzpk2._.js:2477
[  317742ms] [WARNING] Image with src "/assets/images/productdetails/7619c2f80e29ffb555d5039986c861eda904c083.jpg" was detected as the Largest Contentful Paint (LCP). Please add the `loading="eager"` property if this image is above the fold.
Read more: https://nextjs.org/docs/app/api-reference/components/image#loading @ http://localhost:3000/_next/static/chunks/node_modules_next_dist_1ybzpk2._.js:2477
[  320188ms] [INFO] %cDownload the React DevTools for a better development experience: https://react.dev/link/react-devtools font-weight:bold @ http://localhost:3000/_next/static/chunks/node_modules_next_dist_1ybzpk2._.js:2477
[  320218ms] [LOG] [HMR] connected @ http://localhost:3000/_next/static/chunks/node_modules_next_dist_1ybzpk2._.js:2477
[  320257ms] [WARNING] Image with src "/assets/images/productdetails/7619c2f80e29ffb555d5039986c861eda904c083.jpg" was detected as the Largest Contentful Paint (LCP). Please add the `loading="eager"` property if this image is above the fold.
Read more: https://nextjs.org/docs/app/api-reference/components/image#loading @ http://localhost:3000/_next/static/chunks/node_modules_next_dist_1ybzpk2._.js:2477
[  335250ms] [LOG] [Fast Refresh] rebuilding @ http://localhost:3000/_next/static/chunks/node_modules_next_dist_1ybzpk2._.js:2477
[  335537ms] [LOG] [Fast Refresh] done in 401ms @ http://localhost:3000/_next/static/chunks/node_modules_next_dist_1ybzpk2._.js:2477
[  335627ms] [INFO] %cDownload the React DevTools for a better development experience: https://react.dev/link/react-devtools font-weight:bold @ http://localhost:3000/_next/static/chunks/node_modules_next_dist_1ybzpk2._.js:2477
[  335659ms] [LOG] [HMR] connected @ http://localhost:3000/_next/static/chunks/node_modules_next_dist_1ybzpk2._.js:2477
[  335707ms] [WARNING] Image with src "/assets/images/home/hero.jpg" was detected as the Largest Contentful Paint (LCP). Please add the `loading="eager"` property if this image is above the fold.
Read more: https://nextjs.org/docs/app/api-reference/components/image#loading @ http://localhost:3000/_next/static/chunks/node_modules_next_dist_1ybzpk2._.js:2477
[  335747ms] [WARNING] Image with src "/assets/images/home/hero.jpg" has "fill" and parent element with invalid "position". Provided "static" should be one of absolute,fixed,relative. @ http://localhost:3000/_next/static/chunks/node_modules_next_dist_1ybzpk2._.js:2477
[  343905ms] [INFO] %cDownload the React DevTools for a better development experience: https://react.dev/link/react-devtools font-weight:bold @ http://localhost:3000/_next/static/chunks/node_modules_next_dist_1ybzpk2._.js:2477
[  343926ms] [LOG] [HMR] connected @ http://localhost:3000/_next/static/chunks/node_modules_next_dist_1ybzpk2._.js:2477
[  343991ms] [WARNING] Image with src "/assets/images/home/hero.jpg" was detected as the Largest Contentful Paint (LCP). Please add the `loading="eager"` property if this image is above the fold.
Read more: https://nextjs.org/docs/app/api-reference/components/image#loading @ http://localhost:3000/_next/static/chunks/node_modules_next_dist_1ybzpk2._.js:2477
[  344029ms] [WARNING] Image with src "/assets/images/home/hero.jpg" has "fill" and parent element with invalid "position". Provided "static" should be one of absolute,fixed,relative. @ http://localhost:3000/_next/static/chunks/node_modules_next_dist_1ybzpk2._.js:2477
[  344317ms] [LOG] [Fast Refresh] rebuilding @ http://localhost:3000/_next/static/chunks/node_modules_next_dist_1ybzpk2._.js:2477
[  344704ms] [LOG] [Fast Refresh] done in 487ms @ http://localhost:3000/_next/static/chunks/node_modules_next_dist_1ybzpk2._.js:2477
[  344768ms] [INFO] %cDownload the React DevTools for a better development experience: https://react.dev/link/react-devtools font-weight:bold @ http://localhost:3000/_next/static/chunks/node_modules_next_dist_1ybzpk2._.js:2477
[  344800ms] [LOG] [HMR] connected @ http://localhost:3000/_next/static/chunks/node_modules_next_dist_1ybzpk2._.js:2477
[  345226ms] [INFO] %cDownload the React DevTools for a better development experience: https://react.dev/link/react-devtools font-weight:bold @ http://localhost:3000/_next/static/chunks/node_modules_next_dist_1ybzpk2._.js:2477
[  345258ms] [LOG] [HMR] connected @ http://localhost:3000/_next/static/chunks/node_modules_next_dist_1ybzpk2._.js:2477
[  345303ms] [WARNING] Image with src "/assets/images/productdetails/7619c2f80e29ffb555d5039986c861eda904c083.jpg" was detected as the Largest Contentful Paint (LCP). Please add the `loading="eager"` property if this image is above the fold.
Read more: https://nextjs.org/docs/app/api-reference/components/image#loading @ http://localhost:3000/_next/static/chunks/node_modules_next_dist_1ybzpk2._.js:2477
[  345726ms] [LOG] [Fast Refresh] rebuilding @ http://localhost:3000/_next/static/chunks/node_modules_next_dist_1ybzpk2._.js:2477
[  345946ms] [LOG] [Fast Refresh] done in 327ms @ http://localhost:3000/_next/static/chunks/node_modules_next_dist_1ybzpk2._.js:2477
[  345987ms] [INFO] %cDownload the React DevTools for a better development experience: https://react.dev/link/react-devtools font-weight:bold @ http://localhost:3000/_next/static/chunks/node_modules_next_dist_1ybzpk2._.js:2477
[  346005ms] [LOG] [HMR] connected @ http://localhost:3000/_next/static/chunks/node_modules_next_dist_1ybzpk2._.js:2477
[  346453ms] [INFO] %cDownload the React DevTools for a better development experience: https://react.dev/link/react-devtools font-weight:bold @ http://localhost:3000/_next/static/chunks/node_modules_next_dist_1ybzpk2._.js:2477
[  346466ms] [LOG] [HMR] connected @ http://localhost:3000/_next/static/chunks/node_modules_next_dist_1ybzpk2._.js:2477
[  346930ms] [LOG] [Fast Refresh] rebuilding @ http://localhost:3000/_next/static/chunks/node_modules_next_dist_1ybzpk2._.js:2477
[  347232ms] [LOG] [Fast Refresh] done in 406ms @ http://localhost:3000/_next/static/chunks/node_modules_next_dist_1ybzpk2._.js:2477
[  347289ms] [INFO] %cDownload the React DevTools for a better development experience: https://react.dev/link/react-devtools font-weight:bold @ http://localhost:3000/_next/static/chunks/node_modules_next_dist_1ybzpk2._.js:2477
[  347302ms] [LOG] [HMR] connected @ http://localhost:3000/_next/static/chunks/node_modules_next_dist_1ybzpk2._.js:2477
[  347720ms] [INFO] %cDownload the React DevTools for a better development experience: https://react.dev/link/react-devtools font-weight:bold @ http://localhost:3000/_next/static/chunks/node_modules_next_dist_1ybzpk2._.js:2477
[  347737ms] [LOG] [HMR] connected @ http://localhost:3000/_next/static/chunks/node_modules_next_dist_1ybzpk2._.js:2477
[  348168ms] [INFO] %cDownload the React DevTools for a better development experience: https://react.dev/link/react-devtools font-weight:bold @ http://localhost:3000/_next/static/chunks/node_modules_next_dist_1ybzpk2._.js:2477
[  348189ms] [LOG] [HMR] connected @ http://localhost:3000/_next/static/chunks/node_modules_next_dist_1ybzpk2._.js:2477
[  348649ms] [LOG] [Fast Refresh] rebuilding @ http://localhost:3000/_next/static/chunks/node_modules_next_dist_1ybzpk2._.js:2477
[  348736ms] [LOG] [Fast Refresh] done in 203ms @ http://localhost:3000/_next/static/chunks/node_modules_next_dist_1ybzpk2._.js:2477
[  348785ms] [INFO] %cDownload the React DevTools for a better development experience: https://react.dev/link/react-devtools font-weight:bold @ http://localhost:3000/_next/static/chunks/node_modules_next_dist_1ybzpk2._.js:2477
[  348809ms] [LOG] [HMR] connected @ http://localhost:3000/_next/static/chunks/node_modules_next_dist_1ybzpk2._.js:2477
[  348932ms] [LOG] [Fast Refresh] rebuilding @ http://localhost:3000/_next/static/chunks/node_modules_next_dist_1ybzpk2._.js:2477
[  349011ms] [LOG] [Fast Refresh] done in 181ms @ http://localhost:3000/_next/static/chunks/node_modules_next_dist_1ybzpk2._.js:2477
[  349290ms] [INFO] %cDownload the React DevTools for a better development experience: https://react.dev/link/react-devtools font-weight:bold @ http://localhost:3000/_next/static/chunks/node_modules_next_dist_1ybzpk2._.js:2477
[  349308ms] [LOG] [HMR] connected @ http://localhost:3000/_next/static/chunks/node_modules_next_dist_1ybzpk2._.js:2477
[  349789ms] [INFO] %cDownload the React DevTools for a better development experience: https://react.dev/link/react-devtools font-weight:bold @ http://localhost:3000/_next/static/chunks/node_modules_next_dist_1ybzpk2._.js:2477
[  349806ms] [LOG] [HMR] connected @ http://localhost:3000/_next/static/chunks/node_modules_next_dist_1ybzpk2._.js:2477
[  381800ms] [INFO] %cDownload the React DevTools for a better development experience: https://react.dev/link/react-devtools font-weight:bold @ http://localhost:3000/_next/static/chunks/node_modules_next_dist_1ybzpk2._.js:2477
[  381820ms] [LOG] [HMR] connected @ http://localhost:3000/_next/static/chunks/node_modules_next_dist_1ybzpk2._.js:2477
[  382250ms] [INFO] %cDownload the React DevTools for a better development experience: https://react.dev/link/react-devtools font-weight:bold @ http://localhost:3000/_next/static/chunks/node_modules_next_dist_1ybzpk2._.js:2477
[  382268ms] [LOG] [HMR] connected @ http://localhost:3000/_next/static/chunks/node_modules_next_dist_1ybzpk2._.js:2477
[  382662ms] [INFO] %cDownload the React DevTools for a better development experience: https://react.dev/link/react-devtools font-weight:bold @ http://localhost:3000/_next/static/chunks/node_modules_next_dist_1ybzpk2._.js:2477
[  382682ms] [LOG] [HMR] connected @ http://localhost:3000/_next/static/chunks/node_modules_next_dist_1ybzpk2._.js:2477
[  407503ms] [INFO] %cDownload the React DevTools for a better development experience: https://react.dev/link/react-devtools font-weight:bold @ http://localhost:3000/_next/static/chunks/node_modules_next_dist_1ybzpk2._.js:2477
[  407530ms] [LOG] [HMR] connected @ http://localhost:3000/_next/static/chunks/node_modules_next_dist_1ybzpk2._.js:2477
[  407580ms] [WARNING] Image with src "/assets/images/home/hero.jpg" was detected as the Largest Contentful Paint (LCP). Please add the `loading="eager"` property if this image is above the fold.
Read more: https://nextjs.org/docs/app/api-reference/components/image#loading @ http://localhost:3000/_next/static/chunks/node_modules_next_dist_1ybzpk2._.js:2477
[  407615ms] [WARNING] Image with src "/assets/images/home/hero.jpg" has "fill" and parent element with invalid "position". Provided "static" should be one of absolute,fixed,relative. @ http://localhost:3000/_next/static/chunks/node_modules_next_dist_1ybzpk2._.js:2477
[  460185ms] [INFO] %cDownload the React DevTools for a better development experience: https://react.dev/link/react-devtools font-weight:bold @ http://localhost:3000/_next/static/chunks/node_modules_next_dist_1ybzpk2._.js:2477
[  460211ms] [LOG] [HMR] connected @ http://localhost:3000/_next/static/chunks/node_modules_next_dist_1ybzpk2._.js:2477
[  460260ms] [WARNING] Image with src "/assets/images/home/hero.jpg" was detected as the Largest Contentful Paint (LCP). Please add the `loading="eager"` property if this image is above the fold.
Read more: https://nextjs.org/docs/app/api-reference/components/image#loading @ http://localhost:3000/_next/static/chunks/node_modules_next_dist_1ybzpk2._.js:2477
[  460311ms] [WARNING] Image with src "/assets/images/home/hero.jpg" has "fill" and parent element with invalid "position". Provided "static" should be one of absolute,fixed,relative. @ http://localhost:3000/_next/static/chunks/node_modules_next_dist_1ybzpk2._.js:2477
[  465858ms] [INFO] %cDownload the React DevTools for a better development experience: https://react.dev/link/react-devtools font-weight:bold @ http://localhost:3000/_next/static/chunks/node_modules_next_dist_1ybzpk2._.js:2477
[  465916ms] [LOG] [HMR] connected @ http://localhost:3000/_next/static/chunks/node_modules_next_dist_1ybzpk2._.js:2477
[  466069ms] [WARNING] Image with src "/assets/images/home/hero.jpg" has "fill" and parent element with invalid "position". Provided "static" should be one of absolute,fixed,relative. @ http://localhost:3000/_next/static/chunks/node_modules_next_dist_1ybzpk2._.js:2477
[  466125ms] [WARNING] Image with src "/assets/images/home/hero.jpg" was detected as the Largest Contentful Paint (LCP). Please add the `loading="eager"` property if this image is above the fold.
Read more: https://nextjs.org/docs/app/api-reference/components/image#loading @ http://localhost:3000/_next/static/chunks/node_modules_next_dist_1ybzpk2._.js:2477
[  466640ms] [INFO] %cDownload the React DevTools for a better development experience: https://react.dev/link/react-devtools font-weight:bold @ http://localhost:3000/_next/static/chunks/node_modules_next_dist_1ybzpk2._.js:2477
[  466682ms] [LOG] [HMR] connected @ http://localhost:3000/_next/static/chunks/node_modules_next_dist_1ybzpk2._.js:2477
[  469261ms] [INFO] %cDownload the React DevTools for a better development experience: https://react.dev/link/react-devtools font-weight:bold @ http://localhost:3000/_next/static/chunks/node_modules_next_dist_1ybzpk2._.js:2477
[  469303ms] [LOG] [HMR] connected @ http://localhost:3000/_next/static/chunks/node_modules_next_dist_1ybzpk2._.js:2477
[  470069ms] [INFO] %cDownload the React DevTools for a better development experience: https://react.dev/link/react-devtools font-weight:bold @ http://localhost:3000/_next/static/chunks/node_modules_next_dist_1ybzpk2._.js:2477
[  470113ms] [LOG] [HMR] connected @ http://localhost:3000/_next/static/chunks/node_modules_next_dist_1ybzpk2._.js:2477
[  470180ms] [WARNING] Image with src "/assets/images/productdetails/7619c2f80e29ffb555d5039986c861eda904c083.jpg" was detected as the Largest Contentful Paint (LCP). Please add the `loading="eager"` property if this image is above the fold.
Read more: https://nextjs.org/docs/app/api-reference/components/image#loading @ http://localhost:3000/_next/static/chunks/node_modules_next_dist_1ybzpk2._.js:2477
[  472727ms] [INFO] %cDownload the React DevTools for a better development experience: https://react.dev/link/react-devtools font-weight:bold @ http://localhost:3000/_next/static/chunks/node_modules_next_dist_1ybzpk2._.js:2477
[  472764ms] [LOG] [HMR] connected @ http://localhost:3000/_next/static/chunks/node_modules_next_dist_1ybzpk2._.js:2477
[  472818ms] [WARNING] Image with src "/assets/images/productdetails/7619c2f80e29ffb555d5039986c861eda904c083.jpg" was detected as the Largest Contentful Paint (LCP). Please add the `loading="eager"` property if this image is above the fold.
Read more: https://nextjs.org/docs/app/api-reference/components/image#loading @ http://localhost:3000/_next/static/chunks/node_modules_next_dist_1ybzpk2._.js:2477
[  473468ms] [INFO] %cDownload the React DevTools for a better development experience: https://react.dev/link/react-devtools font-weight:bold @ http://localhost:3000/_next/static/chunks/node_modules_next_dist_1ybzpk2._.js:2477
[  473481ms] [LOG] [HMR] connected @ http://localhost:3000/_next/static/chunks/node_modules_next_dist_1ybzpk2._.js:2477
[  475682ms] [WARNING] Image with src "/assets/images/logo.png" has either width or height modified, but not the other. If you use CSS to change the size of your image, also include the styles 'width: "auto"' or 'height: "auto"' to maintain the aspect ratio. @ http://localhost:3000/_next/static/chunks/node_modules_next_dist_1ybzpk2._.js:2477
[  476093ms] [INFO] %cDownload the React DevTools for a better development experience: https://react.dev/link/react-devtools font-weight:bold @ http://localhost:3000/_next/static/chunks/node_modules_next_dist_1ybzpk2._.js:2477
[  476108ms] [LOG] [HMR] connected @ http://localhost:3000/_next/static/chunks/node_modules_next_dist_1ybzpk2._.js:2477
[  476814ms] [INFO] %cDownload the React DevTools for a better development experience: https://react.dev/link/react-devtools font-weight:bold @ http://localhost:3000/_next/static/chunks/node_modules_next_dist_1ybzpk2._.js:2477
[  476828ms] [LOG] [HMR] connected @ http://localhost:3000/_next/static/chunks/node_modules_next_dist_1ybzpk2._.js:2477
[  479422ms] [INFO] %cDownload the React DevTools for a better development experience: https://react.dev/link/react-devtools font-weight:bold @ http://localhost:3000/_next/static/chunks/node_modules_next_dist_1ybzpk2._.js:2477
[  479436ms] [LOG] [HMR] connected @ http://localhost:3000/_next/static/chunks/node_modules_next_dist_1ybzpk2._.js:2477
[  480160ms] [INFO] %cDownload the React DevTools for a better development experience: https://react.dev/link/react-devtools font-weight:bold @ http://localhost:3000/_next/static/chunks/node_modules_next_dist_1ybzpk2._.js:2477
[  480181ms] [LOG] [HMR] connected @ http://localhost:3000/_next/static/chunks/node_modules_next_dist_1ybzpk2._.js:2477
[  482786ms] [INFO] %cDownload the React DevTools for a better development experience: https://react.dev/link/react-devtools font-weight:bold @ http://localhost:3000/_next/static/chunks/node_modules_next_dist_1ybzpk2._.js:2477
[  482838ms] [LOG] [HMR] connected @ http://localhost:3000/_next/static/chunks/node_modules_next_dist_1ybzpk2._.js:2477
[  483549ms] [INFO] %cDownload the React DevTools for a better development experience: https://react.dev/link/react-devtools font-weight:bold @ http://localhost:3000/_next/static/chunks/node_modules_next_dist_1ybzpk2._.js:2477
[  483568ms] [LOG] [HMR] connected @ http://localhost:3000/_next/static/chunks/node_modules_next_dist_1ybzpk2._.js:2477
[  489264ms] [WARNING] Image with src "/assets/images/logo.png" has either width or height modified, but not the other. If you use CSS to change the size of your image, also include the styles 'width: "auto"' or 'height: "auto"' to maintain the aspect ratio. @ http://localhost:3000/_next/static/chunks/node_modules_next_dist_1ybzpk2._.js:2477
[  489367ms] [LOG] [Fast Refresh] rebuilding @ http://localhost:3000/_next/static/chunks/node_modules_next_dist_1ybzpk2._.js:2477
[  489416ms] [LOG] [Fast Refresh] done in 152ms @ http://localhost:3000/_next/static/chunks/node_modules_next_dist_1ybzpk2._.js:2477
[  489581ms] [LOG] [Fast Refresh] rebuilding @ http://localhost:3000/_next/static/chunks/node_modules_next_dist_1ybzpk2._.js:2477
[  489744ms] [LOG] [Fast Refresh] done in 267ms @ http://localhost:3000/_next/static/chunks/node_modules_next_dist_1ybzpk2._.js:2477
[  509834ms] [INFO] %cDownload the React DevTools for a better development experience: https://react.dev/link/react-devtools font-weight:bold @ http://localhost:3000/_next/static/chunks/node_modules_next_dist_1ybzpk2._.js:2477
[  509882ms] [LOG] [HMR] connected @ http://localhost:3000/_next/static/chunks/node_modules_next_dist_1ybzpk2._.js:2477
[  509948ms] [WARNING] Image with src "/assets/images/home/hero.jpg" was detected as the Largest Contentful Paint (LCP). Please add the `loading="eager"` property if this image is above the fold.
Read more: https://nextjs.org/docs/app/api-reference/components/image#loading @ http://localhost:3000/_next/static/chunks/node_modules_next_dist_1ybzpk2._.js:2477
[  510018ms] [WARNING] Image with src "/assets/images/home/hero.jpg" has "fill" and parent element with invalid "position". Provided "static" should be one of absolute,fixed,relative. @ http://localhost:3000/_next/static/chunks/node_modules_next_dist_1ybzpk2._.js:2477
[  510647ms] [INFO] %cDownload the React DevTools for a better development experience: https://react.dev/link/react-devtools font-weight:bold @ http://localhost:3000/_next/static/chunks/node_modules_next_dist_1ybzpk2._.js:2477
[  510687ms] [LOG] [HMR] connected @ http://localhost:3000/_next/static/chunks/node_modules_next_dist_1ybzpk2._.js:2477
[  510737ms] [WARNING] Image with src "/assets/images/home/hero.jpg" was detected as the Largest Contentful Paint (LCP). Please add the `loading="eager"` property if this image is above the fold.
Read more: https://nextjs.org/docs/app/api-reference/components/image#loading @ http://localhost:3000/_next/static/chunks/node_modules_next_dist_1ybzpk2._.js:2477
[  510783ms] [WARNING] Image with src "/assets/images/home/hero.jpg" has "fill" and parent element with invalid "position". Provided "static" should be one of absolute,fixed,relative. @ http://localhost:3000/_next/static/chunks/node_modules_next_dist_1ybzpk2._.js:2477
[  511295ms] [INFO] %cDownload the React DevTools for a better development experience: https://react.dev/link/react-devtools font-weight:bold @ http://localhost:3000/_next/static/chunks/node_modules_next_dist_1ybzpk2._.js:2477
[  511336ms] [LOG] [HMR] connected @ http://localhost:3000/_next/static/chunks/node_modules_next_dist_1ybzpk2._.js:2477
[  512006ms] [INFO] %cDownload the React DevTools for a better development experience: https://react.dev/link/react-devtools font-weight:bold @ http://localhost:3000/_next/static/chunks/node_modules_next_dist_1ybzpk2._.js:2477
[  512021ms] [LOG] [HMR] connected @ http://localhost:3000/_next/static/chunks/node_modules_next_dist_1ybzpk2._.js:2477
[  512666ms] [INFO] %cDownload the React DevTools for a better development experience: https://react.dev/link/react-devtools font-weight:bold @ http://localhost:3000/_next/static/chunks/node_modules_next_dist_1ybzpk2._.js:2477
[  512698ms] [LOG] [HMR] connected @ http://localhost:3000/_next/static/chunks/node_modules_next_dist_1ybzpk2._.js:2477
[  513367ms] [INFO] %cDownload the React DevTools for a better development experience: https://react.dev/link/react-devtools font-weight:bold @ http://localhost:3000/_next/static/chunks/node_modules_next_dist_1ybzpk2._.js:2477
[  513403ms] [LOG] [HMR] connected @ http://localhost:3000/_next/static/chunks/node_modules_next_dist_1ybzpk2._.js:2477
[  513467ms] [WARNING] Image with src "/assets/images/productdetails/7619c2f80e29ffb555d5039986c861eda904c083.jpg" was detected as the Largest Contentful Paint (LCP). Please add the `loading="eager"` property if this image is above the fold.
Read more: https://nextjs.org/docs/app/api-reference/components/image#loading @ http://localhost:3000/_next/static/chunks/node_modules_next_dist_1ybzpk2._.js:2477
[  514028ms] [INFO] %cDownload the React DevTools for a better development experience: https://react.dev/link/react-devtools font-weight:bold @ http://localhost:3000/_next/static/chunks/node_modules_next_dist_1ybzpk2._.js:2477
[  514053ms] [LOG] [HMR] connected @ http://localhost:3000/_next/static/chunks/node_modules_next_dist_1ybzpk2._.js:2477
[  514225ms] [WARNING] Image with src "/assets/images/logo.png" has either width or height modified, but not the other. If you use CSS to change the size of your image, also include the styles 'width: "auto"' or 'height: "auto"' to maintain the aspect ratio. @ http://localhost:3000/_next/static/chunks/node_modules_next_dist_1ybzpk2._.js:2477
[  514676ms] [INFO] %cDownload the React DevTools for a better development experience: https://react.dev/link/react-devtools font-weight:bold @ http://localhost:3000/_next/static/chunks/node_modules_next_dist_1ybzpk2._.js:2477
[  514695ms] [LOG] [HMR] connected @ http://localhost:3000/_next/static/chunks/node_modules_next_dist_1ybzpk2._.js:2477
[  515293ms] [INFO] %cDownload the React DevTools for a better development experience: https://react.dev/link/react-devtools font-weight:bold @ http://localhost:3000/_next/static/chunks/node_modules_next_dist_1ybzpk2._.js:2477
[  515316ms] [LOG] [HMR] connected @ http://localhost:3000/_next/static/chunks/node_modules_next_dist_1ybzpk2._.js:2477
[  516009ms] [INFO] %cDownload the React DevTools for a better development experience: https://react.dev/link/react-devtools font-weight:bold @ http://localhost:3000/_next/static/chunks/node_modules_next_dist_1ybzpk2._.js:2477
[  516035ms] [LOG] [HMR] connected @ http://localhost:3000/_next/static/chunks/node_modules_next_dist_1ybzpk2._.js:2477
[  516673ms] [INFO] %cDownload the React DevTools for a better development experience: https://react.dev/link/react-devtools font-weight:bold @ http://localhost:3000/_next/static/chunks/node_modules_next_dist_1ybzpk2._.js:2477
[  516706ms] [LOG] [HMR] connected @ http://localhost:3000/_next/static/chunks/node_modules_next_dist_1ybzpk2._.js:2477
[  517338ms] [INFO] %cDownload the React DevTools for a better development experience: https://react.dev/link/react-devtools font-weight:bold @ http://localhost:3000/_next/static/chunks/node_modules_next_dist_1ybzpk2._.js:2477
[  517353ms] [LOG] [HMR] connected @ http://localhost:3000/_next/static/chunks/node_modules_next_dist_1ybzpk2._.js:2477
[  517972ms] [INFO] %cDownload the React DevTools for a better development experience: https://react.dev/link/react-devtools font-weight:bold @ http://localhost:3000/_next/static/chunks/node_modules_next_dist_1ybzpk2._.js:2477
[  517990ms] [LOG] [HMR] connected @ http://localhost:3000/_next/static/chunks/node_modules_next_dist_1ybzpk2._.js:2477
[  518598ms] [INFO] %cDownload the React DevTools for a better development experience: https://react.dev/link/react-devtools font-weight:bold @ http://localhost:3000/_next/static/chunks/node_modules_next_dist_1ybzpk2._.js:2477
[  518615ms] [LOG] [HMR] connected @ http://localhost:3000/_next/static/chunks/node_modules_next_dist_1ybzpk2._.js:2477
[  519219ms] [INFO] %cDownload the React DevTools for a better development experience: https://react.dev/link/react-devtools font-weight:bold @ http://localhost:3000/_next/static/chunks/node_modules_next_dist_1ybzpk2._.js:2477
[  519248ms] [LOG] [HMR] connected @ http://localhost:3000/_next/static/chunks/node_modules_next_dist_1ybzpk2._.js:2477
[  519863ms] [INFO] %cDownload the React DevTools for a better development experience: https://react.dev/link/react-devtools font-weight:bold @ http://localhost:3000/_next/static/chunks/node_modules_next_dist_1ybzpk2._.js:2477
[  519890ms] [LOG] [HMR] connected @ http://localhost:3000/_next/static/chunks/node_modules_next_dist_1ybzpk2._.js:2477
[  520457ms] [INFO] %cDownload the React DevTools for a better development experience: https://react.dev/link/react-devtools font-weight:bold @ http://localhost:3000/_next/static/chunks/node_modules_next_dist_1ybzpk2._.js:2477
[  520495ms] [LOG] [HMR] connected @ http://localhost:3000/_next/static/chunks/node_modules_next_dist_1ybzpk2._.js:2477
[  521107ms] [INFO] %cDownload the React DevTools for a better development experience: https://react.dev/link/react-devtools font-weight:bold @ http://localhost:3000/_next/static/chunks/node_modules_next_dist_1ybzpk2._.js:2477
[  521128ms] [LOG] [HMR] connected @ http://localhost:3000/_next/static/chunks/node_modules_next_dist_1ybzpk2._.js:2477
[  521721ms] [INFO] %cDownload the React DevTools for a better development experience: https://react.dev/link/react-devtools font-weight:bold @ http://localhost:3000/_next/static/chunks/node_modules_next_dist_1ybzpk2._.js:2477
[  521738ms] [LOG] [HMR] connected @ http://localhost:3000/_next/static/chunks/node_modules_next_dist_1ybzpk2._.js:2477
[  521950ms] [WARNING] Image with src "/assets/images/logo.png" has either width or height modified, but not the other. If you use CSS to change the size of your image, also include the styles 'width: "auto"' or 'height: "auto"' to maintain the aspect ratio. @ http://localhost:3000/_next/static/chunks/node_modules_next_dist_1ybzpk2._.js:2477
[  522383ms] [INFO] %cDownload the React DevTools for a better development experience: https://react.dev/link/react-devtools font-weight:bold @ http://localhost:3000/_next/static/chunks/node_modules_next_dist_1ybzpk2._.js:2477
[  522395ms] [LOG] [HMR] connected @ http://localhost:3000/_next/static/chunks/node_modules_next_dist_1ybzpk2._.js:2477
[  523016ms] [INFO] %cDownload the React DevTools for a better development experience: https://react.dev/link/react-devtools font-weight:bold @ http://localhost:3000/_next/static/chunks/node_modules_next_dist_1ybzpk2._.js:2477
[  523031ms] [LOG] [HMR] connected @ http://localhost:3000/_next/static/chunks/node_modules_next_dist_1ybzpk2._.js:2477
[  523244ms] [WARNING] Image with src "/assets/images/logo.png" has either width or height modified, but not the other. If you use CSS to change the size of your image, also include the styles 'width: "auto"' or 'height: "auto"' to maintain the aspect ratio. @ http://localhost:3000/_next/static/chunks/node_modules_next_dist_1ybzpk2._.js:2477
[  523677ms] [INFO] %cDownload the React DevTools for a better development experience: https://react.dev/link/react-devtools font-weight:bold @ http://localhost:3000/_next/static/chunks/node_modules_next_dist_1ybzpk2._.js:2477
[  523696ms] [LOG] [HMR] connected @ http://localhost:3000/_next/static/chunks/node_modules_next_dist_1ybzpk2._.js:2477
[  549018ms] [INFO] %cDownload the React DevTools for a better development experience: https://react.dev/link/react-devtools font-weight:bold @ http://localhost:3000/_next/static/chunks/node_modules_next_dist_1ybzpk2._.js:2477
[  549038ms] [LOG] [HMR] connected @ http://localhost:3000/_next/static/chunks/node_modules_next_dist_1ybzpk2._.js:2477
[  567057ms] [INFO] %cDownload the React DevTools for a better development experience: https://react.dev/link/react-devtools font-weight:bold @ http://localhost:3000/_next/static/chunks/node_modules_next_dist_1ybzpk2._.js:2477
[  567086ms] [LOG] [HMR] connected @ http://localhost:3000/_next/static/chunks/node_modules_next_dist_1ybzpk2._.js:2477
[  567164ms] [WARNING] Image with src "/assets/images/productdetails/7619c2f80e29ffb555d5039986c861eda904c083.jpg" was detected as the Largest Contentful Paint (LCP). Please add the `loading="eager"` property if this image is above the fold.
Read more: https://nextjs.org/docs/app/api-reference/components/image#loading @ http://localhost:3000/_next/static/chunks/node_modules_next_dist_1ybzpk2._.js:2477
[  567703ms] [INFO] %cDownload the React DevTools for a better development experience: https://react.dev/link/react-devtools font-weight:bold @ http://localhost:3000/_next/static/chunks/node_modules_next_dist_1ybzpk2._.js:2477
[  567719ms] [LOG] [HMR] connected @ http://localhost:3000/_next/static/chunks/node_modules_next_dist_1ybzpk2._.js:2477
[  613556ms] [ERROR] WebSocket connection to 'ws://localhost:3000/_next/webpack-hmr?id=KHYsf3CDhsDTaS7emElCW' failed: Error in connection establishment: net::ERR_CONNECTION_REFUSED @ http://localhost:3000/_next/static/chunks/node_modules_next_dist_client_0r5nbpw._.js:13422
[  617663ms] [ERROR] WebSocket connection to 'ws://localhost:3000/_next/webpack-hmr?id=KHYsf3CDhsDTaS7emElCW' failed: Error in connection establishment: net::ERR_CONNECTION_REFUSED @ http://localhost:3000/_next/static/chunks/node_modules_next_dist_client_0r5nbpw._.js:13422
[  621762ms] [ERROR] WebSocket connection to 'ws://localhost:3000/_next/webpack-hmr?id=KHYsf3CDhsDTaS7emElCW' failed: Error in connection establishment: net::ERR_CONNECTION_REFUSED @ http://localhost:3000/_next/static/chunks/node_modules_next_dist_client_0r5nbpw._.js:13422
[  625853ms] [ERROR] WebSocket connection to 'ws://localhost:3000/_next/webpack-hmr?id=KHYsf3CDhsDTaS7emElCW' failed: Error in connection establishment: net::ERR_CONNECTION_REFUSED @ http://localhost:3000/_next/static/chunks/node_modules_next_dist_client_0r5nbpw._.js:13422
[  629943ms] [ERROR] WebSocket connection to 'ws://localhost:3000/_next/webpack-hmr?id=KHYsf3CDhsDTaS7emElCW' failed: Error in connection establishment: net::ERR_CONNECTION_REFUSED @ http://localhost:3000/_next/static/chunks/node_modules_next_dist_client_0r5nbpw._.js:13422
[  637289ms] [ERROR] WebSocket connection to 'ws://localhost:3000/_next/webpack-hmr?id=KHYsf3CDhsDTaS7emElCW' failed: Error in connection establishment: net::ERR_CONNECTION_REFUSED @ http://localhost:3000/_next/static/chunks/node_modules_next_dist_client_0r5nbpw._.js:13422
[  644659ms] [ERROR] WebSocket connection to 'ws://localhost:3000/_next/webpack-hmr?id=KHYsf3CDhsDTaS7emElCW' failed: Error in connection establishment: net::ERR_CONNECTION_REFUSED @ http://localhost:3000/_next/static/chunks/node_modules_next_dist_client_0r5nbpw._.js:13422
[  652031ms] [ERROR] WebSocket connection to 'ws://localhost:3000/_next/webpack-hmr?id=KHYsf3CDhsDTaS7emElCW' failed: Error in connection establishment: net::ERR_CONNECTION_REFUSED @ http://localhost:3000/_next/static/chunks/node_modules_next_dist_client_0r5nbpw._.js:13422
[  657226ms] [LOG] [HMR] connected @ http://localhost:3000/_next/static/chunks/node_modules_next_dist_1ybzpk2._.js:2477
[  657944ms] [INFO] %cDownload the React DevTools for a better development experience: https://react.dev/link/react-devtools font-weight:bold @ http://localhost:3000/_next/static/chunks/node_modules_next_dist_1ybzpk2._.js:2477
[  657997ms] [LOG] [HMR] connected @ http://localhost:3000/_next/static/chunks/node_modules_next_dist_1ybzpk2._.js:2477
[  661958ms] [LOG] [Fast Refresh] rebuilding @ http://localhost:3000/_next/static/chunks/node_modules_next_dist_1ybzpk2._.js:2477
[  662037ms] [LOG] [Fast Refresh] done in 192ms @ http://localhost:3000/_next/static/chunks/node_modules_next_dist_1ybzpk2._.js:2477
[  670680ms] [INFO] %cDownload the React DevTools for a better development experience: https://react.dev/link/react-devtools font-weight:bold @ http://localhost:3000/_next/static/chunks/node_modules_next_dist_1ybzpk2._.js:2477
[  670737ms] [LOG] [HMR] connected @ http://localhost:3000/_next/static/chunks/node_modules_next_dist_1ybzpk2._.js:2477
[  774747ms] [INFO] %cDownload the React DevTools for a better development experience: https://react.dev/link/react-devtools font-weight:bold @ http://localhost:3000/_next/static/chunks/node_modules_next_dist_1ybzpk2._.js:2477
[  774799ms] [LOG] [HMR] connected @ http://localhost:3000/_next/static/chunks/node_modules_next_dist_1ybzpk2._.js:2477
[  774862ms] [WARNING] Image with src "/assets/images/productdetails/7619c2f80e29ffb555d5039986c861eda904c083.jpg" was detected as the Largest Contentful Paint (LCP). Please add the `loading="eager"` property if this image is above the fold.
Read more: https://nextjs.org/docs/app/api-reference/components/image#loading @ http://localhost:3000/_next/static/chunks/node_modules_next_dist_1ybzpk2._.js:2477
[ 1377138ms] [LOG] [Fast Refresh] rebuilding @ http://localhost:3000/_next/static/chunks/node_modules_next_dist_1ybzpk2._.js:2477
[ 1378683ms] [LOG] [Fast Refresh] done in 1612ms @ http://localhost:3000/_next/static/chunks/node_modules_next_dist_1ybzpk2._.js:2477
[ 1393251ms] [LOG] [Fast Refresh] rebuilding @ http://localhost:3000/_next/static/chunks/node_modules_next_dist_1ybzpk2._.js:2477
[ 1393285ms] [LOG] [Fast Refresh] done in 143ms @ http://localhost:3000/_next/static/chunks/node_modules_next_dist_1ybzpk2._.js:2477
[ 1393401ms] [INFO] %cDownload the React DevTools for a better development experience: https://react.dev/link/react-devtools font-weight:bold @ http://localhost:3000/_next/static/chunks/node_modules_next_dist_1ybzpk2._.js:2477
[ 1393442ms] [LOG] [HMR] connected @ http://localhost:3000/_next/static/chunks/node_modules_next_dist_1ybzpk2._.js:2477
[ 1400540ms] [LOG] [Fast Refresh] rebuilding @ http://localhost:3000/_next/static/chunks/node_modules_next_dist_1ybzpk2._.js:2477
[ 1400541ms] [LOG] [Fast Refresh] done in 104ms @ http://localhost:3000/_next/static/chunks/node_modules_next_dist_1ybzpk2._.js:2477
[ 1401574ms] [LOG] [Fast Refresh] rebuilding @ http://localhost:3000/_next/static/chunks/node_modules_next_dist_1ybzpk2._.js:2477
[ 1401579ms] [LOG] [Fast Refresh] done in 109ms @ http://localhost:3000/_next/static/chunks/node_modules_next_dist_1ybzpk2._.js:2477
[ 1401636ms] [INFO] %cDownload the React DevTools for a better development experience: https://react.dev/link/react-devtools font-weight:bold @ http://localhost:3000/_next/static/chunks/node_modules_next_dist_1ybzpk2._.js:2477
[ 1401655ms] [LOG] [HMR] connected @ http://localhost:3000/_next/static/chunks/node_modules_next_dist_1ybzpk2._.js:2477
[ 1407729ms] [WARNING] Image with src "/assets/images/productdetails/7619c2f80e29ffb555d5039986c861eda904c083.jpg" was detected as the Largest Contentful Paint (LCP). Please add the `loading="eager"` property if this image is above the fold.
Read more: https://nextjs.org/docs/app/api-reference/components/image#loading @ http://localhost:3000/_next/static/chunks/node_modules_next_dist_1ybzpk2._.js:2477
[ 1453481ms] [WARNING] Image with src "/assets/images/logo.png" has either width or height modified, but not the other. If you use CSS to change the size of your image, also include the styles 'width: "auto"' or 'height: "auto"' to maintain the aspect ratio. @ http://localhost:3000/_next/static/chunks/node_modules_next_dist_1ybzpk2._.js:2477
[ 1453583ms] [LOG] [Fast Refresh] rebuilding @ http://localhost:3000/_next/static/chunks/node_modules_next_dist_1ybzpk2._.js:2477
[ 1453679ms] [LOG] [Fast Refresh] done in 197ms @ http://localhost:3000/_next/static/chunks/node_modules_next_dist_1ybzpk2._.js:2477
[ 1453870ms] [WARNING] Image with src "/assets/images/home/hero.jpg" has "fill" and parent element with invalid "position". Provided "static" should be one of absolute,fixed,relative. @ http://localhost:3000/_next/static/chunks/node_modules_next_dist_1ybzpk2._.js:2477
[ 1454014ms] [LOG] [Fast Refresh] rebuilding @ http://localhost:3000/_next/static/chunks/node_modules_next_dist_1ybzpk2._.js:2477
[ 1454251ms] [LOG] [Fast Refresh] done in 356ms @ http://localhost:3000/_next/static/chunks/node_modules_next_dist_1ybzpk2._.js:2477
[ 1469105ms] [INFO] %cDownload the React DevTools for a better development experience: https://react.dev/link/react-devtools font-weight:bold @ http://localhost:3000/_next/static/chunks/node_modules_next_dist_1ybzpk2._.js:2477
[ 1469124ms] [LOG] [HMR] connected @ http://localhost:3000/_next/static/chunks/node_modules_next_dist_1ybzpk2._.js:2477
[ 1709135ms] [LOG] [Fast Refresh] rebuilding @ http://localhost:3000/_next/static/chunks/node_modules_next_dist_1ybzpk2._.js:2477
[ 1709136ms] [LOG] [Fast Refresh] done in 102ms @ http://localhost:3000/_next/static/chunks/node_modules_next_dist_1ybzpk2._.js:2477
[ 1716937ms] [LOG] [Fast Refresh] rebuilding @ http://localhost:3000/_next/static/chunks/node_modules_next_dist_1ybzpk2._.js:2477
[ 1717000ms] [LOG] [Fast Refresh] done in 177ms @ http://localhost:3000/_next/static/chunks/node_modules_next_dist_1ybzpk2._.js:2477
[ 1741391ms] [LOG] [Fast Refresh] rebuilding @ http://localhost:3000/_next/static/chunks/node_modules_next_dist_1ybzpk2._.js:2477
[ 1741759ms] [LOG] [Fast Refresh] done in 407ms @ http://localhost:3000/_next/static/chunks/node_modules_next_dist_1ybzpk2._.js:2477
[ 1742712ms] [LOG] [Fast Refresh] rebuilding @ http://localhost:3000/_next/static/chunks/node_modules_next_dist_1ybzpk2._.js:2477
[ 1744164ms] [LOG] [Fast Refresh] done in 1552ms @ http://localhost:3000/_next/static/chunks/node_modules_next_dist_1ybzpk2._.js:2477
[ 1744323ms] [LOG] [Fast Refresh] rebuilding @ http://localhost:3000/_next/static/chunks/node_modules_next_dist_1ybzpk2._.js:2477
[ 1744833ms] [LOG] [Fast Refresh] done in 611ms @ http://localhost:3000/_next/static/chunks/node_modules_next_dist_1ybzpk2._.js:2477
[ 1744945ms] [LOG] [Fast Refresh] rebuilding @ http://localhost:3000/_next/static/chunks/node_modules_next_dist_1ybzpk2._.js:2477
[ 1745105ms] [LOG] [Fast Refresh] done in 265ms @ http://localhost:3000/_next/static/chunks/node_modules_next_dist_1ybzpk2._.js:2477
[ 1761399ms] [LOG] [Fast Refresh] rebuilding @ http://localhost:3000/_next/static/chunks/node_modules_next_dist_1ybzpk2._.js:2477
[ 1761564ms] [LOG] [Fast Refresh] done in 77ms @ http://localhost:3000/_next/static/chunks/node_modules_next_dist_1ybzpk2._.js:2477
[ 1761672ms] [LOG] [Fast Refresh] rebuilding @ http://localhost:3000/_next/static/chunks/node_modules_next_dist_1ybzpk2._.js:2477
[ 1761705ms] [LOG] [Fast Refresh] done in 139ms @ http://localhost:3000/_next/static/chunks/node_modules_next_dist_1ybzpk2._.js:2477
[ 1789662ms] [LOG] [Fast Refresh] rebuilding @ http://localhost:3000/_next/static/chunks/node_modules_next_dist_1ybzpk2._.js:2477
[ 1790151ms] [ERROR] ./app/products/page.tsx:4:1
Module not found: Can't resolve '@/components/product/ProductCard'
  2 | import { PiCaretLeft, PiCaretRight } from "react-icons/pi";
  3 | import { SchoolPromo } from "@/components/home/SchoolPromo";
> 4 | import { ProductCard } from "@/components/product/ProductCard";
    | ^^^^^^^^^^^^^^^^^^^^^^^^^^^^^^^^^^^^^^^^^^^^^^^^^^^^^^^^^^^^^^^
  5 | import { ProductsFilterControls } from "@/components/product/ProductsFilterControls";
  6 | import { productFilterGroups, productsPageProducts } from "@/lib/mock-data";
  7 |

Import map: aliased to relative './components/product/ProductCard' inside of [project]/

https://nextjs.org/docs/messages/module-not-found @ http://localhost:3000/_next/static/chunks/node_modules_next_dist_1ybzpk2._.js:3318
[ 1790151ms] [ERROR] ./components/home/BestSellers.tsx:6:1
Module not found: Can't resolve '@/components/product/ProductCard'
  4 | import { useRef, useState } from "react";
  5 | import { PiArrowLeft, PiArrowRight } from "react-icons/pi";
> 6 | import { ProductCard } from "@/components/product/ProductCard";
    | ^^^^^^^^^^^^^^^^^^^^^^^^^^^^^^^^^^^^^^^^^^^^^^^^^^^^^^^^^^^^^^^
  7 | import { bestSellerProducts } from "@/lib/mock-data";
  8 |
  9 | export function BestSellers() {

Import map: aliased to relative './components/product/ProductCard' inside of [project]/

Import trace:
  Server Component:
    ./components/home/BestSellers.tsx
    ./app/page.tsx

https://nextjs.org/docs/messages/module-not-found @ http://localhost:3000/_next/static/chunks/node_modules_next_dist_1ybzpk2._.js:3318
[ 1790251ms] [ERROR] ./app/products/page.tsx:4:1
Module not found: Can't resolve '@/components/product/ProductCard'
  2 | import { PiCaretLeft, PiCaretRight } from "react-icons/pi";
  3 | import { SchoolPromo } from "@/components/home/SchoolPromo";
> 4 | import { ProductCard } from "@/components/product/ProductCard";
    | ^^^^^^^^^^^^^^^^^^^^^^^^^^^^^^^^^^^^^^^^^^^^^^^^^^^^^^^^^^^^^^^
  5 | import { ProductsFilterControls } from "@/components/product/ProductsFilterControls";
  6 | import { productFilterGroups, productsPageProducts } from "@/lib/mock-data";
  7 |

Import map: aliased to relative './components/product/ProductCard' inside of [project]/

https://nextjs.org/docs/messages/module-not-found @ http://localhost:3000/_next/static/chunks/node_modules_next_dist_1ybzpk2._.js:3318
[ 1790251ms] [ERROR] ./components/home/BestSellers.tsx:6:1
Module not found: Can't resolve '@/components/product/ProductCard'
  4 | import { useRef, useState } from "react";
  5 | import { PiArrowLeft, PiArrowRight } from "react-icons/pi";
> 6 | import { ProductCard } from "@/components/product/ProductCard";
    | ^^^^^^^^^^^^^^^^^^^^^^^^^^^^^^^^^^^^^^^^^^^^^^^^^^^^^^^^^^^^^^^
  7 | import { bestSellerProducts } from "@/lib/mock-data";
  8 |
  9 | export function BestSellers() {

Import map: aliased to relative './components/product/ProductCard' inside of [project]/

Import trace:
  Server Component:
    ./components/home/BestSellers.tsx
    ./app/page.tsx

https://nextjs.org/docs/messages/module-not-found @ http://localhost:3000/_next/static/chunks/node_modules_next_dist_1ybzpk2._.js:3318
[ 1790353ms] [LOG] [Fast Refresh] rebuilding @ http://localhost:3000/_next/static/chunks/node_modules_next_dist_1ybzpk2._.js:2477
[ 1790710ms] [ERROR] Failed to load resource: the server responded with a status of 500 (Internal Server Error) @ http://localhost:3000/cart?_rsc=EinMubM3qWyoOAat:0
[ 1790717ms] [ERROR] ./app/products/page.tsx:4:1
Module not found: Can't resolve '@/components/product/ProductCard'
  2 | import { PiCaretLeft, PiCaretRight } from "react-icons/pi";
  3 | import { SchoolPromo } from "@/components/home/SchoolPromo";
> 4 | import { ProductCard } from "@/components/product/ProductCard";
    | ^^^^^^^^^^^^^^^^^^^^^^^^^^^^^^^^^^^^^^^^^^^^^^^^^^^^^^^^^^^^^^^
  5 | import { ProductsFilterControls } from "@/components/product/ProductsFilterControls";
  6 | import { productFilterGroups, productsPageProducts } from "@/lib/mock-data";
  7 |

Import map: aliased to relative './components/product/ProductCard' inside of [project]/

https://nextjs.org/docs/messages/module-not-found @ http://localhost:3000/_next/static/chunks/node_modules_next_dist_1ybzpk2._.js:3318
[ 1790718ms] [ERROR] ./components/home/BestSellers.tsx:6:1
Module not found: Can't resolve '@/components/product/ProductCard'
  4 | import { useRef, useState } from "react";
  5 | import { PiArrowLeft, PiArrowRight } from "react-icons/pi";
> 6 | import { ProductCard } from "@/components/product/ProductCard";
    | ^^^^^^^^^^^^^^^^^^^^^^^^^^^^^^^^^^^^^^^^^^^^^^^^^^^^^^^^^^^^^^^
  7 | import { bestSellerProducts } from "@/lib/mock-data";
  8 |
  9 | export function BestSellers() {

Import map: aliased to relative './components/product/ProductCard' inside of [project]/

Import trace:
  Server Component:
    ./components/home/BestSellers.tsx
    ./app/page.tsx

https://nextjs.org/docs/messages/module-not-found @ http://localhost:3000/_next/static/chunks/node_modules_next_dist_1ybzpk2._.js:3318
[ 1790718ms] [ERROR] ./app/products/page.tsx:4:1
Module not found: Can't resolve '@/components/product/ProductCard'
  2 | import { PiCaretLeft, PiCaretRight } from "react-icons/pi";
  3 | import { SchoolPromo } from "@/components/home/SchoolPromo";
> 4 | import { ProductCard } from "@/components/product/ProductCard";
    | ^^^^^^^^^^^^^^^^^^^^^^^^^^^^^^^^^^^^^^^^^^^^^^^^^^^^^^^^^^^^^^^
  5 | import { ProductsFilterControls } from "@/components/product/ProductsFilterControls";
  6 | import { productFilterGroups, productsPageProducts } from "@/lib/mock-data";
  7 |

Import map: aliased to relative './components/product/ProductCard' inside of [project]/

https://nextjs.org/docs/messages/module-not-found @ http://localhost:3000/_next/static/chunks/node_modules_next_dist_1ybzpk2._.js:3318
[ 1790719ms] [ERROR] ./components/home/BestSellers.tsx:6:1
Module not found: Can't resolve '@/components/product/ProductCard'
  4 | import { useRef, useState } from "react";
  5 | import { PiArrowLeft, PiArrowRight } from "react-icons/pi";
> 6 | import { ProductCard } from "@/components/product/ProductCard";
    | ^^^^^^^^^^^^^^^^^^^^^^^^^^^^^^^^^^^^^^^^^^^^^^^^^^^^^^^^^^^^^^^
  7 | import { bestSellerProducts } from "@/lib/mock-data";
  8 |
  9 | export function BestSellers() {

Import map: aliased to relative './components/product/ProductCard' inside of [project]/

Import trace:
  Server Component:
    ./components/home/BestSellers.tsx
    ./app/page.tsx

https://nextjs.org/docs/messages/module-not-found @ http://localhost:3000/_next/static/chunks/node_modules_next_dist_1ybzpk2._.js:3318
[ 1790820ms] [LOG] [Fast Refresh] rebuilding @ http://localhost:3000/_next/static/chunks/node_modules_next_dist_1ybzpk2._.js:2477
[ 1790821ms] [ERROR] ./app/products/page.tsx:4:1
Module not found: Can't resolve '@/components/product/ProductCard'
  2 | import { PiCaretLeft, PiCaretRight } from "react-icons/pi";
  3 | import { SchoolPromo } from "@/components/home/SchoolPromo";
> 4 | import { ProductCard } from "@/components/product/ProductCard";
    | ^^^^^^^^^^^^^^^^^^^^^^^^^^^^^^^^^^^^^^^^^^^^^^^^^^^^^^^^^^^^^^^
  5 | import { ProductsFilterControls } from "@/components/product/ProductsFilterControls";
  6 | import { productFilterGroups, productsPageProducts } from "@/lib/mock-data";
  7 |

Import map: aliased to relative './components/product/ProductCard' inside of [project]/

https://nextjs.org/docs/messages/module-not-found @ http://localhost:3000/_next/static/chunks/node_modules_next_dist_1ybzpk2._.js:3318
[ 1790821ms] [ERROR] ./components/home/BestSellers.tsx:6:1
Module not found: Can't resolve '@/components/product/ProductCard'
  4 | import { useRef, useState } from "react";
  5 | import { PiArrowLeft, PiArrowRight } from "react-icons/pi";
> 6 | import { ProductCard } from "@/components/product/ProductCard";
    | ^^^^^^^^^^^^^^^^^^^^^^^^^^^^^^^^^^^^^^^^^^^^^^^^^^^^^^^^^^^^^^^
  7 | import { bestSellerProducts } from "@/lib/mock-data";
  8 |
  9 | export function BestSellers() {

Import map: aliased to relative './components/product/ProductCard' inside of [project]/

Import trace:
  Server Component:
    ./components/home/BestSellers.tsx
    ./app/page.tsx

https://nextjs.org/docs/messages/module-not-found @ http://localhost:3000/_next/static/chunks/node_modules_next_dist_1ybzpk2._.js:3318
[ 1790926ms] [LOG] [Fast Refresh] rebuilding @ http://localhost:3000/_next/static/chunks/node_modules_next_dist_1ybzpk2._.js:2477
[ 1791010ms] [ERROR] Failed to load resource: the server responded with a status of 500 (Internal Server Error) @ http://localhost:3000/cart?_rsc=EinMubM3qWyoOAat:0
[ 1791021ms] [ERROR] ./app/products/page.tsx:4:1
Module not found: Can't resolve '@/components/product/ProductCard'
  2 | import { PiCaretLeft, PiCaretRight } from "react-icons/pi";
  3 | import { SchoolPromo } from "@/components/home/SchoolPromo";
> 4 | import { ProductCard } from "@/components/product/ProductCard";
    | ^^^^^^^^^^^^^^^^^^^^^^^^^^^^^^^^^^^^^^^^^^^^^^^^^^^^^^^^^^^^^^^
  5 | import { ProductsFilterControls } from "@/components/product/ProductsFilterControls";
  6 | import { productFilterGroups, productsPageProducts } from "@/lib/mock-data";
  7 |

Import map: aliased to relative './components/product/ProductCard' inside of [project]/

https://nextjs.org/docs/messages/module-not-found @ http://localhost:3000/_next/static/chunks/node_modules_next_dist_1ybzpk2._.js:3318
[ 1791021ms] [ERROR] ./components/home/BestSellers.tsx:6:1
Module not found: Can't resolve '@/components/product/ProductCard'
  4 | import { useRef, useState } from "react";
  5 | import { PiArrowLeft, PiArrowRight } from "react-icons/pi";
> 6 | import { ProductCard } from "@/components/product/ProductCard";
    | ^^^^^^^^^^^^^^^^^^^^^^^^^^^^^^^^^^^^^^^^^^^^^^^^^^^^^^^^^^^^^^^
  7 | import { bestSellerProducts } from "@/lib/mock-data";
  8 |
  9 | export function BestSellers() {

Import map: aliased to relative './components/product/ProductCard' inside of [project]/

Import trace:
  Server Component:
    ./components/home/BestSellers.tsx
    ./app/page.tsx

https://nextjs.org/docs/messages/module-not-found @ http://localhost:3000/_next/static/chunks/node_modules_next_dist_1ybzpk2._.js:3318
[ 1791161ms] [ERROR] Failed to load resource: the server responded with a status of 500 (Internal Server Error) @ http://localhost:3000/cart:0
[ 1792273ms] [INFO] %cDownload the React DevTools for a better development experience: https://react.dev/link/react-devtools font-weight:bold @ http://localhost:3000/_next/static/chunks/node_modules_react-dom_0kla17-._.js:15305
[ 1792371ms] Error: ./app/products/page.tsx:4:1
Module not found: Can't resolve '@/components/product/ProductCard'
  2 | import { PiCaretLeft, PiCaretRight } from "react-icons/pi";
  3 | import { SchoolPromo } from "@/components/home/SchoolPromo";
> 4 | import { ProductCard } from "@/components/product/ProductCard";
    | ^^^^^^^^^^^^^^^^^^^^^^^^^^^^^^^^^^^^^^^^^^^^^^^^^^^^^^^^^^^^^^^
  5 | import { ProductsFilterControls } from "@/components/product/ProductsFilterControls";
  6 | import { productFilterGroups, productsPageProducts } from "@/lib/mock-data";
  7 |

Import map: aliased to relative './components/product/ProductCard' inside of [project]/


https://nextjs.org/docs/messages/module-not-found


    at <unknown> (Error: ./app/products/page.tsx:4:1)
    at <unknown> (https://nextjs.org/docs/messages/module-not-found)
    at Object.getCompilationErrors (file://D:\websites\warqandqlam\node_modules\next\dist\server\dev\hot-reloader-turbopack.js:1186:59)
    at DevBundlerService.getCompilationError (file://D:\websites\warqandqlam\node_modules\next\dist\server\lib\dev-bundler-service.js:44:55)
    at DevServer.getCompilationError (file://D:\websites\warqandqlam\node_modules\next\dist\server\dev\next-dev-server.js:720:42)
    at DevServer.findPageComponents (file://D:\websites\warqandqlam\node_modules\next\dist\server\dev\next-dev-server.js:690:43)
    at async DevServer.renderErrorToResponseImpl (file://D:\websites\warqandqlam\node_modules\next\dist\server\base-server.js:1753:26)
[ 1792673ms] [LOG] [HMR] connected @ http://localhost:3000/_next/static/chunks/node_modules_next_dist_1gdrd03._.js:1226
[ 1844284ms] [LOG] [Fast Refresh] rebuilding @ http://localhost:3000/_next/static/chunks/node_modules_next_dist_1gdrd03._.js:1226
[ 1844358ms] [ERROR] ./components/cart/CartPageClient.tsx:7:1
Module not found: Can't resolve '@/components/cart/RelatedProducts'
   5 | import { EmptyCart } from "@/components/cart/EmptyCart";
   6 | import { OrderSummary } from "@/components/cart/OrderSummary";
>  7 | import { RelatedProducts } from "@/components/cart/RelatedProducts";
     | ^^^^^^^^^^^^^^^^^^^^^^^^^^^^^^^^^^^^^^^^^^^^^^^^^^^^^^^^^^^^^^^^^^^^
   8 | import { useCart } from "@/components/cart/CartProvider";
   9 | import { productDetails } from "@/lib/mock-data";
  10 |

Import map: aliased to relative './components/cart/RelatedProducts' inside of [project]/

Import trace:
  Server Component:
    ./components/cart/CartPageClient.tsx
    ./app/cart/page.tsx

https://nextjs.org/docs/messages/module-not-found @ http://localhost:3000/_next/static/chunks/node_modules_next_dist_1gdrd03._.js:1945
[ 1844501ms] [LOG] [Fast Refresh] rebuilding @ http://localhost:3000/_next/static/chunks/node_modules_next_dist_1gdrd03._.js:1226
[ 1844526ms] [ERROR] ./components/cart/CartPageClient.tsx:7:1
Module not found: Can't resolve '@/components/cart/RelatedProducts'
   5 | import { EmptyCart } from "@/components/cart/EmptyCart";
   6 | import { OrderSummary } from "@/components/cart/OrderSummary";
>  7 | import { RelatedProducts } from "@/components/cart/RelatedProducts";
     | ^^^^^^^^^^^^^^^^^^^^^^^^^^^^^^^^^^^^^^^^^^^^^^^^^^^^^^^^^^^^^^^^^^^^
   8 | import { useCart } from "@/components/cart/CartProvider";
   9 | import { productDetails } from "@/lib/mock-data";
  10 |

Import map: aliased to relative './components/cart/RelatedProducts' inside of [project]/

Import trace:
  Server Component:
    ./components/cart/CartPageClient.tsx
    ./app/cart/page.tsx

https://nextjs.org/docs/messages/module-not-found @ http://localhost:3000/_next/static/chunks/node_modules_next_dist_1gdrd03._.js:1945
[ 1844528ms] [ERROR] ./components/cart/CartPageClient.tsx:7:1
Module not found: Can't resolve '@/components/cart/RelatedProducts'
   5 | import { EmptyCart } from "@/components/cart/EmptyCart";
   6 | import { OrderSummary } from "@/components/cart/OrderSummary";
>  7 | import { RelatedProducts } from "@/components/cart/RelatedProducts";
     | ^^^^^^^^^^^^^^^^^^^^^^^^^^^^^^^^^^^^^^^^^^^^^^^^^^^^^^^^^^^^^^^^^^^^
   8 | import { useCart } from "@/components/cart/CartProvider";
   9 | import { productDetails } from "@/lib/mock-data";
  10 |

Import map: aliased to relative './components/cart/RelatedProducts' inside of [project]/

Import trace:
  Server Component:
    ./components/cart/CartPageClient.tsx
    ./app/cart/page.tsx

https://nextjs.org/docs/messages/module-not-found @ http://localhost:3000/_next/static/chunks/node_modules_next_dist_1gdrd03._.js:1945
[ 1844640ms] [LOG] [Fast Refresh] rebuilding @ http://localhost:3000/_next/static/chunks/node_modules_next_dist_1gdrd03._.js:1226
[ 1844659ms] [ERROR] ./components/cart/CartPageClient.tsx:7:1
Module not found: Can't resolve '@/components/cart/RelatedProducts'
   5 | import { EmptyCart } from "@/components/cart/EmptyCart";
   6 | import { OrderSummary } from "@/components/cart/OrderSummary";
>  7 | import { RelatedProducts } from "@/components/cart/RelatedProducts";
     | ^^^^^^^^^^^^^^^^^^^^^^^^^^^^^^^^^^^^^^^^^^^^^^^^^^^^^^^^^^^^^^^^^^^^
   8 | import { useCart } from "@/components/cart/CartProvider";
   9 | import { productDetails } from "@/lib/mock-data";
  10 |

Import map: aliased to relative './components/cart/RelatedProducts' inside of [project]/

Import trace:
  Server Component:
    ./components/cart/CartPageClient.tsx
    ./app/cart/page.tsx

https://nextjs.org/docs/messages/module-not-found @ http://localhost:3000/_next/static/chunks/node_modules_next_dist_1gdrd03._.js:1945
[ 1844677ms] [ERROR] Failed to load resource: the server responded with a status of 500 (Internal Server Error) @ http://localhost:3000/cart:0
[ 1844845ms] [INFO] %cDownload the React DevTools for a better development experience: https://react.dev/link/react-devtools font-weight:bold @ http://localhost:3000/_next/static/chunks/node_modules_react-dom_0kla17-._.js:15305
[ 1844870ms] Error: ./components/cart/CartPageClient.tsx:7:1
Module not found: Can't resolve '@/components/cart/RelatedProducts'
   5 | import { EmptyCart } from "@/components/cart/EmptyCart";
   6 | import { OrderSummary } from "@/components/cart/OrderSummary";
>  7 | import { RelatedProducts } from "@/components/cart/RelatedProducts";
     | ^^^^^^^^^^^^^^^^^^^^^^^^^^^^^^^^^^^^^^^^^^^^^^^^^^^^^^^^^^^^^^^^^^^^
   8 | import { useCart } from "@/components/cart/CartProvider";
   9 | import { productDetails } from "@/lib/mock-data";
  10 |

Import map: aliased to relative './components/cart/RelatedProducts' inside of [project]/


Import trace:
  Server Component:
    ./components/cart/CartPageClient.tsx
    ./app/cart/page.tsx

https://nextjs.org/docs/messages/module-not-found


    at <unknown> (Error: ./components/cart/CartPageClient.tsx:7:1)
    at <unknown> (https://nextjs.org/docs/messages/module-not-found)
    at Object.getCompilationErrors (file://D:\websites\warqandqlam\node_modules\next\dist\server\dev\hot-reloader-turbopack.js:1186:59)
    at DevBundlerService.getCompilationError (file://D:\websites\warqandqlam\node_modules\next\dist\server\lib\dev-bundler-service.js:44:55)
    at DevServer.getCompilationError (file://D:\websites\warqandqlam\node_modules\next\dist\server\dev\next-dev-server.js:720:42)
    at DevServer.findPageComponents (file://D:\websites\warqandqlam\node_modules\next\dist\server\dev\next-dev-server.js:690:43)
    at async DevServer.renderErrorToResponseImpl (file://D:\websites\warqandqlam\node_modules\next\dist\server\base-server.js:1753:26)
[ 1844876ms] [LOG] [HMR] connected @ http://localhost:3000/_next/static/chunks/node_modules_next_dist_1gdrd03._.js:1226
[ 1844938ms] [ERROR] ./components/cart/CartPageClient.tsx:7:1
Module not found: Can't resolve '@/components/cart/RelatedProducts'
   5 | import { EmptyCart } from "@/components/cart/EmptyCart";
   6 | import { OrderSummary } from "@/components/cart/OrderSummary";
>  7 | import { RelatedProducts } from "@/components/cart/RelatedProducts";
     | ^^^^^^^^^^^^^^^^^^^^^^^^^^^^^^^^^^^^^^^^^^^^^^^^^^^^^^^^^^^^^^^^^^^^
   8 | import { useCart } from "@/components/cart/CartProvider";
   9 | import { productDetails } from "@/lib/mock-data";
  10 |

Import map: aliased to relative './components/cart/RelatedProducts' inside of [project]/

Import trace:
  Server Component:
    ./components/cart/CartPageClient.tsx
    ./app/cart/page.tsx

https://nextjs.org/docs/messages/module-not-found @ http://localhost:3000/_next/static/chunks/node_modules_next_dist_1gdrd03._.js:1945
[ 1844991ms] [ERROR] ./components/cart/CartPageClient.tsx:7:1
Module not found: Can't resolve '@/components/cart/RelatedProducts'
   5 | import { EmptyCart } from "@/components/cart/EmptyCart";
   6 | import { OrderSummary } from "@/components/cart/OrderSummary";
>  7 | import { RelatedProducts } from "@/components/cart/RelatedProducts";
     | ^^^^^^^^^^^^^^^^^^^^^^^^^^^^^^^^^^^^^^^^^^^^^^^^^^^^^^^^^^^^^^^^^^^^
   8 | import { useCart } from "@/components/cart/CartProvider";
   9 | import { productDetails } from "@/lib/mock-data";
  10 |

Import map: aliased to relative './components/cart/RelatedProducts' inside of [project]/

Import trace:
  Server Component:
    ./components/cart/CartPageClient.tsx
    ./app/cart/page.tsx

https://nextjs.org/docs/messages/module-not-found @ http://localhost:3000/_next/static/chunks/node_modules_next_dist_1gdrd03._.js:1945
[ 1845029ms] [ERROR] ./components/cart/CartPageClient.tsx:7:1
Module not found: Can't resolve '@/components/cart/RelatedProducts'
   5 | import { EmptyCart } from "@/components/cart/EmptyCart";
   6 | import { OrderSummary } from "@/components/cart/OrderSummary";
>  7 | import { RelatedProducts } from "@/components/cart/RelatedProducts";
     | ^^^^^^^^^^^^^^^^^^^^^^^^^^^^^^^^^^^^^^^^^^^^^^^^^^^^^^^^^^^^^^^^^^^^
   8 | import { useCart } from "@/components/cart/CartProvider";
   9 | import { productDetails } from "@/lib/mock-data";
  10 |

Import map: aliased to relative './components/cart/RelatedProducts' inside of [project]/

Import trace:
  Server Component:
    ./components/cart/CartPageClient.tsx
    ./app/cart/page.tsx

https://nextjs.org/docs/messages/module-not-found @ http://localhost:3000/_next/static/chunks/node_modules_next_dist_1gdrd03._.js:1945
[ 1845164ms] [ERROR] ./components/cart/CartPageClient.tsx:7:1
Module not found: Can't resolve '@/components/cart/RelatedProducts'
   5 | import { EmptyCart } from "@/components/cart/EmptyCart";
   6 | import { OrderSummary } from "@/components/cart/OrderSummary";
>  7 | import { RelatedProducts } from "@/components/cart/RelatedProducts";
     | ^^^^^^^^^^^^^^^^^^^^^^^^^^^^^^^^^^^^^^^^^^^^^^^^^^^^^^^^^^^^^^^^^^^^
   8 | import { useCart } from "@/components/cart/CartProvider";
   9 | import { productDetails } from "@/lib/mock-data";
  10 |

Import map: aliased to relative './components/cart/RelatedProducts' inside of [project]/

Import trace:
  Server Component:
    ./components/cart/CartPageClient.tsx
    ./app/cart/page.tsx

https://nextjs.org/docs/messages/module-not-found @ http://localhost:3000/_next/static/chunks/node_modules_next_dist_1gdrd03._.js:1945
[ 1845171ms] [LOG] [Fast Refresh] rebuilding @ http://localhost:3000/_next/static/chunks/node_modules_next_dist_1gdrd03._.js:1226
[ 1845260ms] [ERROR] ./components/cart/CartPageClient.tsx:7:1
Module not found: Can't resolve '@/components/cart/RelatedProducts'
   5 | import { EmptyCart } from "@/components/cart/EmptyCart";
   6 | import { OrderSummary } from "@/components/cart/OrderSummary";
>  7 | import { RelatedProducts } from "@/components/cart/RelatedProducts";
     | ^^^^^^^^^^^^^^^^^^^^^^^^^^^^^^^^^^^^^^^^^^^^^^^^^^^^^^^^^^^^^^^^^^^^
   8 | import { useCart } from "@/components/cart/CartProvider";
   9 | import { productDetails } from "@/lib/mock-data";
  10 |

Import map: aliased to relative './components/cart/RelatedProducts' inside of [project]/

Import trace:
  Server Component:
    ./components/cart/CartPageClient.tsx
    ./app/cart/page.tsx

https://nextjs.org/docs/messages/module-not-found @ http://localhost:3000/_next/static/chunks/node_modules_next_dist_1gdrd03._.js:1945
[ 1845314ms] [ERROR] ./components/cart/CartPageClient.tsx:7:1
Module not found: Can't resolve '@/components/cart/RelatedProducts'
   5 | import { EmptyCart } from "@/components/cart/EmptyCart";
   6 | import { OrderSummary } from "@/components/cart/OrderSummary";
>  7 | import { RelatedProducts } from "@/components/cart/RelatedProducts";
     | ^^^^^^^^^^^^^^^^^^^^^^^^^^^^^^^^^^^^^^^^^^^^^^^^^^^^^^^^^^^^^^^^^^^^
   8 | import { useCart } from "@/components/cart/CartProvider";
   9 | import { productDetails } from "@/lib/mock-data";
  10 |

Import map: aliased to relative './components/cart/RelatedProducts' inside of [project]/

Import trace:
  Server Component:
    ./components/cart/CartPageClient.tsx
    ./app/cart/page.tsx

https://nextjs.org/docs/messages/module-not-found @ http://localhost:3000/_next/static/chunks/node_modules_next_dist_1gdrd03._.js:1945
[ 1845419ms] [LOG] [Fast Refresh] rebuilding @ http://localhost:3000/_next/static/chunks/node_modules_next_dist_1gdrd03._.js:1226
[ 1845512ms] [ERROR] ./components/cart/CartPageClient.tsx:7:1
Module not found: Can't resolve '@/components/cart/RelatedProducts'
   5 | import { EmptyCart } from "@/components/cart/EmptyCart";
   6 | import { OrderSummary } from "@/components/cart/OrderSummary";
>  7 | import { RelatedProducts } from "@/components/cart/RelatedProducts";
     | ^^^^^^^^^^^^^^^^^^^^^^^^^^^^^^^^^^^^^^^^^^^^^^^^^^^^^^^^^^^^^^^^^^^^
   8 | import { useCart } from "@/components/cart/CartProvider";
   9 | import { productDetails } from "@/lib/mock-data";
  10 |

Import map: aliased to relative './components/cart/RelatedProducts' inside of [project]/

Import trace:
  Server Component:
    ./components/cart/CartPageClient.tsx
    ./app/cart/page.tsx

https://nextjs.org/docs/messages/module-not-found @ http://localhost:3000/_next/static/chunks/node_modules_next_dist_1gdrd03._.js:1945
[ 1845589ms] [ERROR] ./components/cart/CartPageClient.tsx:7:1
Module not found: Can't resolve '@/components/cart/RelatedProducts'
   5 | import { EmptyCart } from "@/components/cart/EmptyCart";
   6 | import { OrderSummary } from "@/components/cart/OrderSummary";
>  7 | import { RelatedProducts } from "@/components/cart/RelatedProducts";
     | ^^^^^^^^^^^^^^^^^^^^^^^^^^^^^^^^^^^^^^^^^^^^^^^^^^^^^^^^^^^^^^^^^^^^
   8 | import { useCart } from "@/components/cart/CartProvider";
   9 | import { productDetails } from "@/lib/mock-data";
  10 |

Import map: aliased to relative './components/cart/RelatedProducts' inside of [project]/

Import trace:
  Server Component:
    ./components/cart/CartPageClient.tsx
    ./app/cart/page.tsx

https://nextjs.org/docs/messages/module-not-found @ http://localhost:3000/_next/static/chunks/node_modules_next_dist_1gdrd03._.js:1945
[ 1845702ms] [ERROR] ./components/cart/CartPageClient.tsx:7:1
Module not found: Can't resolve '@/components/cart/RelatedProducts'
   5 | import { EmptyCart } from "@/components/cart/EmptyCart";
   6 | import { OrderSummary } from "@/components/cart/OrderSummary";
>  7 | import { RelatedProducts } from "@/components/cart/RelatedProducts";
     | ^^^^^^^^^^^^^^^^^^^^^^^^^^^^^^^^^^^^^^^^^^^^^^^^^^^^^^^^^^^^^^^^^^^^
   8 | import { useCart } from "@/components/cart/CartProvider";
   9 | import { productDetails } from "@/lib/mock-data";
  10 |

Import map: aliased to relative './components/cart/RelatedProducts' inside of [project]/

Import trace:
  Server Component:
    ./components/cart/CartPageClient.tsx
    ./app/cart/page.tsx

https://nextjs.org/docs/messages/module-not-found @ http://localhost:3000/_next/static/chunks/node_modules_next_dist_1gdrd03._.js:1945
[ 1845779ms] [ERROR] ./components/cart/CartPageClient.tsx:7:1
Module not found: Can't resolve '@/components/cart/RelatedProducts'
   5 | import { EmptyCart } from "@/components/cart/EmptyCart";
   6 | import { OrderSummary } from "@/components/cart/OrderSummary";
>  7 | import { RelatedProducts } from "@/components/cart/RelatedProducts";
     | ^^^^^^^^^^^^^^^^^^^^^^^^^^^^^^^^^^^^^^^^^^^^^^^^^^^^^^^^^^^^^^^^^^^^
   8 | import { useCart } from "@/components/cart/CartProvider";
   9 | import { productDetails } from "@/lib/mock-data";
  10 |

Import map: aliased to relative './components/cart/RelatedProducts' inside of [project]/

Import trace:
  Server Component:
    ./components/cart/CartPageClient.tsx
    ./app/cart/page.tsx

https://nextjs.org/docs/messages/module-not-found @ http://localhost:3000/_next/static/chunks/node_modules_next_dist_1gdrd03._.js:1945
[ 1845855ms] [ERROR] ./components/cart/CartPageClient.tsx:7:1
Module not found: Can't resolve '@/components/cart/RelatedProducts'
   5 | import { EmptyCart } from "@/components/cart/EmptyCart";
   6 | import { OrderSummary } from "@/components/cart/OrderSummary";
>  7 | import { RelatedProducts } from "@/components/cart/RelatedProducts";
     | ^^^^^^^^^^^^^^^^^^^^^^^^^^^^^^^^^^^^^^^^^^^^^^^^^^^^^^^^^^^^^^^^^^^^
   8 | import { useCart } from "@/components/cart/CartProvider";
   9 | import { productDetails } from "@/lib/mock-data";
  10 |

Import map: aliased to relative './components/cart/RelatedProducts' inside of [project]/

Import trace:
  Server Component:
    ./components/cart/CartPageClient.tsx
    ./app/cart/page.tsx

https://nextjs.org/docs/messages/module-not-found @ http://localhost:3000/_next/static/chunks/node_modules_next_dist_1gdrd03._.js:1945
[ 1845926ms] [ERROR] ./components/cart/CartPageClient.tsx:7:1
Module not found: Can't resolve '@/components/cart/RelatedProducts'
   5 | import { EmptyCart } from "@/components/cart/EmptyCart";
   6 | import { OrderSummary } from "@/components/cart/OrderSummary";
>  7 | import { RelatedProducts } from "@/components/cart/RelatedProducts";
     | ^^^^^^^^^^^^^^^^^^^^^^^^^^^^^^^^^^^^^^^^^^^^^^^^^^^^^^^^^^^^^^^^^^^^
   8 | import { useCart } from "@/components/cart/CartProvider";
   9 | import { productDetails } from "@/lib/mock-data";
  10 |

Import map: aliased to relative './components/cart/RelatedProducts' inside of [project]/

Import trace:
  Server Component:
    ./components/cart/CartPageClient.tsx
    ./app/cart/page.tsx

https://nextjs.org/docs/messages/module-not-found @ http://localhost:3000/_next/static/chunks/node_modules_next_dist_1gdrd03._.js:1945
[ 1846039ms] [LOG] [Fast Refresh] rebuilding @ http://localhost:3000/_next/static/chunks/node_modules_next_dist_1gdrd03._.js:1226
[ 1846692ms] [LOG] [Fast Refresh] done in 266ms @ http://localhost:3000/_next/static/chunks/node_modules_next_dist_1gdrd03._.js:1226
[ 1846819ms] [LOG] [Fast Refresh] rebuilding @ http://localhost:3000/_next/static/chunks/node_modules_next_dist_1gdrd03._.js:1226
[ 1847166ms] [LOG] [Fast Refresh] done in 450ms @ http://localhost:3000/_next/static/chunks/node_modules_next_dist_1gdrd03._.js:1226
[ 1848146ms] [INFO] %cDownload the React DevTools for a better development experience: https://react.dev/link/react-devtools font-weight:bold @ http://localhost:3000/_next/static/chunks/node_modules_next_dist_1ybzpk2._.js:2477
[ 1848323ms] [LOG] [HMR] connected @ http://localhost:3000/_next/static/chunks/node_modules_next_dist_1ybzpk2._.js:2477
[ 1869069ms] [LOG] [Fast Refresh] rebuilding @ http://localhost:3000/_next/static/chunks/node_modules_next_dist_1ybzpk2._.js:2477
[ 1869263ms] [LOG] [Fast Refresh] done in 297ms @ http://localhost:3000/_next/static/chunks/node_modules_next_dist_1ybzpk2._.js:2477
[ 1869383ms] [LOG] [Fast Refresh] rebuilding @ http://localhost:3000/_next/static/chunks/node_modules_next_dist_1ybzpk2._.js:2477
[ 1869596ms] [LOG] [Fast Refresh] done in 314ms @ http://localhost:3000/_next/static/chunks/node_modules_next_dist_1ybzpk2._.js:2477
[ 1869981ms] [LOG] [Fast Refresh] rebuilding @ http://localhost:3000/_next/static/chunks/node_modules_next_dist_1ybzpk2._.js:2477
[ 1870039ms] [LOG] [Fast Refresh] done in 159ms @ http://localhost:3000/_next/static/chunks/node_modules_next_dist_1ybzpk2._.js:2477
[ 1894391ms] [LOG] [Fast Refresh] rebuilding @ http://localhost:3000/_next/static/chunks/node_modules_next_dist_1ybzpk2._.js:2477
[ 1894550ms] [LOG] [Fast Refresh] done in 269ms @ http://localhost:3000/_next/static/chunks/node_modules_next_dist_1ybzpk2._.js:2477
[ 1894671ms] [LOG] [Fast Refresh] rebuilding @ http://localhost:3000/_next/static/chunks/node_modules_next_dist_1ybzpk2._.js:2477
[ 1895097ms] [LOG] [Fast Refresh] done in 541ms @ http://localhost:3000/_next/static/chunks/node_modules_next_dist_1ybzpk2._.js:2477
[ 1895214ms] [LOG] [Fast Refresh] rebuilding @ http://localhost:3000/_next/static/chunks/node_modules_next_dist_1ybzpk2._.js:2477
[ 1895256ms] [LOG] [Fast Refresh] done in 145ms @ http://localhost:3000/_next/static/chunks/node_modules_next_dist_1ybzpk2._.js:2477
[ 1904580ms] [LOG] [Fast Refresh] rebuilding @ http://localhost:3000/_next/static/chunks/node_modules_next_dist_1ybzpk2._.js:2477
[ 1904678ms] [LOG] [Fast Refresh] done in 207ms @ http://localhost:3000/_next/static/chunks/node_modules_next_dist_1ybzpk2._.js:2477
[ 1904797ms] [LOG] [Fast Refresh] rebuilding @ http://localhost:3000/_next/static/chunks/node_modules_next_dist_1ybzpk2._.js:2477
[ 1904982ms] [LOG] [Fast Refresh] done in 295ms @ http://localhost:3000/_next/static/chunks/node_modules_next_dist_1ybzpk2._.js:2477
[ 1905083ms] [LOG] [Fast Refresh] rebuilding @ http://localhost:3000/_next/static/chunks/node_modules_next_dist_1ybzpk2._.js:2477
[ 1905647ms] [LOG] [Fast Refresh] done in 664ms @ http://localhost:3000/_next/static/chunks/node_modules_next_dist_1ybzpk2._.js:2477
[ 1914375ms] [WARNING] Image with src "/assets/images/logo.png" has either width or height modified, but not the other. If you use CSS to change the size of your image, also include the styles 'width: "auto"' or 'height: "auto"' to maintain the aspect ratio. @ http://localhost:3000/_next/static/chunks/node_modules_next_dist_1ybzpk2._.js:2477
[ 1914539ms] TypeError: Cannot read properties of undefined (reading 'isWishlisted')
    at ProductCard (http://localhost:3000/_next/static/chunks/_0i7a4oi._.js:1479:240)
    at Object.react_stack_bottom_frame (http://localhost:3000/_next/static/chunks/node_modules_next_dist_compiled_react-dom_096_9a-._.js:15037:24)
    at renderWithHooks (http://localhost:3000/_next/static/chunks/node_modules_next_dist_compiled_react-dom_096_9a-._.js:4620:24)
    at updateFunctionComponent (http://localhost:3000/_next/static/chunks/node_modules_next_dist_compiled_react-dom_096_9a-._.js:6081:21)
    at beginWork (http://localhost:3000/_next/static/chunks/node_modules_next_dist_compiled_react-dom_096_9a-._.js:6665:639)
    at runWithFiberInDEV (http://localhost:3000/_next/static/chunks/node_modules_next_dist_compiled_react-dom_096_9a-._.js:965:74)
    at performUnitOfWork (http://localhost:3000/_next/static/chunks/node_modules_next_dist_compiled_react-dom_096_9a-._.js:9555:97)
    at workLoopSync (http://localhost:3000/_next/static/chunks/node_modules_next_dist_compiled_react-dom_096_9a-._.js:9449:40)
    at renderRootSync (http://localhost:3000/_next/static/chunks/node_modules_next_dist_compiled_react-dom_096_9a-._.js:9433:13)
    at performWorkOnRoot (http://localhost:3000/_next/static/chunks/node_modules_next_dist_compiled_react-dom_096_9a-._.js:9098:47)
    at performWorkOnRootViaSchedulerTask (http://localhost:3000/_next/static/chunks/node_modules_next_dist_compiled_react-dom_096_9a-._.js:10255:9)
    at MessagePort.performWorkUntilDeadline (http://localhost:3000/_next/static/chunks/node_modules_next_dist_compiled_1amofcm._.js:2647:64)
[ 1917327ms] [LOG] [Fast Refresh] rebuilding @ http://localhost:3000/_next/static/chunks/node_modules_next_dist_1ybzpk2._.js:2477
[ 1917437ms] [LOG] [Fast Refresh] done in 90ms @ http://localhost:3000/_next/static/chunks/node_modules_next_dist_1ybzpk2._.js:2477
[ 1917554ms] [LOG] [Fast Refresh] rebuilding @ http://localhost:3000/_next/static/chunks/node_modules_next_dist_1ybzpk2._.js:2477
[ 1917984ms] [LOG] [Fast Refresh] done in 538ms @ http://localhost:3000/_next/static/chunks/node_modules_next_dist_1ybzpk2._.js:2477
[ 1918059ms] [ERROR] Failed to load resource: the server responded with a status of 500 (Internal Server Error) @ http://localhost:3000/products:0
[ 1918341ms] [INFO] %cDownload the React DevTools for a better development experience: https://react.dev/link/react-devtools font-weight:bold @ http://localhost:3000/_next/static/chunks/node_modules_next_dist_1ybzpk2._.js:2477
[ 1918381ms] [LOG] [HMR] connected @ http://localhost:3000/_next/static/chunks/node_modules_next_dist_1ybzpk2._.js:2477
[ 1918580ms] TypeError: Cannot read properties of undefined (reading 'isWishlisted')
    at ProductCard (http://localhost:3000/_next/static/chunks/components_product_1ntrhww._.js:35:240)
    at Object.react_stack_bottom_frame (http://localhost:3000/_next/static/chunks/node_modules_next_dist_compiled_react-dom_096_9a-._.js:15037:24)
    at renderWithHooks (http://localhost:3000/_next/static/chunks/node_modules_next_dist_compiled_react-dom_096_9a-._.js:4620:24)
    at updateFunctionComponent (http://localhost:3000/_next/static/chunks/node_modules_next_dist_compiled_react-dom_096_9a-._.js:6081:21)
    at beginWork (http://localhost:3000/_next/static/chunks/node_modules_next_dist_compiled_react-dom_096_9a-._.js:6665:639)
    at runWithFiberInDEV (http://localhost:3000/_next/static/chunks/node_modules_next_dist_compiled_react-dom_096_9a-._.js:965:74)
    at performUnitOfWork (http://localhost:3000/_next/static/chunks/node_modules_next_dist_compiled_react-dom_096_9a-._.js:9555:97)
    at workLoopSync (http://localhost:3000/_next/static/chunks/node_modules_next_dist_compiled_react-dom_096_9a-._.js:9449:40)
    at renderRootSync (http://localhost:3000/_next/static/chunks/node_modules_next_dist_compiled_react-dom_096_9a-._.js:9433:13)
    at performWorkOnRoot (http://localhost:3000/_next/static/chunks/node_modules_next_dist_compiled_react-dom_096_9a-._.js:9098:47)
    at performWorkOnRootViaSchedulerTask (http://localhost:3000/_next/static/chunks/node_modules_next_dist_compiled_react-dom_096_9a-._.js:10255:9)
    at MessagePort.performWorkUntilDeadline (http://localhost:3000/_next/static/chunks/node_modules_next_dist_compiled_1amofcm._.js:2647:64)
[ 1919070ms] [LOG] [Fast Refresh] rebuilding @ http://localhost:3000/_next/static/chunks/node_modules_next_dist_1ybzpk2._.js:2477
[ 1919136ms] [LOG] [Fast Refresh] done in 135ms @ http://localhost:3000/_next/static/chunks/node_modules_next_dist_1ybzpk2._.js:2477
[ 1919240ms] [LOG] [Fast Refresh] rebuilding @ http://localhost:3000/_next/static/chunks/node_modules_next_dist_1ybzpk2._.js:2477
[ 1920231ms] [LOG] [Fast Refresh] done in 1093ms @ http://localhost:3000/_next/static/chunks/node_modules_next_dist_1ybzpk2._.js:2477
[ 1921349ms] [INFO] %cDownload the React DevTools for a better development experience: https://react.dev/link/react-devtools font-weight:bold @ http://localhost:3000/_next/static/chunks/node_modules_next_dist_1ybzpk2._.js:2477
[ 1921458ms] [LOG] [HMR] connected @ http://localhost:3000/_next/static/chunks/node_modules_next_dist_1ybzpk2._.js:2477
[ 1971555ms] [LOG] [Fast Refresh] rebuilding @ http://localhost:3000/_next/static/chunks/node_modules_next_dist_1ybzpk2._.js:2477
[ 1971689ms] [LOG] [Fast Refresh] done in 244ms @ http://localhost:3000/_next/static/chunks/node_modules_next_dist_1ybzpk2._.js:2477
[ 1971770ms] [INFO] %cDownload the React DevTools for a better development experience: https://react.dev/link/react-devtools font-weight:bold @ http://localhost:3000/_next/static/chunks/node_modules_next_dist_1ybzpk2._.js:2477
[ 1971796ms] [LOG] [HMR] connected @ http://localhost:3000/_next/static/chunks/node_modules_next_dist_1ybzpk2._.js:2477
[ 1972830ms] [LOG] [Fast Refresh] rebuilding @ http://localhost:3000/_next/static/chunks/node_modules_next_dist_1ybzpk2._.js:2477
[ 1972876ms] [LOG] [Fast Refresh] done in 149ms @ http://localhost:3000/_next/static/chunks/node_modules_next_dist_1ybzpk2._.js:2477
[ 1973010ms] [INFO] %cDownload the React DevTools for a better development experience: https://react.dev/link/react-devtools font-weight:bold @ http://localhost:3000/_next/static/chunks/node_modules_next_dist_1ybzpk2._.js:2477
[ 1973066ms] [LOG] [HMR] connected @ http://localhost:3000/_next/static/chunks/node_modules_next_dist_1ybzpk2._.js:2477
[ 1973150ms] [WARNING] Image with src "/assets/images/productdetails/7619c2f80e29ffb555d5039986c861eda904c083.jpg" was detected as the Largest Contentful Paint (LCP). Please add the `loading="eager"` property if this image is above the fold.
Read more: https://nextjs.org/docs/app/api-reference/components/image#loading @ http://localhost:3000/_next/static/chunks/node_modules_next_dist_1ybzpk2._.js:2477
[ 2053651ms] [INFO] %cDownload the React DevTools for a better development experience: https://react.dev/link/react-devtools font-weight:bold @ http://localhost:3000/_next/static/chunks/node_modules_next_dist_1ybzpk2._.js:2477
[ 2053679ms] [LOG] [HMR] connected @ http://localhost:3000/_next/static/chunks/node_modules_next_dist_1ybzpk2._.js:2477
[ 2054229ms] [WARNING] Image with src "/assets/images/productdetails/7619c2f80e29ffb555d5039986c861eda904c083.jpg" was detected as the Largest Contentful Paint (LCP). Please add the `loading="eager"` property if this image is above the fold.
Read more: https://nextjs.org/docs/app/api-reference/components/image#loading @ http://localhost:3000/_next/static/chunks/node_modules_next_dist_1ybzpk2._.js:2477
[ 2054390ms] [INFO] %cDownload the React DevTools for a better development experience: https://react.dev/link/react-devtools font-weight:bold @ http://localhost:3000/_next/static/chunks/node_modules_next_dist_1ybzpk2._.js:2477
[ 2054406ms] [LOG] [HMR] connected @ http://localhost:3000/_next/static/chunks/node_modules_next_dist_1ybzpk2._.js:2477
[ 2055050ms] [WARNING] Image with src "/assets/images/productdetails/37ccc0ff0532db9833cd58daad53dd68572fd4f9.png" was detected as the Largest Contentful Paint (LCP). Please add the `loading="eager"` property if this image is above the fold.
Read more: https://nextjs.org/docs/app/api-reference/components/image#loading @ http://localhost:3000/_next/static/chunks/node_modules_next_dist_1ybzpk2._.js:2477
[ 2055206ms] [LOG] [Fast Refresh] rebuilding @ http://localhost:3000/_next/static/chunks/node_modules_next_dist_1ybzpk2._.js:2477
[ 2055224ms] [LOG] [Fast Refresh] done in 120ms @ http://localhost:3000/_next/static/chunks/node_modules_next_dist_1ybzpk2._.js:2477
[ 2055279ms] [INFO] %cDownload the React DevTools for a better development experience: https://react.dev/link/react-devtools font-weight:bold @ http://localhost:3000/_next/static/chunks/node_modules_next_dist_1ybzpk2._.js:2477
[ 2055304ms] [LOG] [HMR] connected @ http://localhost:3000/_next/static/chunks/node_modules_next_dist_1ybzpk2._.js:2477
[ 2123990ms] [LOG] [Fast Refresh] rebuilding @ http://localhost:3000/_next/static/chunks/node_modules_next_dist_1ybzpk2._.js:2477
[ 2124402ms] [LOG] [Fast Refresh] done in 519ms @ http://localhost:3000/_next/static/chunks/node_modules_next_dist_1ybzpk2._.js:2477
[ 2124478ms] [INFO] %cDownload the React DevTools for a better development experience: https://react.dev/link/react-devtools font-weight:bold @ http://localhost:3000/_next/static/chunks/node_modules_next_dist_1ybzpk2._.js:2477
[ 2124512ms] [LOG] [HMR] connected @ http://localhost:3000/_next/static/chunks/node_modules_next_dist_1ybzpk2._.js:2477
[ 2124579ms] [WARNING] Image with src "/assets/images/home/hero.jpg" was detected as the Largest Contentful Paint (LCP). Please add the `loading="eager"` property if this image is above the fold.
Read more: https://nextjs.org/docs/app/api-reference/components/image#loading @ http://localhost:3000/_next/static/chunks/node_modules_next_dist_1ybzpk2._.js:2477
[ 2124616ms] [WARNING] Image with src "/assets/images/home/hero.jpg" has "fill" and parent element with invalid "position". Provided "static" should be one of absolute,fixed,relative. @ http://localhost:3000/_next/static/chunks/node_modules_next_dist_1ybzpk2._.js:2477
[ 2124738ms] [INFO] %cDownload the React DevTools for a better development experience: https://react.dev/link/react-devtools font-weight:bold @ http://localhost:3000/_next/static/chunks/node_modules_next_dist_1ybzpk2._.js:2477
[ 2124759ms] [LOG] [HMR] connected @ http://localhost:3000/_next/static/chunks/node_modules_next_dist_1ybzpk2._.js:2477
[ 2124807ms] [WARNING] Image with src "/assets/images/home/hero.jpg" was detected as the Largest Contentful Paint (LCP). Please add the `loading="eager"` property if this image is above the fold.
Read more: https://nextjs.org/docs/app/api-reference/components/image#loading @ http://localhost:3000/_next/static/chunks/node_modules_next_dist_1ybzpk2._.js:2477
[ 2124845ms] [WARNING] Image with src "/assets/images/home/hero.jpg" has "fill" and parent element with invalid "position". Provided "static" should be one of absolute,fixed,relative. @ http://localhost:3000/_next/static/chunks/node_modules_next_dist_1ybzpk2._.js:2477
[ 2125264ms] [INFO] %cDownload the React DevTools for a better development experience: https://react.dev/link/react-devtools font-weight:bold @ http://localhost:3000/_next/static/chunks/node_modules_next_dist_1ybzpk2._.js:2477
[ 2125287ms] [LOG] [HMR] connected @ http://localhost:3000/_next/static/chunks/node_modules_next_dist_1ybzpk2._.js:2477
[ 2126251ms] [INFO] %cDownload the React DevTools for a better development experience: https://react.dev/link/react-devtools font-weight:bold @ http://localhost:3000/_next/static/chunks/node_modules_next_dist_1ybzpk2._.js:2477
[ 2126264ms] [LOG] [HMR] connected @ http://localhost:3000/_next/static/chunks/node_modules_next_dist_1ybzpk2._.js:2477
[ 2127166ms] [INFO] %cDownload the React DevTools for a better development experience: https://react.dev/link/react-devtools font-weight:bold @ http://localhost:3000/_next/static/chunks/node_modules_next_dist_1ybzpk2._.js:2477
[ 2127187ms] [LOG] [HMR] connected @ http://localhost:3000/_next/static/chunks/node_modules_next_dist_1ybzpk2._.js:2477
[ 2127793ms] [INFO] %cDownload the React DevTools for a better development experience: https://react.dev/link/react-devtools font-weight:bold @ http://localhost:3000/_next/static/chunks/node_modules_next_dist_1ybzpk2._.js:2477
[ 2127815ms] [LOG] [HMR] connected @ http://localhost:3000/_next/static/chunks/node_modules_next_dist_1ybzpk2._.js:2477
[ 2128703ms] [INFO] %cDownload the React DevTools for a better development experience: https://react.dev/link/react-devtools font-weight:bold @ http://localhost:3000/_next/static/chunks/node_modules_next_dist_1ybzpk2._.js:2477
[ 2128723ms] [LOG] [HMR] connected @ http://localhost:3000/_next/static/chunks/node_modules_next_dist_1ybzpk2._.js:2477
[ 2128777ms] [WARNING] Image with src "/assets/images/home/hero.jpg" was detected as the Largest Contentful Paint (LCP). Please add the `loading="eager"` property if this image is above the fold.
Read more: https://nextjs.org/docs/app/api-reference/components/image#loading @ http://localhost:3000/_next/static/chunks/node_modules_next_dist_1ybzpk2._.js:2477
[ 2128816ms] [WARNING] Image with src "/assets/images/home/hero.jpg" has "fill" and parent element with invalid "position". Provided "static" should be one of absolute,fixed,relative. @ http://localhost:3000/_next/static/chunks/node_modules_next_dist_1ybzpk2._.js:2477
[ 2128886ms] [INFO] %cDownload the React DevTools for a better development experience: https://react.dev/link/react-devtools font-weight:bold @ http://localhost:3000/_next/static/chunks/node_modules_next_dist_1ybzpk2._.js:2477
[ 2128904ms] [LOG] [HMR] connected @ http://localhost:3000/_next/static/chunks/node_modules_next_dist_1ybzpk2._.js:2477
[ 2128952ms] [WARNING] Image with src "/assets/images/home/hero.jpg" was detected as the Largest Contentful Paint (LCP). Please add the `loading="eager"` property if this image is above the fold.
Read more: https://nextjs.org/docs/app/api-reference/components/image#loading @ http://localhost:3000/_next/static/chunks/node_modules_next_dist_1ybzpk2._.js:2477
[ 2128995ms] [WARNING] Image with src "/assets/images/home/hero.jpg" has "fill" and parent element with invalid "position". Provided "static" should be one of absolute,fixed,relative. @ http://localhost:3000/_next/static/chunks/node_modules_next_dist_1ybzpk2._.js:2477
[ 2165318ms] [INFO] %cDownload the React DevTools for a better development experience: https://react.dev/link/react-devtools font-weight:bold @ http://localhost:3000/_next/static/chunks/node_modules_next_dist_1ybzpk2._.js:2477
[ 2165406ms] [LOG] [HMR] connected @ http://localhost:3000/_next/static/chunks/node_modules_next_dist_1ybzpk2._.js:2477
[ 2165490ms] [INFO] %cDownload the React DevTools for a better development experience: https://react.dev/link/react-devtools font-weight:bold @ http://localhost:3000/_next/static/chunks/node_modules_next_dist_1ybzpk2._.js:2477
[ 2165523ms] [LOG] [HMR] connected @ http://localhost:3000/_next/static/chunks/node_modules_next_dist_1ybzpk2._.js:2477
[ 2165572ms] [WARNING] Image with src "/assets/images/home/hero.jpg" was detected as the Largest Contentful Paint (LCP). Please add the `loading="eager"` property if this image is above the fold.
Read more: https://nextjs.org/docs/app/api-reference/components/image#loading @ http://localhost:3000/_next/static/chunks/node_modules_next_dist_1ybzpk2._.js:2477
[ 2165611ms] [WARNING] Image with src "/assets/images/home/hero.jpg" has "fill" and parent element with invalid "position". Provided "static" should be one of absolute,fixed,relative. @ http://localhost:3000/_next/static/chunks/node_modules_next_dist_1ybzpk2._.js:2477
[ 2165967ms] [INFO] %cDownload the React DevTools for a better development experience: https://react.dev/link/react-devtools font-weight:bold @ http://localhost:3000/_next/static/chunks/node_modules_next_dist_1ybzpk2._.js:2477
[ 2165992ms] [LOG] [HMR] connected @ http://localhost:3000/_next/static/chunks/node_modules_next_dist_1ybzpk2._.js:2477
[ 2166807ms] [INFO] %cDownload the React DevTools for a better development experience: https://react.dev/link/react-devtools font-weight:bold @ http://localhost:3000/_next/static/chunks/node_modules_next_dist_1ybzpk2._.js:2477
[ 2166825ms] [LOG] [HMR] connected @ http://localhost:3000/_next/static/chunks/node_modules_next_dist_1ybzpk2._.js:2477
[ 2167556ms] [INFO] %cDownload the React DevTools for a better development experience: https://react.dev/link/react-devtools font-weight:bold @ http://localhost:3000/_next/static/chunks/node_modules_next_dist_1ybzpk2._.js:2477
[ 2167576ms] [LOG] [HMR] connected @ http://localhost:3000/_next/static/chunks/node_modules_next_dist_1ybzpk2._.js:2477
[ 2168087ms] [INFO] %cDownload the React DevTools for a better development experience: https://react.dev/link/react-devtools font-weight:bold @ http://localhost:3000/_next/static/chunks/node_modules_next_dist_1ybzpk2._.js:2477
[ 2168107ms] [LOG] [HMR] connected @ http://localhost:3000/_next/static/chunks/node_modules_next_dist_1ybzpk2._.js:2477
[ 2168161ms] [WARNING] Image with src "/assets/images/productdetails/7619c2f80e29ffb555d5039986c861eda904c083.jpg" was detected as the Largest Contentful Paint (LCP). Please add the `loading="eager"` property if this image is above the fold.
Read more: https://nextjs.org/docs/app/api-reference/components/image#loading @ http://localhost:3000/_next/static/chunks/node_modules_next_dist_1ybzpk2._.js:2477
[ 2168623ms] [INFO] %cDownload the React DevTools for a better development experience: https://react.dev/link/react-devtools font-weight:bold @ http://localhost:3000/_next/static/chunks/node_modules_next_dist_1ybzpk2._.js:2477
[ 2168644ms] [LOG] [HMR] connected @ http://localhost:3000/_next/static/chunks/node_modules_next_dist_1ybzpk2._.js:2477
[ 2169106ms] [INFO] %cDownload the React DevTools for a better development experience: https://react.dev/link/react-devtools font-weight:bold @ http://localhost:3000/_next/static/chunks/node_modules_next_dist_1ybzpk2._.js:2477
[ 2169129ms] [LOG] [HMR] connected @ http://localhost:3000/_next/static/chunks/node_modules_next_dist_1ybzpk2._.js:2477
[ 2169182ms] [WARNING] Image with src "/assets/images/productdetails/7619c2f80e29ffb555d5039986c861eda904c083.jpg" was detected as the Largest Contentful Paint (LCP). Please add the `loading="eager"` property if this image is above the fold.
Read more: https://nextjs.org/docs/app/api-reference/components/image#loading @ http://localhost:3000/_next/static/chunks/node_modules_next_dist_1ybzpk2._.js:2477
[ 2199555ms] [INFO] %cDownload the React DevTools for a better development experience: https://react.dev/link/react-devtools font-weight:bold @ http://localhost:3000/_next/static/chunks/node_modules_next_dist_1ybzpk2._.js:2477
[ 2199647ms] [LOG] [HMR] connected @ http://localhost:3000/_next/static/chunks/node_modules_next_dist_1ybzpk2._.js:2477
[ 2199737ms] [INFO] %cDownload the React DevTools for a better development experience: https://react.dev/link/react-devtools font-weight:bold @ http://localhost:3000/_next/static/chunks/node_modules_next_dist_1ybzpk2._.js:2477
[ 2199755ms] [LOG] [HMR] connected @ http://localhost:3000/_next/static/chunks/node_modules_next_dist_1ybzpk2._.js:2477
[ 2199801ms] [WARNING] Image with src "/assets/images/home/hero.jpg" was detected as the Largest Contentful Paint (LCP). Please add the `loading="eager"` property if this image is above the fold.
Read more: https://nextjs.org/docs/app/api-reference/components/image#loading @ http://localhost:3000/_next/static/chunks/node_modules_next_dist_1ybzpk2._.js:2477
[ 2199846ms] [WARNING] Image with src "/assets/images/home/hero.jpg" has "fill" and parent element with invalid "position". Provided "static" should be one of absolute,fixed,relative. @ http://localhost:3000/_next/static/chunks/node_modules_next_dist_1ybzpk2._.js:2477
[ 2209996ms] [INFO] %cDownload the React DevTools for a better development experience: https://react.dev/link/react-devtools font-weight:bold @ http://localhost:3000/_next/static/chunks/node_modules_next_dist_1ybzpk2._.js:2477
[ 2210022ms] [LOG] [HMR] connected @ http://localhost:3000/_next/static/chunks/node_modules_next_dist_1ybzpk2._.js:2477
[ 2210082ms] [WARNING] Image with src "/assets/images/productdetails/7619c2f80e29ffb555d5039986c861eda904c083.jpg" was detected as the Largest Contentful Paint (LCP). Please add the `loading="eager"` property if this image is above the fold.
Read more: https://nextjs.org/docs/app/api-reference/components/image#loading @ http://localhost:3000/_next/static/chunks/node_modules_next_dist_1ybzpk2._.js:2477
[ 2232507ms] [INFO] %cDownload the React DevTools for a better development experience: https://react.dev/link/react-devtools font-weight:bold @ http://localhost:3000/_next/static/chunks/node_modules_next_dist_1ybzpk2._.js:2477
[ 2232529ms] [LOG] [HMR] connected @ http://localhost:3000/_next/static/chunks/node_modules_next_dist_1ybzpk2._.js:2477
[ 2232577ms] [WARNING] Image with src "/assets/images/home/hero.jpg" was detected as the Largest Contentful Paint (LCP). Please add the `loading="eager"` property if this image is above the fold.
Read more: https://nextjs.org/docs/app/api-reference/components/image#loading @ http://localhost:3000/_next/static/chunks/node_modules_next_dist_1ybzpk2._.js:2477
[ 2232625ms] [WARNING] Image with src "/assets/images/home/hero.jpg" has "fill" and parent element with invalid "position". Provided "static" should be one of absolute,fixed,relative. @ http://localhost:3000/_next/static/chunks/node_modules_next_dist_1ybzpk2._.js:2477
[ 2232734ms] [INFO] %cDownload the React DevTools for a better development experience: https://react.dev/link/react-devtools font-weight:bold @ http://localhost:3000/_next/static/chunks/node_modules_next_dist_1ybzpk2._.js:2477
[ 2232749ms] [LOG] [HMR] connected @ http://localhost:3000/_next/static/chunks/node_modules_next_dist_1ybzpk2._.js:2477
[ 2232803ms] [WARNING] Image with src "/assets/images/home/hero.jpg" was detected as the Largest Contentful Paint (LCP). Please add the `loading="eager"` property if this image is above the fold.
Read more: https://nextjs.org/docs/app/api-reference/components/image#loading @ http://localhost:3000/_next/static/chunks/node_modules_next_dist_1ybzpk2._.js:2477
[ 2232843ms] [WARNING] Image with src "/assets/images/home/hero.jpg" has "fill" and parent element with invalid "position". Provided "static" should be one of absolute,fixed,relative. @ http://localhost:3000/_next/static/chunks/node_modules_next_dist_1ybzpk2._.js:2477
[ 2232901ms] [INFO] %cDownload the React DevTools for a better development experience: https://react.dev/link/react-devtools font-weight:bold @ http://localhost:3000/_next/static/chunks/node_modules_next_dist_1ybzpk2._.js:2477
[ 2232920ms] [LOG] [HMR] connected @ http://localhost:3000/_next/static/chunks/node_modules_next_dist_1ybzpk2._.js:2477
[ 2232971ms] [WARNING] Image with src "/assets/images/productdetails/7619c2f80e29ffb555d5039986c861eda904c083.jpg" was detected as the Largest Contentful Paint (LCP). Please add the `loading="eager"` property if this image is above the fold.
Read more: https://nextjs.org/docs/app/api-reference/components/image#loading @ http://localhost:3000/_next/static/chunks/node_modules_next_dist_1ybzpk2._.js:2477
[ 2233403ms] [INFO] %cDownload the React DevTools for a better development experience: https://react.dev/link/react-devtools font-weight:bold @ http://localhost:3000/_next/static/chunks/node_modules_next_dist_1ybzpk2._.js:2477
[ 2233421ms] [LOG] [HMR] connected @ http://localhost:3000/_next/static/chunks/node_modules_next_dist_1ybzpk2._.js:2477
[ 2234028ms] [INFO] %cDownload the React DevTools for a better development experience: https://react.dev/link/react-devtools font-weight:bold @ http://localhost:3000/_next/static/chunks/node_modules_next_dist_1ybzpk2._.js:2477
[ 2234039ms] [LOG] [HMR] connected @ http://localhost:3000/_next/static/chunks/node_modules_next_dist_1ybzpk2._.js:2477
[ 2234517ms] [INFO] %cDownload the React DevTools for a better development experience: https://react.dev/link/react-devtools font-weight:bold @ http://localhost:3000/_next/static/chunks/node_modules_next_dist_1ybzpk2._.js:2477
[ 2234533ms] [LOG] [HMR] connected @ http://localhost:3000/_next/static/chunks/node_modules_next_dist_1ybzpk2._.js:2477
[ 2234582ms] [WARNING] Image with src "/assets/images/productdetails/7619c2f80e29ffb555d5039986c861eda904c083.jpg" was detected as the Largest Contentful Paint (LCP). Please add the `loading="eager"` property if this image is above the fold.
Read more: https://nextjs.org/docs/app/api-reference/components/image#loading @ http://localhost:3000/_next/static/chunks/node_modules_next_dist_1ybzpk2._.js:2477
[ 2235015ms] [INFO] %cDownload the React DevTools for a better development experience: https://react.dev/link/react-devtools font-weight:bold @ http://localhost:3000/_next/static/chunks/node_modules_next_dist_1ybzpk2._.js:2477
[ 2235033ms] [LOG] [HMR] connected @ http://localhost:3000/_next/static/chunks/node_modules_next_dist_1ybzpk2._.js:2477
[ 2235499ms] [INFO] %cDownload the React DevTools for a better development experience: https://react.dev/link/react-devtools font-weight:bold @ http://localhost:3000/_next/static/chunks/node_modules_next_dist_1ybzpk2._.js:2477
[ 2235517ms] [LOG] [HMR] connected @ http://localhost:3000/_next/static/chunks/node_modules_next_dist_1ybzpk2._.js:2477
[ 2235562ms] [WARNING] Image with src "/assets/images/home/hero.jpg" was detected as the Largest Contentful Paint (LCP). Please add the `loading="eager"` property if this image is above the fold.
Read more: https://nextjs.org/docs/app/api-reference/components/image#loading @ http://localhost:3000/_next/static/chunks/node_modules_next_dist_1ybzpk2._.js:2477
[ 2235600ms] [WARNING] Image with src "/assets/images/home/hero.jpg" has "fill" and parent element with invalid "position". Provided "static" should be one of absolute,fixed,relative. @ http://localhost:3000/_next/static/chunks/node_modules_next_dist_1ybzpk2._.js:2477
[ 2235687ms] [INFO] %cDownload the React DevTools for a better development experience: https://react.dev/link/react-devtools font-weight:bold @ http://localhost:3000/_next/static/chunks/node_modules_next_dist_1ybzpk2._.js:2477
[ 2235708ms] [LOG] [HMR] connected @ http://localhost:3000/_next/static/chunks/node_modules_next_dist_1ybzpk2._.js:2477
[ 2235774ms] [WARNING] Image with src "/assets/images/home/hero.jpg" was detected as the Largest Contentful Paint (LCP). Please add the `loading="eager"` property if this image is above the fold.
Read more: https://nextjs.org/docs/app/api-reference/components/image#loading @ http://localhost:3000/_next/static/chunks/node_modules_next_dist_1ybzpk2._.js:2477
[ 2235820ms] [WARNING] Image with src "/assets/images/home/hero.jpg" has "fill" and parent element with invalid "position". Provided "static" should be one of absolute,fixed,relative. @ http://localhost:3000/_next/static/chunks/node_modules_next_dist_1ybzpk2._.js:2477
[ 2257725ms] [INFO] %cDownload the React DevTools for a better development experience: https://react.dev/link/react-devtools font-weight:bold @ http://localhost:3000/_next/static/chunks/node_modules_next_dist_1ybzpk2._.js:2477
[ 2257748ms] [LOG] [HMR] connected @ http://localhost:3000/_next/static/chunks/node_modules_next_dist_1ybzpk2._.js:2477
[ 2257801ms] [WARNING] Image with src "/assets/images/home/hero.jpg" was detected as the Largest Contentful Paint (LCP). Please add the `loading="eager"` property if this image is above the fold.
Read more: https://nextjs.org/docs/app/api-reference/components/image#loading @ http://localhost:3000/_next/static/chunks/node_modules_next_dist_1ybzpk2._.js:2477
[ 2257844ms] [WARNING] Image with src "/assets/images/home/hero.jpg" has "fill" and parent element with invalid "position". Provided "static" should be one of absolute,fixed,relative. @ http://localhost:3000/_next/static/chunks/node_modules_next_dist_1ybzpk2._.js:2477
[ 2257983ms] [INFO] %cDownload the React DevTools for a better development experience: https://react.dev/link/react-devtools font-weight:bold @ http://localhost:3000/_next/static/chunks/node_modules_next_dist_1ybzpk2._.js:2477
[ 2258016ms] [LOG] [HMR] connected @ http://localhost:3000/_next/static/chunks/node_modules_next_dist_1ybzpk2._.js:2477
[ 2258066ms] [WARNING] Image with src "/assets/images/home/hero.jpg" was detected as the Largest Contentful Paint (LCP). Please add the `loading="eager"` property if this image is above the fold.
Read more: https://nextjs.org/docs/app/api-reference/components/image#loading @ http://localhost:3000/_next/static/chunks/node_modules_next_dist_1ybzpk2._.js:2477
[ 2258106ms] [WARNING] Image with src "/assets/images/home/hero.jpg" has "fill" and parent element with invalid "position". Provided "static" should be one of absolute,fixed,relative. @ http://localhost:3000/_next/static/chunks/node_modules_next_dist_1ybzpk2._.js:2477
[ 2258186ms] [INFO] %cDownload the React DevTools for a better development experience: https://react.dev/link/react-devtools font-weight:bold @ http://localhost:3000/_next/static/chunks/node_modules_next_dist_1ybzpk2._.js:2477
[ 2258208ms] [LOG] [HMR] connected @ http://localhost:3000/_next/static/chunks/node_modules_next_dist_1ybzpk2._.js:2477
[ 2258248ms] [WARNING] Image with src "/assets/images/productdetails/7619c2f80e29ffb555d5039986c861eda904c083.jpg" was detected as the Largest Contentful Paint (LCP). Please add the `loading="eager"` property if this image is above the fold.
Read more: https://nextjs.org/docs/app/api-reference/components/image#loading @ http://localhost:3000/_next/static/chunks/node_modules_next_dist_1ybzpk2._.js:2477
[ 2288724ms] [INFO] %cDownload the React DevTools for a better development experience: https://react.dev/link/react-devtools font-weight:bold @ http://localhost:3000/_next/static/chunks/node_modules_next_dist_1ybzpk2._.js:2477
[ 2288759ms] [LOG] [HMR] connected @ http://localhost:3000/_next/static/chunks/node_modules_next_dist_1ybzpk2._.js:2477
[ 2288818ms] [WARNING] Image with src "/assets/images/home/hero.jpg" was detected as the Largest Contentful Paint (LCP). Please add the `loading="eager"` property if this image is above the fold.
Read more: https://nextjs.org/docs/app/api-reference/components/image#loading @ http://localhost:3000/_next/static/chunks/node_modules_next_dist_1ybzpk2._.js:2477
[ 2288861ms] [WARNING] Image with src "/assets/images/home/hero.jpg" has "fill" and parent element with invalid "position". Provided "static" should be one of absolute,fixed,relative. @ http://localhost:3000/_next/static/chunks/node_modules_next_dist_1ybzpk2._.js:2477
[ 2288980ms] [INFO] %cDownload the React DevTools for a better development experience: https://react.dev/link/react-devtools font-weight:bold @ http://localhost:3000/_next/static/chunks/node_modules_next_dist_1ybzpk2._.js:2477
[ 2289000ms] [LOG] [HMR] connected @ http://localhost:3000/_next/static/chunks/node_modules_next_dist_1ybzpk2._.js:2477
[ 2289050ms] [WARNING] Image with src "/assets/images/home/hero.jpg" was detected as the Largest Contentful Paint (LCP). Please add the `loading="eager"` property if this image is above the fold.
Read more: https://nextjs.org/docs/app/api-reference/components/image#loading @ http://localhost:3000/_next/static/chunks/node_modules_next_dist_1ybzpk2._.js:2477
[ 2289091ms] [WARNING] Image with src "/assets/images/home/hero.jpg" has "fill" and parent element with invalid "position". Provided "static" should be one of absolute,fixed,relative. @ http://localhost:3000/_next/static/chunks/node_modules_next_dist_1ybzpk2._.js:2477
[ 2353986ms] [LOG] [Fast Refresh] rebuilding @ http://localhost:3000/_next/static/chunks/node_modules_next_dist_1ybzpk2._.js:2477
[ 2353987ms] [LOG] [Fast Refresh] done in 102ms @ http://localhost:3000/_next/static/chunks/node_modules_next_dist_1ybzpk2._.js:2477
